endpoint,module_label,model,n_module_genes_used,n_disjoint_proliferation_genes_used,disjoint_proliferation_pc1_explained_variance,module_original_proliferation_correlation,module_disjoint_proliferation_correlation,residual_disjoint_post_correlation,residual_disjoint_sd_before_standardization,n,events,coef,hr,p,se,c_index,error,q,module_transfer_qc_tier,transfer_priority_score,fraction_strict_symbol_concordant,fraction_broad_transferable,strict_human_symbols
DFI,M11,module_only,8,251,0.6484792338948262,0.10123328410559211,0.10123328410559211,3.0006027692571794e-17,0.9948627152472831,186,143,0.33438776327833714,1.397084776728134,1.680461601153752e-05,0.07769957422221506,0.6192987668994205,,2.9625078940792195e-05,high_primary_transfer_readiness,10.0,0.875,1.0,ADAMTS4;ANGPT2;MCAM;DRD1;STC1;ADAMTS1;IGFBP3
DFI,M11,module_plus_original_proliferation,8,251,0.6484792338948262,0.10123328410559211,0.10123328410559211,3.0006027692571794e-17,0.9948627152472831,186,143,0.3298606290302044,1.3907742813954023,5.317860197526649e-05,0.0816244454411983,0.6427722478086466,,0.0003456609128392322,high_primary_transfer_readiness,10.0,0.875,1.0,ADAMTS4;ANGPT2;MCAM;DRD1;STC1;ADAMTS1;IGFBP3
DFI,M11,module_plus_disjoint_proliferation,8,251,0.6484792338948262,0.10123328410559211,0.10123328410559211,3.0006027692571794e-17,0.9948627152472831,186,143,0.3298606290302044,1.3907742813954023,5.317860197526649e-05,0.0816244454411983,0.6427722478086466,,0.0003456609128392322,high_primary_transfer_readiness,10.0,0.875,1.0,ADAMTS4;ANGPT2;MCAM;DRD1;STC1;ADAMTS1;IGFBP3
DFI,M11,residual_to_disjoint_proliferation,8,251,0.6484792338948262,0.10123328410559211,0.10123328410559211,3.0006027692571794e-17,0.9948627152472831,186,143,0.30818954802702536,1.3609589315704609,6.341907242088772e-05,0.0770528958620013,0.6103847868073095,,0.00027806286803307487,high_primary_transfer_readiness,10.0,0.875,1.0,ADAMTS4;ANGPT2;MCAM;DRD1;STC1;ADAMTS1;IGFBP3
DFI,M11,residual_to_disjoint_proliferation_and_weight,8,251,0.6484792338948262,0.10123328410559211,0.10123328410559211,3.0006027692571794e-17,0.9948627152472831,185,142,0.2730582378805597,1.3139767658184534,0.0003023433851540816,0.07557065754197938,0.5981343564281953,,0.0013101546690010202,high_primary_transfer_readiness,10.0,0.875,1.0,ADAMTS4;ANGPT2;MCAM;DRD1;STC1;ADAMTS1;IGFBP3
OS,M11,module_only,8,251,0.6484792338948262,0.10123328410559211,0.10123328410559211,3.0006027692571794e-17,0.9948627152472831,186,124,0.2251368741891306,1.2524941385795554,0.007405928761241284,0.08406847637006143,0.5759174862077237,,0.008023089491344724,high_primary_transfer_readiness,10.0,0.875,1.0,ADAMTS4;ANGPT2;MCAM;DRD1;STC1;ADAMTS1;IGFBP3
OS,M11,module_plus_original_proliferation,8,251,0.6484792338948262,0.10123328410559211,0.10123328410559211,3.0006027692571794e-17,0.9948627152472831,186,124,0.2103397392111943,1.23409725997301,0.016578612857473907,0.08779072502723213,0.6058207403853841,,0.019592906104287346,high_primary_transfer_readiness,10.0,0.875,1.0,ADAMTS4;ANGPT2;MCAM;DRD1;STC1;ADAMTS1;IGFBP3
OS,M11,module_plus_disjoint_proliferation,8,251,0.6484792338948262,0.10123328410559211,0.10123328410559211,3.0006027692571794e-17,0.9948627152472831,186,124,0.2103397392111943,1.23409725997301,0.016578612857473907,0.08779072502723213,0.6058207403853841,,0.019592906104287346,high_primary_transfer_readiness,10.0,0.875,1.0,ADAMTS4;ANGPT2;MCAM;DRD1;STC1;ADAMTS1;IGFBP3
OS,M11,residual_to_disjoint_proliferation,8,251,0.6484792338948262,0.10123328410559211,0.10123328410559211,3.0006027692571794e-17,0.9948627152472831,186,124,0.2044762983921599,1.226882376416194,0.01451478668259422,0.08365555798103429,0.5689613816262893,,0.01715383880670226,high_primary_transfer_readiness,10.0,0.875,1.0,ADAMTS4;ANGPT2;MCAM;DRD1;STC1;ADAMTS1;IGFBP3
OS,M11,residual_to_disjoint_proliferation_and_weight,8,251,0.6484792338948262,0.10123328410559211,0.10123328410559211,3.0006027692571794e-17,0.9948627152472831,185,123,0.18713907396397989,1.2057949680754403,0.024355564050584647,0.0831184887240553,0.5593742400907838,,0.02878384842341822,high_primary_transfer_readiness,10.0,0.875,1.0,ADAMTS4;ANGPT2;MCAM;DRD1;STC1;ADAMTS1;IGFBP3
DFI,M17,module_only,5,251,0.6484792338948262,0.25964049457441846,0.25964049457441857,5.761157316973783e-17,0.965705345111619,186,143,0.3188339611713012,1.3755229157303919,0.00015469585881257308,0.08427164264609763,0.5990194621898678,,0.0001675871803802875,medium_sensitivity_transfer_readiness,5.0,0.4,0.6,P4HA1;CIRBP
DFI,M17,module_plus_original_proliferation,5,251,0.6484792338948262,0.25964049457441846,0.25964049457441857,5.761157316973783e-17,0.965705345111619,186,143,0.2518642502995533,1.2864213941123306,0.0038327683632092004,0.08710182079852233,0.6360867627395632,,0.004529635338338145,medium_sensitivity_transfer_readiness,5.0,0.4,0.6,P4HA1;CIRBP
DFI,M17,module_plus_disjoint_proliferation,5,251,0.6484792338948262,0.25964049457441846,0.25964049457441857,5.761157316973783e-17,0.965705345111619,186,143,0.2518642502995533,1.2864213941123306,0.0038327683632092004,0.08710182079852233,0.6360867627395632,,0.004529635338338145,medium_sensitivity_transfer_readiness,5.0,0.4,0.6,P4HA1;CIRBP
DFI,M17,residual_to_disjoint_proliferation,5,251,0.6484792338948262,0.25964049457441846,0.25964049457441857,5.761157316973783e-17,0.965705345111619,186,143,0.2436463502244792,1.2758930314091026,0.004956926491252362,0.08671245085356606,0.5754716981132075,,0.00644400443862807,medium_sensitivity_transfer_readiness,5.0,0.4,0.6,P4HA1;CIRBP
DFI,M17,residual_to_disjoint_proliferation_and_weight,5,251,0.6484792338948262,0.25964049457441846,0.25964049457441857,5.761157316973783e-17,0.965705345111619,185,142,0.2476908937292932,1.2810638861066383,0.004450916055761486,0.08708326118563987,0.5772963213721508,,0.008265986960699903,medium_sensitivity_transfer_readiness,5.0,0.4,0.6,P4HA1;CIRBP
OS,M17,module_only,5,251,0.6484792338948262,0.25964049457441846,0.25964049457441857,5.761157316973783e-17,0.965705345111619,186,124,0.3527516491489177,1.4229777018233372,9.636421703937366e-05,0.09045914609484576,0.6148556808187415,,0.0003380676664643606,medium_sensitivity_transfer_readiness,5.0,0.4,0.6,P4HA1;CIRBP
OS,M17,module_plus_original_proliferation,5,251,0.6484792338948262,0.25964049457441846,0.25964049457441857,5.761157316973783e-17,0.965705345111619,186,124,0.31162831601261165,1.365647009560538,0.0007175681824741878,0.09212203368194812,0.6375629647397457,,0.003193874411878869,medium_sensitivity_transfer_readiness,5.0,0.4,0.6,P4HA1;CIRBP
OS,M17,module_plus_disjoint_proliferation,5,251,0.6484792338948262,0.25964049457441846,0.25964049457441857,5.761157316973783e-17,0.965705345111619,186,124,0.31162831601261165,1.365647009560538,0.0007175681824741878,0.09212203368194812,0.6375629647397457,,0.002395405808909159,medium_sensitivity_transfer_readiness,5.0,0.4,0.6,P4HA1;CIRBP
OS,M17,residual_to_disjoint_proliferation,5,251,0.6484792338948262,0.25964049457441846,0.25964049457441857,5.761157316973783e-17,0.965705345111619,186,124,0.28939432886213434,1.3356182975445212,0.0016718141122456507,0.0920735499807639,0.5971056208523227,,0.003636219947815298,medium_sensitivity_transfer_readiness,5.0,0.4,0.6,P4HA1;CIRBP
OS,M17,residual_to_disjoint_proliferation_and_weight,5,251,0.6484792338948262,0.25964049457441846,0.25964049457441857,5.761157316973783e-17,0.965705345111619,185,123,0.2951628000594198,1.343345037537261,0.001416788613021222,0.0924924756384691,0.5995785036880927,,0.005267764581092692,medium_sensitivity_transfer_readiness,5.0,0.4,0.6,P4HA1;CIRBP
DFI,M20,module_only,4,251,0.6484792338948262,0.10173516110581456,0.10173516110581457,1.920385772324595e-17,0.9948115183263481,186,143,0.1896527608998003,1.2088297718092373,0.008979437007616489,0.07258502193082328,0.5716832565740603,,0.008979437007616489,high_sensitivity_transfer_readiness,1.0,0.5,0.75,VGLL2;RRAD
DFI,M20,module_plus_original_proliferation,4,251,0.6484792338948262,0.10173516110581456,0.10173516110581457,1.920385772324595e-17,0.9948115183263481,186,143,0.207595649688751,1.2307154287581503,0.011017126943428953,0.08166128365829645,0.6152874758579706,,0.011935220855381366,high_sensitivity_transfer_readiness,1.0,0.5,0.75,VGLL2;RRAD
DFI,M20,module_plus_disjoint_proliferation,4,251,0.6484792338948262,0.10173516110581456,0.10173516110581457,1.920385772324595e-17,0.9948115183263481,186,143,0.20759564968875102,1.2307154287581503,0.01101712694342897,0.08166128365829643,0.6152874758579706,,0.011935220855381385,high_sensitivity_transfer_readiness,1.0,0.5,0.75,VGLL2;RRAD
DFI,M20,residual_to_disjoint_proliferation,4,251,0.6484792338948262,0.10173516110581456,0.10173516110581457,1.920385772324595e-17,0.9948115183263481,186,143,0.16204736197376968,1.175915933701746,0.02666777579807156,0.07311463110109477,0.5616550289704353,,0.02666777579807156,high_sensitivity_transfer_readiness,1.0,0.5,0.75,VGLL2;RRAD
DFI,M20,residual_to_disjoint_proliferation_and_weight,4,251,0.6484792338948262,0.10173516110581456,0.10173516110581457,1.920385772324595e-17,0.9948115183263481,185,142,0.13627876264402294,1.146001311427541,0.06767462101788602,0.07458472123723908,0.5476566614007372,,0.06767462101788602,high_sensitivity_transfer_readiness,1.0,0.5,0.75,VGLL2;RRAD
OS,M20,module_only,4,251,0.6484792338948262,0.10173516110581456,0.10173516110581457,1.920385772324595e-17,0.9948115183263481,186,124,0.2542756093764319,1.2895271610724763,0.0005306528455320826,0.07338853908250723,0.5976653074278404,,0.0006898486991917073,high_sensitivity_transfer_readiness,1.0,0.5,0.75,VGLL2;RRAD
OS,M20,module_plus_original_proliferation,4,251,0.6484792338948262,0.10173516110581456,0.10173516110581457,1.920385772324595e-17,0.9948115183263481,186,124,0.2816195787181134,1.325274461468054,0.000483560436257973,0.08070019242247324,0.6202926361237707,,0.003193874411878869,high_sensitivity_transfer_readiness,1.0,0.5,0.75,VGLL2;RRAD
OS,M20,module_plus_disjoint_proliferation,4,251,0.6484792338948262,0.10173516110581456,0.10173516110581457,1.920385772324595e-17,0.9948115183263481,186,124,0.2816195787181134,1.325274461468054,0.0004835604362579734,0.08070019242247325,0.6202926361237707,,0.002395405808909159,high_sensitivity_transfer_readiness,1.0,0.5,0.75,VGLL2;RRAD
OS,M20,residual_to_disjoint_proliferation,4,251,0.6484792338948262,0.10173516110581456,0.10173516110581457,1.920385772324595e-17,0.9948115183263481,186,124,0.23076870880693182,1.2595678787985163,0.0015757800368117433,0.07301991142116743,0.5903094267210363,,0.003636219947815298,high_sensitivity_transfer_readiness,1.0,0.5,0.75,VGLL2;RRAD
OS,M20,residual_to_disjoint_proliferation_and_weight,4,251,0.6484792338948262,0.10173516110581456,0.10173516110581457,1.920385772324595e-17,0.9948115183263481,185,123,0.21565496083206817,1.240674223937884,0.0030573684340707394,0.0728094166521883,0.5860419875172246,,0.006624298273819935,high_sensitivity_transfer_readiness,1.0,0.5,0.75,VGLL2;RRAD
DFI,M23,module_only,4,251,0.6484792338948262,0.4032636461012663,0.4032636461012663,2.1484315827881405e-16,0.9150838386361725,186,143,0.29025658181680725,1.33677043501348,0.00013078296934607292,0.0758844804086732,0.6206358639132372,,0.0001545616910453589,low_transfer_readiness,2.0,0.5,0.5,RBM44;SYCE2
DFI,M23,module_plus_original_proliferation,4,251,0.6484792338948262,0.4032636461012663,0.4032636461012663,2.1484315827881405e-16,0.9150838386361725,186,143,0.1943845483242971,1.2145632514275964,0.021018673903046726,0.08423488973543974,0.6342296835537067,,0.02101867390304673,low_transfer_readiness,2.0,0.5,0.5,RBM44;SYCE2
DFI,M23,module_plus_disjoint_proliferation,4,251,0.6484792338948262,0.4032636461012663,0.4032636461012663,2.1484315827881405e-16,0.9150838386361725,186,143,0.19438454832429714,1.2145632514275964,0.02101867390304666,0.08423488973543973,0.6342296835537067,,0.02101867390304666,low_transfer_readiness,2.0,0.5,0.5,RBM44;SYCE2
DFI,M23,residual_to_disjoint_proliferation,4,251,0.6484792338948262,0.4032636461012663,0.4032636461012663,2.1484315827881405e-16,0.9150838386361725,186,143,0.21645729845337566,1.2416700629896817,0.010031685883649989,0.08406973247905494,0.5826771653543307,,0.010867659707287487,low_transfer_readiness,2.0,0.5,0.5,RBM44;SYCE2
DFI,M23,residual_to_disjoint_proliferation_and_weight,4,251,0.6484792338948262,0.4032636461012663,0.4032636461012663,2.1484315827881405e-16,0.9150838386361725,185,142,0.17353691278734104,1.1895045938893518,0.0371784017253295,0.08327908048185506,0.5700744752877455,,0.040276601869106955,low_transfer_readiness,2.0,0.5,0.5,RBM44;SYCE2
OS,M23,module_only,4,251,0.6484792338948262,0.4032636461012663,0.4032636461012663,2.1484315827881405e-16,0.9150838386361725,186,124,0.19677006288594082,1.2174640683447777,0.014958949241653216,0.08086314524778075,0.5807947549372352,,0.014958949241653216,low_transfer_readiness,2.0,0.5,0.5,RBM44;SYCE2
OS,M23,module_plus_original_proliferation,4,251,0.6484792338948262,0.4032636461012663,0.4032636461012663,2.1484315827881405e-16,0.9150838386361725,186,124,0.12200906779656279,1.1297643462071267,0.1656433206781237,0.08800808536627078,0.6007036059806509,,0.1656433206781237,low_transfer_readiness,2.0,0.5,0.5,RBM44;SYCE2
OS,M23,module_plus_disjoint_proliferation,4,251,0.6484792338948262,0.4032636461012663,0.4032636461012663,2.1484315827881405e-16,0.9150838386361725,186,124,0.12200906779656279,1.1297643462071267,0.1656433206781238,0.08800808536627079,0.6007036059806509,,0.1656433206781238,low_transfer_readiness,2.0,0.5,0.5,RBM44;SYCE2
OS,M23,residual_to_disjoint_proliferation,4,251,0.6484792338948262,0.4032636461012663,0.4032636461012663,2.1484315827881405e-16,0.9150838386361725,186,124,0.12764788181848735,1.1361528721713088,0.13846059766747926,0.0861584503295822,0.5515311425601663,,0.13846059766747926,low_transfer_readiness,2.0,0.5,0.5,RBM44;SYCE2
OS,M23,residual_to_disjoint_proliferation_and_weight,4,251,0.6484792338948262,0.4032636461012663,0.4032636461012663,2.1484315827881405e-16,0.9150838386361725,185,123,0.1110573638552221,1.1174590067726127,0.1963315109856021,0.08595278744199555,0.5455134959876793,,0.1963315109856021,low_transfer_readiness,2.0,0.5,0.5,RBM44;SYCE2
DFI,M24,module_only,7,251,0.6484792338948262,0.38834755867836485,0.38834755867836485,1.248250752010987e-16,0.9215129807379567,186,143,0.35288181990784306,1.423162943967011,4.80469013170839e-06,0.07716401091104418,0.6262071014708067,,2.6425323353562484e-05,high_primary_transfer_readiness,10.0,1.0,1.0,GABRA2;HHIP;OSR2;NETO1;RYR2;CHST2;NR2F1
DFI,M24,module_plus_original_proliferation,7,251,0.6484792338948262,0.38834755867836485,0.38834755867836485,1.248250752010987e-16,0.9215129807379567,186,143,0.28372521748320145,1.328067950756042,0.0008623957015157226,0.08515288895169305,0.630589808349428,,0.002242228823940879,high_primary_transfer_readiness,10.0,1.0,1.0,GABRA2;HHIP;OSR2;NETO1;RYR2;CHST2;NR2F1
DFI,M24,module_plus_disjoint_proliferation,7,251,0.6484792338948262,0.38834755867836485,0.38834755867836485,1.248250752010987e-16,0.9215129807379567,186,143,0.2837252174832014,1.3280679507560418,0.0008623957015157264,0.08515288895169307,0.630589808349428,,0.0018685240199507406,high_primary_transfer_readiness,10.0,1.0,1.0,GABRA2;HHIP;OSR2;NETO1;RYR2;CHST2;NR2F1
DFI,M24,residual_to_disjoint_proliferation,7,251,0.6484792338948262,0.38834755867836485,0.38834755867836485,1.248250752010987e-16,0.9215129807379567,186,143,0.2804032749595535,1.3236635050642147,0.0004403394918317735,0.07978135614478064,0.6050363987520427,,0.001144882678762611,high_primary_transfer_readiness,10.0,1.0,1.0,GABRA2;HHIP;OSR2;NETO1;RYR2;CHST2;NR2F1
DFI,M24,residual_to_disjoint_proliferation_and_weight,7,251,0.6484792338948262,0.38834755867836485,0.38834755867836485,1.248250752010987e-16,0.9215129807379567,185,142,0.2525598061563496,1.2873164833034914,0.001776694996611146,0.08081333626310196,0.5942225231324757,,0.004619406991188979,high_primary_transfer_readiness,10.0,1.0,1.0,GABRA2;HHIP;OSR2;NETO1;RYR2;CHST2;NR2F1
OS,M24,module_only,7,251,0.6484792338948262,0.38834755867836485,0.38834755867836485,1.248250752010987e-16,0.9215129807379567,186,124,0.30985007237481493,1.363220714365667,0.00018000398462129252,0.0827250065921731,0.6063004717358279,,0.00041789731788957634,high_primary_transfer_readiness,10.0,1.0,1.0,GABRA2;HHIP;OSR2;NETO1;RYR2;CHST2;NR2F1
OS,M24,module_plus_original_proliferation,7,251,0.6484792338948262,0.38834755867836485,0.38834755867836485,1.248250752010987e-16,0.9215129807379567,186,124,0.26377556387216183,1.3018359844832386,0.0031917368850146563,0.08945663211897524,0.6067802030862717,,0.005471235299965773,high_primary_transfer_readiness,10.0,1.0,1.0,GABRA2;HHIP;OSR2;NETO1;RYR2;CHST2;NR2F1
OS,M24,module_plus_disjoint_proliferation,7,251,0.6484792338948262,0.38834755867836485,0.38834755867836485,1.248250752010987e-16,0.9215129807379567,186,124,0.26377556387216183,1.3018359844832386,0.0031917368850146563,0.08945663211897523,0.6067802030862717,,0.005471235299965773,high_primary_transfer_readiness,10.0,1.0,1.0,GABRA2;HHIP;OSR2;NETO1;RYR2;CHST2;NR2F1
OS,M24,residual_to_disjoint_proliferation,7,251,0.6484792338948262,0.38834755867836485,0.38834755867836485,1.248250752010987e-16,0.9215129807379567,186,124,0.2470124509262257,1.2801950522931895,0.0030548999041377285,0.0833893290107706,0.59078915807148,,0.004964212344223809,high_primary_transfer_readiness,10.0,1.0,1.0,GABRA2;HHIP;OSR2;NETO1;RYR2;CHST2;NR2F1
OS,M24,residual_to_disjoint_proliferation_and_weight,7,251,0.6484792338948262,0.38834755867836485,0.38834755867836485,1.248250752010987e-16,0.9215129807379567,185,123,0.24232597321674115,1.2742094832898019,0.004748332546750923,0.08582075769942517,0.5828807651779201,,0.00771604038847025,high_primary_transfer_readiness,10.0,1.0,1.0,GABRA2;HHIP;OSR2;NETO1;RYR2;CHST2;NR2F1
DFI,M25,module_only,6,251,0.6484792338948262,-0.27511300106719366,-0.27511300106719366,-4.320867987730338e-17,0.9614118974944101,186,143,-0.31888219337710993,0.7269611851041964,1.4739471228528751e-05,0.07360156771713929,0.626578517307978,,2.9625078940792195e-05,medium_sensitivity_transfer_readiness,3.0,0.6666666666666666,0.6666666666666666,STK39;SERTM1;KCTD12;ENC1
DFI,M25,module_plus_original_proliferation,6,251,0.6484792338948262,-0.27511300106719366,-0.27511300106719366,-4.320867987730338e-17,0.9614118974944101,186,143,-0.2729869976568056,0.7611026836828976,0.00042885658605869525,0.0775166063426635,0.6425493983063438,,0.0018583785395876794,medium_sensitivity_transfer_readiness,3.0,0.6666666666666666,0.6666666666666666,STK39;SERTM1;KCTD12;ENC1
DFI,M25,module_plus_disjoint_proliferation,6,251,0.6484792338948262,-0.27511300106719366,-0.27511300106719366,-4.320867987730338e-17,0.9614118974944101,186,143,-0.2729869976568056,0.7611026836828976,0.0004288565860586934,0.07751660634266348,0.6425493983063438,,0.0013937839046907535,medium_sensitivity_transfer_readiness,3.0,0.6666666666666666,0.6666666666666666,STK39;SERTM1;KCTD12;ENC1
DFI,M25,residual_to_disjoint_proliferation,6,251,0.6484792338948262,-0.27511300106719366,-0.27511300106719366,-4.320867987730338e-17,0.9614118974944101,186,143,-0.25563670739929617,0.7744232599338063,0.0003586964747531881,0.07163211919889699,0.6116476006536918,,0.001144882678762611,medium_sensitivity_transfer_readiness,3.0,0.6666666666666666,0.6666666666666666,STK39;SERTM1;KCTD12;ENC1
DFI,M25,residual_to_disjoint_proliferation_and_weight,6,251,0.6484792338948262,-0.27511300106719366,-0.27511300106719366,-4.320867987730338e-17,0.9614118974944101,185,142,-0.23798054860606196,0.7882180228839297,0.0009017927293244606,0.07169171638142807,0.603776423681637,,0.0029308263703044972,medium_sensitivity_transfer_readiness,3.0,0.6666666666666666,0.6666666666666666,STK39;SERTM1;KCTD12;ENC1
OS,M25,module_only,6,251,0.6484792338948262,-0.27511300106719366,-0.27511300106719366,-4.320867987730338e-17,0.9614118974944101,186,124,-0.27451222112024115,0.7599427168408527,0.0004782701902201812,0.07859733432048538,0.6036619493083873,,0.0006898486991917073,medium_sensitivity_transfer_readiness,3.0,0.6666666666666666,0.6666666666666666,STK39;SERTM1;KCTD12;ENC1
OS,M25,module_plus_original_proliferation,6,251,0.6484792338948262,-0.27511300106719366,-0.27511300106719366,-4.320867987730338e-17,0.9614118974944101,186,124,-0.23362811943815118,0.7916561626998401,0.00526130265042508,0.08372014940028678,0.6199728152234748,,0.007107221114203749,medium_sensitivity_transfer_readiness,3.0,0.6666666666666666,0.6666666666666666,STK39;SERTM1;KCTD12;ENC1
OS,M25,module_plus_disjoint_proliferation,6,251,0.6484792338948262,-0.27511300106719366,-0.27511300106719366,-4.320867987730338e-17,0.9614118974944101,186,124,-0.23362811943815118,0.7916561626998401,0.00526130265042508,0.08372014940028678,0.6199728152234748,,0.007107221114203749,medium_sensitivity_transfer_readiness,3.0,0.6666666666666666,0.6666666666666666,STK39;SERTM1;KCTD12;ENC1
OS,M25,residual_to_disjoint_proliferation,6,251,0.6484792338948262,-0.27511300106719366,-0.27511300106719366,-4.320867987730338e-17,0.9614118974944101,186,124,-0.23255274038061732,0.7925079510735775,0.002885936421752052,0.07804743660468537,0.5902294714959623,,0.004964212344223809,medium_sensitivity_transfer_readiness,3.0,0.6666666666666666,0.6666666666666666,STK39;SERTM1;KCTD12;ENC1
OS,M25,residual_to_disjoint_proliferation_and_weight,6,251,0.6484792338948262,-0.27511300106719366,-0.27511300106719366,-4.320867987730338e-17,0.9614118974944101,185,123,-0.22869330048050057,0.7955724977941169,0.0036516286906271146,0.07867565661220674,0.5835292210423928,,0.00678159613973607,medium_sensitivity_transfer_readiness,3.0,0.6666666666666666,0.6666666666666666,STK39;SERTM1;KCTD12;ENC1
DFI,M27,module_only,8,251,0.6484792338948262,0.29832212360607696,0.29832212360607696,1.152231463394757e-16,0.9544652484858527,186,143,0.3148193801766447,1.3700118373122963,3.6408476427399506e-05,0.07624288741453654,0.6167731392066558,,4.733101935561936e-05,high_sensitivity_transfer_readiness,5.0,0.5,0.75,CA14;LEPR;HK2;DLG2
DFI,M27,module_plus_original_proliferation,8,251,0.6484792338948262,0.29832212360607696,0.29832212360607696,1.152231463394757e-16,0.9544652484858527,186,143,0.26931430113362254,1.3090665174854725,0.0008139202280138527,0.08043994469301738,0.6354182142326549,,0.002242228823940879,high_sensitivity_transfer_readiness,5.0,0.5,0.75,CA14;LEPR;HK2;DLG2
DFI,M27,module_plus_disjoint_proliferation,8,251,0.6484792338948262,0.29832212360607696,0.29832212360607696,1.152231463394757e-16,0.9544652484858527,186,143,0.26931430113362254,1.3090665174854725,0.0008139202280138527,0.08043994469301738,0.6354182142326549,,0.0018685240199507406,high_sensitivity_transfer_readiness,5.0,0.5,0.75,CA14;LEPR;HK2;DLG2
DFI,M27,residual_to_disjoint_proliferation,8,251,0.6484792338948262,0.29832212360607696,0.29832212360607696,1.152231463394757e-16,0.9544652484858527,186,143,0.24018636609589894,1.2714860901405536,0.001128883711480503,0.07376131015322299,0.5990937453573021,,0.0021400221359348247,high_sensitivity_transfer_readiness,5.0,0.5,0.75,CA14;LEPR;HK2;DLG2
DFI,M27,residual_to_disjoint_proliferation_and_weight,8,251,0.6484792338948262,0.29832212360607696,0.29832212360607696,1.152231463394757e-16,0.9544652484858527,185,142,0.19770551818851323,1.2186034844165154,0.006666076592104541,0.07287121253823395,0.587226359738208,,0.009614824495293713,high_sensitivity_transfer_readiness,5.0,0.5,0.75,CA14;LEPR;HK2;DLG2
OS,M27,module_only,8,251,0.6484792338948262,0.29832212360607696,0.29832212360607696,1.152231463394757e-16,0.9544652484858527,186,124,0.3023517525469459,1.3530370772517912,0.00039540351170979304,0.08533458053093768,0.5999040537299113,,0.0006425307065284137,high_sensitivity_transfer_readiness,5.0,0.5,0.75,CA14;LEPR;HK2;DLG2
OS,M27,module_plus_original_proliferation,8,251,0.6484792338948262,0.29832212360607696,0.29832212360607696,1.152231463394757e-16,0.9544652484858527,186,124,0.26348573650097745,1.3014587314539101,0.0033669140307481683,0.0898628358712991,0.6174142480211082,,0.005471235299965773,high_sensitivity_transfer_readiness,5.0,0.5,0.75,CA14;LEPR;HK2;DLG2
OS,M27,module_plus_disjoint_proliferation,8,251,0.6484792338948262,0.29832212360607696,0.29832212360607696,1.152231463394757e-16,0.9544652484858527,186,124,0.26348573650097745,1.3014587314539101,0.0033669140307481683,0.0898628358712991,0.6174142480211082,,0.005471235299965773,high_sensitivity_transfer_readiness,5.0,0.5,0.75,CA14;LEPR;HK2;DLG2
OS,M27,residual_to_disjoint_proliferation,8,251,0.6484792338948262,0.29832212360607696,0.29832212360607696,1.152231463394757e-16,0.9544652484858527,186,124,0.2407302738170139,1.2721778493518054,0.0037045322030972486,0.08294512947941582,0.5781562325097945,,0.005350990960029359,high_sensitivity_transfer_readiness,5.0,0.5,0.75,CA14;LEPR;HK2;DLG2
OS,M27,residual_to_disjoint_proliferation_and_weight,8,251,0.6484792338948262,0.29832212360607696,0.29832212360607696,1.152231463394757e-16,0.9544652484858527,185,123,0.2128736579834263,1.237228327446825,0.008837110230560635,0.08130248400262725,0.5758288076517792,,0.012764714777476474,high_sensitivity_transfer_readiness,5.0,0.5,0.75,CA14;LEPR;HK2;DLG2
DFI,M28,module_only,13,251,0.6484792338948262,-0.40618162148164316,-0.40618162148164316,-1.3442700406272161e-16,0.9137923672096101,186,143,-0.4232614159069978,0.6549074075182986,4.5123750815077056e-07,0.08388116009278423,0.6337097013816669,,5.866087605960017e-06,medium_sensitivity_transfer_readiness,3.0,0.4615384615384615,0.6153846153846154,SUGCT;TTC39B;MPIG6B;ATP8B4;ZBED2;SCRN2
DFI,M28,module_plus_original_proliferation,13,251,0.6484792338948262,-0.40618162148164316,-0.40618162148164316,-1.3442700406272161e-16,0.9137923672096101,186,143,-0.3659815569191463,0.693515591655938,5.269112509492332e-05,0.09051426509510455,0.6485663348685188,,0.0003456609128392322,medium_sensitivity_transfer_readiness,3.0,0.4615384615384615,0.6153846153846154,SUGCT;TTC39B;MPIG6B;ATP8B4;ZBED2;SCRN2
DFI,M28,module_plus_disjoint_proliferation,13,251,0.6484792338948262,-0.40618162148164316,-0.40618162148164316,-1.3442700406272161e-16,0.9137923672096101,186,143,-0.3659815569191463,0.693515591655938,5.269112509492332e-05,0.09051426509510455,0.6485663348685188,,0.0003456609128392322,medium_sensitivity_transfer_readiness,3.0,0.4615384615384615,0.6153846153846154,SUGCT;TTC39B;MPIG6B;ATP8B4;ZBED2;SCRN2
DFI,M28,residual_to_disjoint_proliferation,13,251,0.6484792338948262,-0.40618162148164316,-0.40618162148164316,-1.3442700406272161e-16,0.9137923672096101,186,143,-0.3129829074747012,0.7312624115833319,6.416835416147882e-05,0.07830576066131936,0.609419105630664,,0.00027806286803307487,medium_sensitivity_transfer_readiness,3.0,0.4615384615384615,0.6153846153846154,SUGCT;TTC39B;MPIG6B;ATP8B4;ZBED2;SCRN2
DFI,M28,residual_to_disjoint_proliferation_and_weight,13,251,0.6484792338948262,-0.40618162148164316,-0.40618162148164316,-1.3442700406272161e-16,0.9137923672096101,185,142,-0.2812856419709193,0.754812698497314,0.0002905313741881699,0.07762602976832447,0.5982848115549537,,0.0013101546690010202,medium_sensitivity_transfer_readiness,3.0,0.4615384615384615,0.6153846153846154,SUGCT;TTC39B;MPIG6B;ATP8B4;ZBED2;SCRN2
OS,M28,module_only,13,251,0.6484792338948262,-0.40618162148164316,-0.40618162148164316,-1.3442700406272161e-16,0.9137923672096101,186,124,-0.3795580222563975,0.6841637275390009,3.88777909356504e-05,0.09225898150323528,0.6192532181978092,,0.0003380676664643606,medium_sensitivity_transfer_readiness,3.0,0.4615384615384615,0.6153846153846154,SUGCT;TTC39B;MPIG6B;ATP8B4;ZBED2;SCRN2
OS,M28,module_plus_original_proliferation,13,251,0.6484792338948262,-0.40618162148164316,-0.40618162148164316,-1.3442700406272161e-16,0.9137923672096101,186,124,-0.33890298915616807,0.7125515709655249,0.0007370479412028159,0.10040339215619844,0.6316462780842728,,0.003193874411878869,medium_sensitivity_transfer_readiness,3.0,0.4615384615384615,0.6153846153846154,SUGCT;TTC39B;MPIG6B;ATP8B4;ZBED2;SCRN2
OS,M28,module_plus_disjoint_proliferation,13,251,0.6484792338948262,-0.40618162148164316,-0.40618162148164316,-1.3442700406272161e-16,0.9137923672096101,186,124,-0.338902989156168,0.7125515709655249,0.0007370479412028182,0.10040339215619844,0.6316462780842728,,0.002395405808909159,medium_sensitivity_transfer_readiness,3.0,0.4615384615384615,0.6153846153846154,SUGCT;TTC39B;MPIG6B;ATP8B4;ZBED2;SCRN2
OS,M28,residual_to_disjoint_proliferation,13,251,0.6484792338948262,-0.40618162148164316,-0.40618162148164316,-1.3442700406272161e-16,0.9137923672096101,186,124,-0.2962452532435301,0.7436050341082242,0.0007497740769549594,0.08788834266079962,0.5937475013992164,,0.003636219947815298,medium_sensitivity_transfer_readiness,3.0,0.4615384615384615,0.6153846153846154,SUGCT;TTC39B;MPIG6B;ATP8B4;ZBED2;SCRN2
OS,M28,residual_to_disjoint_proliferation_and_weight,13,251,0.6484792338948262,-0.40618162148164316,-0.40618162148164316,-1.3442700406272161e-16,0.9137923672096101,185,123,-0.28225514849784467,0.754081257285322,0.001288795194443761,0.0876987348766924,0.5933371159925428,,0.005267764581092692,medium_sensitivity_transfer_readiness,3.0,0.4615384615384615,0.6153846153846154,SUGCT;TTC39B;MPIG6B;ATP8B4;ZBED2;SCRN2
DFI,M30,module_only,7,251,0.6484792338948262,-0.32935558900500533,-0.3293555890050054,-5.2810608738926343e-17,0.9442059605780752,186,143,-0.3258383346097162,0.7219218877820005,3.407811829624706e-05,0.07862233009170909,0.5768087951270242,,4.733101935561936e-05,high_sensitivity_transfer_readiness,5.0,0.4285714285714285,1.0,PTEN;RNLS;ATAD1
DFI,M30,module_plus_original_proliferation,7,251,0.6484792338948262,-0.32935558900500533,-0.3293555890050054,-5.2810608738926343e-17,0.9442059605780752,186,143,-0.25035541706028536,0.7785240331702691,0.0023334907127339965,0.08224184411195638,0.620264448076066,,0.0032120696060035725,high_sensitivity_transfer_readiness,5.0,0.4285714285714285,1.0,PTEN;RNLS;ATAD1
DFI,M30,module_plus_disjoint_proliferation,7,251,0.6484792338948262,-0.32935558900500533,-0.3293555890050054,-5.2810608738926343e-17,0.9442059605780752,186,143,-0.2503554170602853,0.7785240331702692,0.0023334907127340026,0.08224184411195638,0.620264448076066,,0.0032120696060035847,high_sensitivity_transfer_readiness,5.0,0.4285714285714285,1.0,PTEN;RNLS;ATAD1
DFI,M30,residual_to_disjoint_proliferation,7,251,0.6484792338948262,-0.32935558900500533,-0.3293555890050054,-5.2810608738926343e-17,0.9442059605780752,186,143,-0.2407161594375544,0.786064711776416,0.0046673597582715595,0.08508463580687813,0.5470212449858862,,0.00644400443862807,high_sensitivity_transfer_readiness,5.0,0.4285714285714285,1.0,PTEN;RNLS;ATAD1
DFI,M30,residual_to_disjoint_proliferation_and_weight,7,251,0.6484792338948262,-0.32935558900500533,-0.3293555890050054,-5.2810608738926343e-17,0.9442059605780752,185,142,-0.23673756553285621,0.7891983736978833,0.0057298649979514735,0.08568592200671585,0.5430677800346047,,0.009311030621671145,high_sensitivity_transfer_readiness,5.0,0.4285714285714285,1.0,PTEN;RNLS;ATAD1
OS,M30,module_only,7,251,0.6484792338948262,-0.32935558900500533,-0.3293555890050054,-5.2810608738926343e-17,0.9442059605780752,186,124,-0.3287911401948563,0.7197933369447034,5.698782529143251e-05,0.08168828832895332,0.5980650835532102,,0.0003380676664643606,high_sensitivity_transfer_readiness,5.0,0.4285714285714285,1.0,PTEN;RNLS;ATAD1
OS,M30,module_plus_original_proliferation,7,251,0.6484792338948262,-0.32935558900500533,-0.3293555890050054,-5.2810608738926343e-17,0.9442059605780752,186,124,-0.27661862693651906,0.7583436538111406,0.0015872197137697115,0.08758617708875674,0.6214120092748061,,0.005068470322835755,high_sensitivity_transfer_readiness,5.0,0.4285714285714285,1.0,PTEN;RNLS;ATAD1
OS,M30,module_plus_disjoint_proliferation,7,251,0.6484792338948262,-0.32935558900500533,-0.3293555890050054,-5.2810608738926343e-17,0.9442059605780752,186,124,-0.2766186269365191,0.7583436538111404,0.0015872197137697065,0.08758617708875674,0.6214120092748061,,0.004126771255801237,high_sensitivity_transfer_readiness,5.0,0.4285714285714285,1.0,PTEN;RNLS;ATAD1
OS,M30,residual_to_disjoint_proliferation,7,251,0.6484792338948262,-0.32935558900500533,-0.3293555890050054,-5.2810608738926343e-17,0.9442059605780752,186,124,-0.2758440517419555,0.7589312755435668,0.0016782553605301377,0.08779384603548797,0.5744782921563925,,0.003636219947815298,high_sensitivity_transfer_readiness,5.0,0.4285714285714285,1.0,PTEN;RNLS;ATAD1
OS,M30,residual_to_disjoint_proliferation_and_weight,7,251,0.6484792338948262,-0.32935558900500533,-0.3293555890050054,-5.2810608738926343e-17,0.9442059605780752,185,123,-0.2738113462341734,0.7604755283012115,0.0019290282033472886,0.08829926697264537,0.5716138445327065,,0.005267764581092692,high_sensitivity_transfer_readiness,5.0,0.4285714285714285,1.0,PTEN;RNLS;ATAD1
DFI,M34,module_only,238,251,0.6484792338948262,-0.3588699959310087,-0.3588699959310087,-1.0562121747785271e-16,0.9333875540312702,186,143,-0.3358056476024469,0.7147620080275712,1.8230817809718274e-05,0.0783581126795268,0.6348239488931808,,2.9625078940792195e-05,medium_primary_transfer_readiness,8.0,0.680672268907563,0.8151260504201681,CYP4V2;FAM107A;ALOX5;RETSAT;BTK;LY96;BLNK;EGR1;CBX7;TLR3;ADGRF1;TLR7;HACD4;SAMD9L;BATF2;ACOD1;PARP15;GPSM3;RGS18;IL34;CARD9;INPP5D;TMEM140;PRKAR2B;RASSF5;SLC6A6;TRIM14;PAG1;PAPPA;OSBPL3;CD86;F5;OAS1;PID1;ZMAT1;ENPP5;MOSPD2;TNFAIP8L2;TBC1D9;PIK3IP1;CSF1R;EPAS1;CTSH;PYCARD;ADGRG6;TAGAP;GPR183;TMEM86A;ABCC3;GSAP;SCTR;NCKAP1L;DENND1C;PTPN6;CBLN3;PIK3AP1;PRDM1;B2M;HNMT;VWA5A;PARP12;CYTH4;GMFG;ARRB1;LAPTM5;RNASEL;NCF4;PARP9;ANXA3;PTK2B;PTPRC;DTX3L;ANKRD22;PTPRJ;EVI2A;ARHGDIB;IFI35;CD244;JAML;SYK;GAB2;PIK3CG;FERMT3;DOCK2;DRAM1;MYO1G;PTAFR;DAPP1;VAV1;PTPRO;PARVG;CASP8;TNFSF8;IRF5;CLEC12A;GIMAP6;CSF2RB;NFAM1;MARCHF1;RNF213;LCP1;SP100;SLC8A1;IL18;TMEM144;DOK2;MILR1;SERPINB8;FGR;ARHGAP30;SLC43A2;SASH3;CD80;SIRPB2;HCLS1;TRIM22;CD74;SAMSN1;PARP14;MS4A7;C3AR1;ADCY7;FYB1;SLCO2B1;OAS2;TLR1;DNASE1L3;TLR8;FCER1G;TNFAIP8;KCNQ1;IL1RN;SH3TC1;CCR2;KBTBD12;JCHAIN;TMEM123;GLUL;CYSLTR2;EPHB3;CAPG;ADGRE3;ATF7IP2;TAPBPL;KIAA0040;SERPING1;IFI30;SRM;SUSD1;TRANK1;FAXDC2;SYTL1;LAMA3;RAB29;GBP1;MCTP1;EHD3;SLCO3A1;ATP8A1;SERPINB9;LPAR5;DHX58
DFI,M34,module_plus_original_proliferation,238,251,0.6484792338948262,-0.3588699959310087,-0.3588699959310087,-1.0562121747785271e-16,0.9333875540312702,186,143,-0.26173407686899347,0.769715681698785,0.0019117763851206884,0.08433224576756174,0.6461892735106225,,0.0031066366258211187,medium_primary_transfer_readiness,8.0,0.680672268907563,0.8151260504201681,CYP4V2;FAM107A;ALOX5;RETSAT;BTK;LY96;BLNK;EGR1;CBX7;TLR3;ADGRF1;TLR7;HACD4;SAMD9L;BATF2;ACOD1;PARP15;GPSM3;RGS18;IL34;CARD9;INPP5D;TMEM140;PRKAR2B;RASSF5;SLC6A6;TRIM14;PAG1;PAPPA;OSBPL3;CD86;F5;OAS1;PID1;ZMAT1;ENPP5;MOSPD2;TNFAIP8L2;TBC1D9;PIK3IP1;CSF1R;EPAS1;CTSH;PYCARD;ADGRG6;TAGAP;GPR183;TMEM86A;ABCC3;GSAP;SCTR;NCKAP1L;DENND1C;PTPN6;CBLN3;PIK3AP1;PRDM1;B2M;HNMT;VWA5A;PARP12;CYTH4;GMFG;ARRB1;LAPTM5;RNASEL;NCF4;PARP9;ANXA3;PTK2B;PTPRC;DTX3L;ANKRD22;PTPRJ;EVI2A;ARHGDIB;IFI35;CD244;JAML;SYK;GAB2;PIK3CG;FERMT3;DOCK2;DRAM1;MYO1G;PTAFR;DAPP1;VAV1;PTPRO;PARVG;CASP8;TNFSF8;IRF5;CLEC12A;GIMAP6;CSF2RB;NFAM1;MARCHF1;RNF213;LCP1;SP100;SLC8A1;IL18;TMEM144;DOK2;MILR1;SERPINB8;FGR;ARHGAP30;SLC43A2;SASH3;CD80;SIRPB2;HCLS1;TRIM22;CD74;SAMSN1;PARP14;MS4A7;C3AR1;ADCY7;FYB1;SLCO2B1;OAS2;TLR1;DNASE1L3;TLR8;FCER1G;TNFAIP8;KCNQ1;IL1RN;SH3TC1;CCR2;KBTBD12;JCHAIN;TMEM123;GLUL;CYSLTR2;EPHB3;CAPG;ADGRE3;ATF7IP2;TAPBPL;KIAA0040;SERPING1;IFI30;SRM;SUSD1;TRANK1;FAXDC2;SYTL1;LAMA3;RAB29;GBP1;MCTP1;EHD3;SLCO3A1;ATP8A1;SERPINB9;LPAR5;DHX58
DFI,M34,module_plus_disjoint_proliferation,238,251,0.6484792338948262,-0.3588699959310087,-0.3588699959310087,-1.0562121747785271e-16,0.9333875540312702,186,143,-0.26173407686899347,0.769715681698785,0.0019117763851206884,0.08433224576756174,0.6461892735106225,,0.0031066366258211187,medium_primary_transfer_readiness,8.0,0.680672268907563,0.8151260504201681,CYP4V2;FAM107A;ALOX5;RETSAT;BTK;LY96;BLNK;EGR1;CBX7;TLR3;ADGRF1;TLR7;HACD4;SAMD9L;BATF2;ACOD1;PARP15;GPSM3;RGS18;IL34;CARD9;INPP5D;TMEM140;PRKAR2B;RASSF5;SLC6A6;TRIM14;PAG1;PAPPA;OSBPL3;CD86;F5;OAS1;PID1;ZMAT1;ENPP5;MOSPD2;TNFAIP8L2;TBC1D9;PIK3IP1;CSF1R;EPAS1;CTSH;PYCARD;ADGRG6;TAGAP;GPR183;TMEM86A;ABCC3;GSAP;SCTR;NCKAP1L;DENND1C;PTPN6;CBLN3;PIK3AP1;PRDM1;B2M;HNMT;VWA5A;PARP12;CYTH4;GMFG;ARRB1;LAPTM5;RNASEL;NCF4;PARP9;ANXA3;PTK2B;PTPRC;DTX3L;ANKRD22;PTPRJ;EVI2A;ARHGDIB;IFI35;CD244;JAML;SYK;GAB2;PIK3CG;FERMT3;DOCK2;DRAM1;MYO1G;PTAFR;DAPP1;VAV1;PTPRO;PARVG;CASP8;TNFSF8;IRF5;CLEC12A;GIMAP6;CSF2RB;NFAM1;MARCHF1;RNF213;LCP1;SP100;SLC8A1;IL18;TMEM144;DOK2;MILR1;SERPINB8;FGR;ARHGAP30;SLC43A2;SASH3;CD80;SIRPB2;HCLS1;TRIM22;CD74;SAMSN1;PARP14;MS4A7;C3AR1;ADCY7;FYB1;SLCO2B1;OAS2;TLR1;DNASE1L3;TLR8;FCER1G;TNFAIP8;KCNQ1;IL1RN;SH3TC1;CCR2;KBTBD12;JCHAIN;TMEM123;GLUL;CYSLTR2;EPHB3;CAPG;ADGRE3;ATF7IP2;TAPBPL;KIAA0040;SERPING1;IFI30;SRM;SUSD1;TRANK1;FAXDC2;SYTL1;LAMA3;RAB29;GBP1;MCTP1;EHD3;SLCO3A1;ATP8A1;SERPINB9;LPAR5;DHX58
DFI,M34,residual_to_disjoint_proliferation,238,251,0.6484792338948262,-0.3588699959310087,-0.3588699959310087,-1.0562121747785271e-16,0.9333875540312702,186,143,-0.25959221962305895,0.7713660696256742,0.0011523196116572133,0.07986404307289392,0.6037735849056604,,0.0021400221359348247,medium_primary_transfer_readiness,8.0,0.680672268907563,0.8151260504201681,CYP4V2;FAM107A;ALOX5;RETSAT;BTK;LY96;BLNK;EGR1;CBX7;TLR3;ADGRF1;TLR7;HACD4;SAMD9L;BATF2;ACOD1;PARP15;GPSM3;RGS18;IL34;CARD9;INPP5D;TMEM140;PRKAR2B;RASSF5;SLC6A6;TRIM14;PAG1;PAPPA;OSBPL3;CD86;F5;OAS1;PID1;ZMAT1;ENPP5;MOSPD2;TNFAIP8L2;TBC1D9;PIK3IP1;CSF1R;EPAS1;CTSH;PYCARD;ADGRG6;TAGAP;GPR183;TMEM86A;ABCC3;GSAP;SCTR;NCKAP1L;DENND1C;PTPN6;CBLN3;PIK3AP1;PRDM1;B2M;HNMT;VWA5A;PARP12;CYTH4;GMFG;ARRB1;LAPTM5;RNASEL;NCF4;PARP9;ANXA3;PTK2B;PTPRC;DTX3L;ANKRD22;PTPRJ;EVI2A;ARHGDIB;IFI35;CD244;JAML;SYK;GAB2;PIK3CG;FERMT3;DOCK2;DRAM1;MYO1G;PTAFR;DAPP1;VAV1;PTPRO;PARVG;CASP8;TNFSF8;IRF5;CLEC12A;GIMAP6;CSF2RB;NFAM1;MARCHF1;RNF213;LCP1;SP100;SLC8A1;IL18;TMEM144;DOK2;MILR1;SERPINB8;FGR;ARHGAP30;SLC43A2;SASH3;CD80;SIRPB2;HCLS1;TRIM22;CD74;SAMSN1;PARP14;MS4A7;C3AR1;ADCY7;FYB1;SLCO2B1;OAS2;TLR1;DNASE1L3;TLR8;FCER1G;TNFAIP8;KCNQ1;IL1RN;SH3TC1;CCR2;KBTBD12;JCHAIN;TMEM123;GLUL;CYSLTR2;EPHB3;CAPG;ADGRE3;ATF7IP2;TAPBPL;KIAA0040;SERPING1;IFI30;SRM;SUSD1;TRANK1;FAXDC2;SYTL1;LAMA3;RAB29;GBP1;MCTP1;EHD3;SLCO3A1;ATP8A1;SERPINB9;LPAR5;DHX58
DFI,M34,residual_to_disjoint_proliferation_and_weight,238,251,0.6484792338948262,-0.3588699959310087,-0.3588699959310087,-1.0562121747785271e-16,0.9333875540312702,185,142,-0.24305940128742706,0.7842249284175747,0.00240857842893251,0.08009612375675634,0.5961784397803355,,0.005218586596020439,medium_primary_transfer_readiness,8.0,0.680672268907563,0.8151260504201681,CYP4V2;FAM107A;ALOX5;RETSAT;BTK;LY96;BLNK;EGR1;CBX7;TLR3;ADGRF1;TLR7;HACD4;SAMD9L;BATF2;ACOD1;PARP15;GPSM3;RGS18;IL34;CARD9;INPP5D;TMEM140;PRKAR2B;RASSF5;SLC6A6;TRIM14;PAG1;PAPPA;OSBPL3;CD86;F5;OAS1;PID1;ZMAT1;ENPP5;MOSPD2;TNFAIP8L2;TBC1D9;PIK3IP1;CSF1R;EPAS1;CTSH;PYCARD;ADGRG6;TAGAP;GPR183;TMEM86A;ABCC3;GSAP;SCTR;NCKAP1L;DENND1C;PTPN6;CBLN3;PIK3AP1;PRDM1;B2M;HNMT;VWA5A;PARP12;CYTH4;GMFG;ARRB1;LAPTM5;RNASEL;NCF4;PARP9;ANXA3;PTK2B;PTPRC;DTX3L;ANKRD22;PTPRJ;EVI2A;ARHGDIB;IFI35;CD244;JAML;SYK;GAB2;PIK3CG;FERMT3;DOCK2;DRAM1;MYO1G;PTAFR;DAPP1;VAV1;PTPRO;PARVG;CASP8;TNFSF8;IRF5;CLEC12A;GIMAP6;CSF2RB;NFAM1;MARCHF1;RNF213;LCP1;SP100;SLC8A1;IL18;TMEM144;DOK2;MILR1;SERPINB8;FGR;ARHGAP30;SLC43A2;SASH3;CD80;SIRPB2;HCLS1;TRIM22;CD74;SAMSN1;PARP14;MS4A7;C3AR1;ADCY7;FYB1;SLCO2B1;OAS2;TLR1;DNASE1L3;TLR8;FCER1G;TNFAIP8;KCNQ1;IL1RN;SH3TC1;CCR2;KBTBD12;JCHAIN;TMEM123;GLUL;CYSLTR2;EPHB3;CAPG;ADGRE3;ATF7IP2;TAPBPL;KIAA0040;SERPING1;IFI30;SRM;SUSD1;TRANK1;FAXDC2;SYTL1;LAMA3;RAB29;GBP1;MCTP1;EHD3;SLCO3A1;ATP8A1;SERPINB9;LPAR5;DHX58
OS,M34,module_only,238,251,0.6484792338948262,-0.3588699959310087,-0.3588699959310087,-1.0562121747785271e-16,0.9333875540312702,186,124,-0.33412667968984067,0.7159630785014479,0.0001040208204505725,0.08609257067119223,0.6349244423123052,,0.0003380676664643606,medium_primary_transfer_readiness,8.0,0.680672268907563,0.8151260504201681,CYP4V2;FAM107A;ALOX5;RETSAT;BTK;LY96;BLNK;EGR1;CBX7;TLR3;ADGRF1;TLR7;HACD4;SAMD9L;BATF2;ACOD1;PARP15;GPSM3;RGS18;IL34;CARD9;INPP5D;TMEM140;PRKAR2B;RASSF5;SLC6A6;TRIM14;PAG1;PAPPA;OSBPL3;CD86;F5;OAS1;PID1;ZMAT1;ENPP5;MOSPD2;TNFAIP8L2;TBC1D9;PIK3IP1;CSF1R;EPAS1;CTSH;PYCARD;ADGRG6;TAGAP;GPR183;TMEM86A;ABCC3;GSAP;SCTR;NCKAP1L;DENND1C;PTPN6;CBLN3;PIK3AP1;PRDM1;B2M;HNMT;VWA5A;PARP12;CYTH4;GMFG;ARRB1;LAPTM5;RNASEL;NCF4;PARP9;ANXA3;PTK2B;PTPRC;DTX3L;ANKRD22;PTPRJ;EVI2A;ARHGDIB;IFI35;CD244;JAML;SYK;GAB2;PIK3CG;FERMT3;DOCK2;DRAM1;MYO1G;PTAFR;DAPP1;VAV1;PTPRO;PARVG;CASP8;TNFSF8;IRF5;CLEC12A;GIMAP6;CSF2RB;NFAM1;MARCHF1;RNF213;LCP1;SP100;SLC8A1;IL18;TMEM144;DOK2;MILR1;SERPINB8;FGR;ARHGAP30;SLC43A2;SASH3;CD80;SIRPB2;HCLS1;TRIM22;CD74;SAMSN1;PARP14;MS4A7;C3AR1;ADCY7;FYB1;SLCO2B1;OAS2;TLR1;DNASE1L3;TLR8;FCER1G;TNFAIP8;KCNQ1;IL1RN;SH3TC1;CCR2;KBTBD12;JCHAIN;TMEM123;GLUL;CYSLTR2;EPHB3;CAPG;ADGRE3;ATF7IP2;TAPBPL;KIAA0040;SERPING1;IFI30;SRM;SUSD1;TRANK1;FAXDC2;SYTL1;LAMA3;RAB29;GBP1;MCTP1;EHD3;SLCO3A1;ATP8A1;SERPINB9;LPAR5;DHX58
OS,M34,module_plus_original_proliferation,238,251,0.6484792338948262,-0.3588699959310087,-0.3588699959310087,-1.0562121747785271e-16,0.9333875540312702,186,124,-0.28582329086751096,0.7513953826422197,0.002175166249944576,0.09324751517575648,0.6416406812185176,,0.005068470322835755,medium_primary_transfer_readiness,8.0,0.680672268907563,0.8151260504201681,CYP4V2;FAM107A;ALOX5;RETSAT;BTK;LY96;BLNK;EGR1;CBX7;TLR3;ADGRF1;TLR7;HACD4;SAMD9L;BATF2;ACOD1;PARP15;GPSM3;RGS18;IL34;CARD9;INPP5D;TMEM140;PRKAR2B;RASSF5;SLC6A6;TRIM14;PAG1;PAPPA;OSBPL3;CD86;F5;OAS1;PID1;ZMAT1;ENPP5;MOSPD2;TNFAIP8L2;TBC1D9;PIK3IP1;CSF1R;EPAS1;CTSH;PYCARD;ADGRG6;TAGAP;GPR183;TMEM86A;ABCC3;GSAP;SCTR;NCKAP1L;DENND1C;PTPN6;CBLN3;PIK3AP1;PRDM1;B2M;HNMT;VWA5A;PARP12;CYTH4;GMFG;ARRB1;LAPTM5;RNASEL;NCF4;PARP9;ANXA3;PTK2B;PTPRC;DTX3L;ANKRD22;PTPRJ;EVI2A;ARHGDIB;IFI35;CD244;JAML;SYK;GAB2;PIK3CG;FERMT3;DOCK2;DRAM1;MYO1G;PTAFR;DAPP1;VAV1;PTPRO;PARVG;CASP8;TNFSF8;IRF5;CLEC12A;GIMAP6;CSF2RB;NFAM1;MARCHF1;RNF213;LCP1;SP100;SLC8A1;IL18;TMEM144;DOK2;MILR1;SERPINB8;FGR;ARHGAP30;SLC43A2;SASH3;CD80;SIRPB2;HCLS1;TRIM22;CD74;SAMSN1;PARP14;MS4A7;C3AR1;ADCY7;FYB1;SLCO2B1;OAS2;TLR1;DNASE1L3;TLR8;FCER1G;TNFAIP8;KCNQ1;IL1RN;SH3TC1;CCR2;KBTBD12;JCHAIN;TMEM123;GLUL;CYSLTR2;EPHB3;CAPG;ADGRE3;ATF7IP2;TAPBPL;KIAA0040;SERPING1;IFI30;SRM;SUSD1;TRANK1;FAXDC2;SYTL1;LAMA3;RAB29;GBP1;MCTP1;EHD3;SLCO3A1;ATP8A1;SERPINB9;LPAR5;DHX58
OS,M34,module_plus_disjoint_proliferation,238,251,0.6484792338948262,-0.3588699959310087,-0.3588699959310087,-1.0562121747785271e-16,0.9333875540312702,186,124,-0.285823290867511,0.7513953826422197,0.002175166249944575,0.09324751517575648,0.6416406812185176,,0.004712860208213246,medium_primary_transfer_readiness,8.0,0.680672268907563,0.8151260504201681,CYP4V2;FAM107A;ALOX5;RETSAT;BTK;LY96;BLNK;EGR1;CBX7;TLR3;ADGRF1;TLR7;HACD4;SAMD9L;BATF2;ACOD1;PARP15;GPSM3;RGS18;IL34;CARD9;INPP5D;TMEM140;PRKAR2B;RASSF5;SLC6A6;TRIM14;PAG1;PAPPA;OSBPL3;CD86;F5;OAS1;PID1;ZMAT1;ENPP5;MOSPD2;TNFAIP8L2;TBC1D9;PIK3IP1;CSF1R;EPAS1;CTSH;PYCARD;ADGRG6;TAGAP;GPR183;TMEM86A;ABCC3;GSAP;SCTR;NCKAP1L;DENND1C;PTPN6;CBLN3;PIK3AP1;PRDM1;B2M;HNMT;VWA5A;PARP12;CYTH4;GMFG;ARRB1;LAPTM5;RNASEL;NCF4;PARP9;ANXA3;PTK2B;PTPRC;DTX3L;ANKRD22;PTPRJ;EVI2A;ARHGDIB;IFI35;CD244;JAML;SYK;GAB2;PIK3CG;FERMT3;DOCK2;DRAM1;MYO1G;PTAFR;DAPP1;VAV1;PTPRO;PARVG;CASP8;TNFSF8;IRF5;CLEC12A;GIMAP6;CSF2RB;NFAM1;MARCHF1;RNF213;LCP1;SP100;SLC8A1;IL18;TMEM144;DOK2;MILR1;SERPINB8;FGR;ARHGAP30;SLC43A2;SASH3;CD80;SIRPB2;HCLS1;TRIM22;CD74;SAMSN1;PARP14;MS4A7;C3AR1;ADCY7;FYB1;SLCO2B1;OAS2;TLR1;DNASE1L3;TLR8;FCER1G;TNFAIP8;KCNQ1;IL1RN;SH3TC1;CCR2;KBTBD12;JCHAIN;TMEM123;GLUL;CYSLTR2;EPHB3;CAPG;ADGRE3;ATF7IP2;TAPBPL;KIAA0040;SERPING1;IFI30;SRM;SUSD1;TRANK1;FAXDC2;SYTL1;LAMA3;RAB29;GBP1;MCTP1;EHD3;SLCO3A1;ATP8A1;SERPINB9;LPAR5;DHX58
OS,M34,residual_to_disjoint_proliferation,238,251,0.6484792338948262,-0.3588699959310087,-0.3588699959310087,-1.0562121747785271e-16,0.9333875540312702,186,124,-0.2761160413471001,0.7587248821952948,0.0016470113393037887,0.0877268963473297,0.6123770688414488,,0.003636219947815298,medium_primary_transfer_readiness,8.0,0.680672268907563,0.8151260504201681,CYP4V2;FAM107A;ALOX5;RETSAT;BTK;LY96;BLNK;EGR1;CBX7;TLR3;ADGRF1;TLR7;HACD4;SAMD9L;BATF2;ACOD1;PARP15;GPSM3;RGS18;IL34;CARD9;INPP5D;TMEM140;PRKAR2B;RASSF5;SLC6A6;TRIM14;PAG1;PAPPA;OSBPL3;CD86;F5;OAS1;PID1;ZMAT1;ENPP5;MOSPD2;TNFAIP8L2;TBC1D9;PIK3IP1;CSF1R;EPAS1;CTSH;PYCARD;ADGRG6;TAGAP;GPR183;TMEM86A;ABCC3;GSAP;SCTR;NCKAP1L;DENND1C;PTPN6;CBLN3;PIK3AP1;PRDM1;B2M;HNMT;VWA5A;PARP12;CYTH4;GMFG;ARRB1;LAPTM5;RNASEL;NCF4;PARP9;ANXA3;PTK2B;PTPRC;DTX3L;ANKRD22;PTPRJ;EVI2A;ARHGDIB;IFI35;CD244;JAML;SYK;GAB2;PIK3CG;FERMT3;DOCK2;DRAM1;MYO1G;PTAFR;DAPP1;VAV1;PTPRO;PARVG;CASP8;TNFSF8;IRF5;CLEC12A;GIMAP6;CSF2RB;NFAM1;MARCHF1;RNF213;LCP1;SP100;SLC8A1;IL18;TMEM144;DOK2;MILR1;SERPINB8;FGR;ARHGAP30;SLC43A2;SASH3;CD80;SIRPB2;HCLS1;TRIM22;CD74;SAMSN1;PARP14;MS4A7;C3AR1;ADCY7;FYB1;SLCO2B1;OAS2;TLR1;DNASE1L3;TLR8;FCER1G;TNFAIP8;KCNQ1;IL1RN;SH3TC1;CCR2;KBTBD12;JCHAIN;TMEM123;GLUL;CYSLTR2;EPHB3;CAPG;ADGRE3;ATF7IP2;TAPBPL;KIAA0040;SERPING1;IFI30;SRM;SUSD1;TRANK1;FAXDC2;SYTL1;LAMA3;RAB29;GBP1;MCTP1;EHD3;SLCO3A1;ATP8A1;SERPINB9;LPAR5;DHX58
OS,M34,residual_to_disjoint_proliferation_and_weight,238,251,0.6484792338948262,-0.3588699959310087,-0.3588699959310087,-1.0562121747785271e-16,0.9333875540312702,185,123,-0.272232589435404,0.7616770824431299,0.002026063300420266,0.08820435335824425,0.6105211964010699,,0.005267764581092692,medium_primary_transfer_readiness,8.0,0.680672268907563,0.8151260504201681,CYP4V2;FAM107A;ALOX5;RETSAT;BTK;LY96;BLNK;EGR1;CBX7;TLR3;ADGRF1;TLR7;HACD4;SAMD9L;BATF2;ACOD1;PARP15;GPSM3;RGS18;IL34;CARD9;INPP5D;TMEM140;PRKAR2B;RASSF5;SLC6A6;TRIM14;PAG1;PAPPA;OSBPL3;CD86;F5;OAS1;PID1;ZMAT1;ENPP5;MOSPD2;TNFAIP8L2;TBC1D9;PIK3IP1;CSF1R;EPAS1;CTSH;PYCARD;ADGRG6;TAGAP;GPR183;TMEM86A;ABCC3;GSAP;SCTR;NCKAP1L;DENND1C;PTPN6;CBLN3;PIK3AP1;PRDM1;B2M;HNMT;VWA5A;PARP12;CYTH4;GMFG;ARRB1;LAPTM5;RNASEL;NCF4;PARP9;ANXA3;PTK2B;PTPRC;DTX3L;ANKRD22;PTPRJ;EVI2A;ARHGDIB;IFI35;CD244;JAML;SYK;GAB2;PIK3CG;FERMT3;DOCK2;DRAM1;MYO1G;PTAFR;DAPP1;VAV1;PTPRO;PARVG;CASP8;TNFSF8;IRF5;CLEC12A;GIMAP6;CSF2RB;NFAM1;MARCHF1;RNF213;LCP1;SP100;SLC8A1;IL18;TMEM144;DOK2;MILR1;SERPINB8;FGR;ARHGAP30;SLC43A2;SASH3;CD80;SIRPB2;HCLS1;TRIM22;CD74;SAMSN1;PARP14;MS4A7;C3AR1;ADCY7;FYB1;SLCO2B1;OAS2;TLR1;DNASE1L3;TLR8;FCER1G;TNFAIP8;KCNQ1;IL1RN;SH3TC1;CCR2;KBTBD12;JCHAIN;TMEM123;GLUL;CYSLTR2;EPHB3;CAPG;ADGRE3;ATF7IP2;TAPBPL;KIAA0040;SERPING1;IFI30;SRM;SUSD1;TRANK1;FAXDC2;SYTL1;LAMA3;RAB29;GBP1;MCTP1;EHD3;SLCO3A1;ATP8A1;SERPINB9;LPAR5;DHX58
DFI,M38,module_only,8,251,0.6484792338948262,-0.5311270765832267,-0.5311270765832267,-9.601928861622973e-18,0.847292174235166,186,143,-0.3957507844785002,0.6731744405535002,8.137949615866122e-06,0.088703084423079,0.6060020799286882,,2.6425323353562484e-05,high_primary_transfer_readiness,9.0,0.75,0.875,ACSS3;MTURN;JAZF1;MAOB;TMCC3;STON1
DFI,M38,module_plus_original_proliferation,8,251,0.6484792338948262,-0.5311270765832267,-0.5311270765832267,-9.601928861622973e-18,0.847292174235166,186,143,-0.3210134693596729,0.7254134800692627,0.0011225139694594456,0.09853473734426643,0.6187045015599465,,0.0024321136004954655,high_primary_transfer_readiness,9.0,0.75,0.875,ACSS3;MTURN;JAZF1;MAOB;TMCC3;STON1
DFI,M38,module_plus_disjoint_proliferation,8,251,0.6484792338948262,-0.5311270765832267,-0.5311270765832267,-9.601928861622973e-18,0.847292174235166,186,143,-0.32101346935967295,0.7254134800692627,0.0011225139694594432,0.09853473734426643,0.6187045015599465,,0.00208466880042468,high_primary_transfer_readiness,9.0,0.75,0.875,ACSS3;MTURN;JAZF1;MAOB;TMCC3;STON1
DFI,M38,residual_to_disjoint_proliferation,8,251,0.6484792338948262,-0.5311270765832267,-0.5311270765832267,-9.601928861622973e-18,0.847292174235166,186,143,-0.2328647017194783,0.792260757791481,0.0038120529561330883,0.08048385111949323,0.5708661417322834,,0.006194586053716269,high_primary_transfer_readiness,9.0,0.75,0.875,ACSS3;MTURN;JAZF1;MAOB;TMCC3;STON1
DFI,M38,residual_to_disjoint_proliferation_and_weight,8,251,0.6484792338948262,-0.5311270765832267,-0.5311270765832267,-9.601928861622973e-18,0.847292174235166,185,142,-0.198559058237983,0.8199113467910586,0.012650121133887113,0.07963161549582545,0.5627774016399609,,0.014950143158230227,high_primary_transfer_readiness,9.0,0.75,0.875,ACSS3;MTURN;JAZF1;MAOB;TMCC3;STON1
OS,M38,module_only,8,251,0.6484792338948262,-0.5311270765832267,-0.5311270765832267,-9.601928861622973e-18,0.847292174235166,186,124,-0.3358334366153247,0.7147421457729031,0.00019287568517980445,0.09007998209143199,0.6048612776844967,,0.00041789731788957634,high_primary_transfer_readiness,9.0,0.75,0.875,ACSS3;MTURN;JAZF1;MAOB;TMCC3;STON1
OS,M38,module_plus_original_proliferation,8,251,0.6484792338948262,-0.5311270765832267,-0.5311270765832267,-9.601928861622973e-18,0.847292174235166,186,124,-0.28692342381236496,0.7505692023645614,0.0054670931647721145,0.10327893728460763,0.6136563524426322,,0.007107221114203749,high_primary_transfer_readiness,9.0,0.75,0.875,ACSS3;MTURN;JAZF1;MAOB;TMCC3;STON1
OS,M38,module_plus_disjoint_proliferation,8,251,0.6484792338948262,-0.5311270765832267,-0.5311270765832267,-9.601928861622973e-18,0.847292174235166,186,124,-0.28692342381236496,0.7505692023645614,0.0054670931647721145,0.10327893728460763,0.6136563524426322,,0.007107221114203749,high_primary_transfer_readiness,9.0,0.75,0.875,ACSS3;MTURN;JAZF1;MAOB;TMCC3;STON1
OS,M38,residual_to_disjoint_proliferation,8,251,0.6484792338948262,-0.5311270765832267,-0.5311270765832267,-9.601928861622973e-18,0.847292174235166,186,124,-0.23082368914416856,0.7938794232574329,0.007934077133534664,0.08694374950520103,0.57159990405373,,0.010314300273595063,high_primary_transfer_readiness,9.0,0.75,0.875,ACSS3;MTURN;JAZF1;MAOB;TMCC3;STON1
OS,M38,residual_to_disjoint_proliferation_and_weight,8,251,0.6484792338948262,-0.5311270765832267,-0.5311270765832267,-9.601928861622973e-18,0.847292174235166,185,123,-0.21050172219202637,0.8101776598706405,0.014395822377030722,0.08601625833724146,0.5656966847693928,,0.018714569090139938,high_primary_transfer_readiness,9.0,0.75,0.875,ACSS3;MTURN;JAZF1;MAOB;TMCC3;STON1
DFI,M39,module_only,5,251,0.6484792338948262,0.5934459965539055,0.5934459965539055,2.736549725562548e-16,0.8048738094721074,186,143,0.34417978297695384,1.4108322563316678,1.0163585905216341e-05,0.07798052050674387,0.6150646263556678,,2.6425323353562484e-05,high_primary_transfer_readiness,10.0,1.0,1.0,PRRT4;SPSB4;FAM81A;CLCN5;PGAP1
DFI,M39,module_plus_original_proliferation,5,251,0.6484792338948262,0.5934459965539055,0.5934459965539055,2.736549725562548e-16,0.8048738094721074,186,143,0.27017305671394515,1.3101911684934258,0.0024708227738489017,0.08925758267716348,0.6253899866290299,,0.0032120696060035725,high_primary_transfer_readiness,10.0,1.0,1.0,PRRT4;SPSB4;FAM81A;CLCN5;PGAP1
DFI,M39,module_plus_disjoint_proliferation,5,251,0.6484792338948262,0.5934459965539055,0.5934459965539055,2.736549725562548e-16,0.8048738094721074,186,143,0.2701730567139451,1.3101911684934255,0.0024708227738489113,0.08925758267716348,0.6253899866290299,,0.0032120696060035847,high_primary_transfer_readiness,10.0,1.0,1.0,PRRT4;SPSB4;FAM81A;CLCN5;PGAP1
DFI,M39,residual_to_disjoint_proliferation,5,251,0.6484792338948262,0.5934459965539055,0.5934459965539055,2.736549725562548e-16,0.8048738094721074,186,143,0.19021552264299507,1.2095102464134249,0.008218702399127267,0.07197089579203887,0.5762888129549844,,0.009713011926241315,high_primary_transfer_readiness,10.0,1.0,1.0,PRRT4;SPSB4;FAM81A;CLCN5;PGAP1
DFI,M39,residual_to_disjoint_proliferation_and_weight,5,251,0.6484792338948262,0.5934459965539055,0.5934459965539055,2.736549725562548e-16,0.8048738094721074,185,142,0.19340265190104353,1.2133712614163372,0.007396018842533626,0.0722064923965516,0.5781238245693222,,0.009614824495293713,high_primary_transfer_readiness,10.0,1.0,1.0,PRRT4;SPSB4;FAM81A;CLCN5;PGAP1
OS,M39,module_only,5,251,0.6484792338948262,0.5934459965539055,0.5934459965539055,2.736549725562548e-16,0.8048738094721074,186,124,0.23427296568035577,1.2639894708678463,0.0039496389635895295,0.0812839242572566,0.5843927400655633,,0.004667755138787626,high_primary_transfer_readiness,10.0,1.0,1.0,PRRT4;SPSB4;FAM81A;CLCN5;PGAP1
OS,M39,module_plus_original_proliferation,5,251,0.6484792338948262,0.5934459965539055,0.5934459965539055,2.736549725562548e-16,0.8048738094721074,186,124,0.16470957690934707,1.1790506454502383,0.08446771954301754,0.09546545790303035,0.6020628448069081,,0.09150669617160234,high_primary_transfer_readiness,10.0,1.0,1.0,PRRT4;SPSB4;FAM81A;CLCN5;PGAP1
OS,M39,module_plus_disjoint_proliferation,5,251,0.6484792338948262,0.5934459965539055,0.5934459965539055,2.736549725562548e-16,0.8048738094721074,186,124,0.1647095769093471,1.1790506454502383,0.08446771954301754,0.09546545790303036,0.6020628448069081,,0.09150669617160234,high_primary_transfer_readiness,10.0,1.0,1.0,PRRT4;SPSB4;FAM81A;CLCN5;PGAP1
OS,M39,residual_to_disjoint_proliferation,5,251,0.6484792338948262,0.5934459965539055,0.5934459965539055,2.736549725562548e-16,0.8048738094721074,186,124,0.12245968377505555,1.130273550792704,0.11567025147803231,0.077840657569498,0.5427360678020309,,0.12530943910120165,high_primary_transfer_readiness,10.0,1.0,1.0,PRRT4;SPSB4;FAM81A;CLCN5;PGAP1
OS,M39,residual_to_disjoint_proliferation_and_weight,5,251,0.6484792338948262,0.5934459965539055,0.5934459965539055,2.736549725562548e-16,0.8048738094721074,185,123,0.12641056880887283,1.134747964775995,0.105553127357898,0.07810313910114478,0.5449460971062657,,0.1143492213043895,high_primary_transfer_readiness,10.0,1.0,1.0,PRRT4;SPSB4;FAM81A;CLCN5;PGAP1
DFI,M40,module_only,144,171,0.6244669461865971,0.9806006814043283,0.9707206137990597,-8.641735975460678e-16,0.240211344331563,186,143,0.3828445597070395,1.4664500669235139,6.446286154722663e-06,0.08486540762249896,0.6334868518793642,,2.6425323353562484e-05,high_primary_transfer_readiness,9.0,0.7708333333333334,0.8402777777777778,GPRC5C;DSCC1;ELOVL4;MEX3A;NIBAN1;TRIP13;EPHA2;MYOF;TSPAN33;RCOR2;POLE2;ST6GALNAC3;UBE2S;SCML2;MYBL2;SPC25;TONSL;ATAD2;HSPH1;NSMCE2;FAM131C;NDUFB9;DNPH1;FANCA;RECQL4;FANCM;ECT2;LHX2;MIS18A;DLGAP5;FANCD2;CDCA8;BUB1;FAM180A;PLK4;SMO;DSN1;ORC6;SULT1C4;UHRF1;SKA3;GTSE1;CCNA2;ITGBL1;RAB30;DEPDC1;CDC6;UBE2T;SLC13A5;CCNB3;POLQ;MAP1LC3C;KIF18B;KIF4A;SH3D19;CEP72;CDCA2;CXCL14;LGR4;SFRP4;MXRA5;GAREM2;BARX1;TRIB3;SIM2;ESPL1;GAS6;CRYBG1;CALHM5;IFITM5;LIMS2;DNA2;STUM;RELN;DNAJB1;EXO1;MSI1;E2F1;MCM5;CENPK;POLE;E2F7;FAM83D;MCM2;SIVA1;TYMS;REXO5;E2F8;HELLS;RRM2;ORC1;KIF22;NCAPG;TOP2A;KIF15;FN1;MTFR2;CDC20;ST8SIA5;ARL4D;CENPT;SPAG5;NMRAL1;HSP90AA1;CLTCL1;CENPI;TK1;KIF23;C1S;CLSPN;MACROH2A2
DFI,M40,module_plus_original_proliferation,144,171,0.6244669461865971,0.9806006814043283,0.9707206137990597,-8.641735975460678e-16,0.240211344331563,186,143,0.6708754479329392,1.9559489027499604,0.0016898822563685626,0.21365936636800206,0.647749220026742,,0.0031066366258211187,high_primary_transfer_readiness,9.0,0.7708333333333334,0.8402777777777778,GPRC5C;DSCC1;ELOVL4;MEX3A;NIBAN1;TRIP13;EPHA2;MYOF;TSPAN33;RCOR2;POLE2;ST6GALNAC3;UBE2S;SCML2;MYBL2;SPC25;TONSL;ATAD2;HSPH1;NSMCE2;FAM131C;NDUFB9;DNPH1;FANCA;RECQL4;FANCM;ECT2;LHX2;MIS18A;DLGAP5;FANCD2;CDCA8;BUB1;FAM180A;PLK4;SMO;DSN1;ORC6;SULT1C4;UHRF1;SKA3;GTSE1;CCNA2;ITGBL1;RAB30;DEPDC1;CDC6;UBE2T;SLC13A5;CCNB3;POLQ;MAP1LC3C;KIF18B;KIF4A;SH3D19;CEP72;CDCA2;CXCL14;LGR4;SFRP4;MXRA5;GAREM2;BARX1;TRIB3;SIM2;ESPL1;GAS6;CRYBG1;CALHM5;IFITM5;LIMS2;DNA2;STUM;RELN;DNAJB1;EXO1;MSI1;E2F1;MCM5;CENPK;POLE;E2F7;FAM83D;MCM2;SIVA1;TYMS;REXO5;E2F8;HELLS;RRM2;ORC1;KIF22;NCAPG;TOP2A;KIF15;FN1;MTFR2;CDC20;ST8SIA5;ARL4D;CENPT;SPAG5;NMRAL1;HSP90AA1;CLTCL1;CENPI;TK1;KIF23;C1S;CLSPN;MACROH2A2
DFI,M40,module_plus_disjoint_proliferation,144,171,0.6244669461865971,0.9806006814043283,0.9707206137990597,-8.641735975460678e-16,0.240211344331563,186,143,0.7516077357103165,2.1204063306307432,0.00023843124822337973,0.20455383500291005,0.6578517307978012,,0.0010332020756346455,high_primary_transfer_readiness,9.0,0.7708333333333334,0.8402777777777778,GPRC5C;DSCC1;ELOVL4;MEX3A;NIBAN1;TRIP13;EPHA2;MYOF;TSPAN33;RCOR2;POLE2;ST6GALNAC3;UBE2S;SCML2;MYBL2;SPC25;TONSL;ATAD2;HSPH1;NSMCE2;FAM131C;NDUFB9;DNPH1;FANCA;RECQL4;FANCM;ECT2;LHX2;MIS18A;DLGAP5;FANCD2;CDCA8;BUB1;FAM180A;PLK4;SMO;DSN1;ORC6;SULT1C4;UHRF1;SKA3;GTSE1;CCNA2;ITGBL1;RAB30;DEPDC1;CDC6;UBE2T;SLC13A5;CCNB3;POLQ;MAP1LC3C;KIF18B;KIF4A;SH3D19;CEP72;CDCA2;CXCL14;LGR4;SFRP4;MXRA5;GAREM2;BARX1;TRIB3;SIM2;ESPL1;GAS6;CRYBG1;CALHM5;IFITM5;LIMS2;DNA2;STUM;RELN;DNAJB1;EXO1;MSI1;E2F1;MCM5;CENPK;POLE;E2F7;FAM83D;MCM2;SIVA1;TYMS;REXO5;E2F8;HELLS;RRM2;ORC1;KIF22;NCAPG;TOP2A;KIF15;FN1;MTFR2;CDC20;ST8SIA5;ARL4D;CENPT;SPAG5;NMRAL1;HSP90AA1;CLTCL1;CENPI;TK1;KIF23;C1S;CLSPN;MACROH2A2
DFI,M40,residual_to_disjoint_proliferation,144,171,0.6244669461865971,0.9806006814043283,0.9707206137990597,-8.641735975460678e-16,0.240211344331563,186,143,0.535015411856787,1.7074745574047745,1.5971273689934803e-09,0.0886632663994107,0.6611201901649086,,2.0762655796915243e-08,high_primary_transfer_readiness,9.0,0.7708333333333334,0.8402777777777778,GPRC5C;DSCC1;ELOVL4;MEX3A;NIBAN1;TRIP13;EPHA2;MYOF;TSPAN33;RCOR2;POLE2;ST6GALNAC3;UBE2S;SCML2;MYBL2;SPC25;TONSL;ATAD2;HSPH1;NSMCE2;FAM131C;NDUFB9;DNPH1;FANCA;RECQL4;FANCM;ECT2;LHX2;MIS18A;DLGAP5;FANCD2;CDCA8;BUB1;FAM180A;PLK4;SMO;DSN1;ORC6;SULT1C4;UHRF1;SKA3;GTSE1;CCNA2;ITGBL1;RAB30;DEPDC1;CDC6;UBE2T;SLC13A5;CCNB3;POLQ;MAP1LC3C;KIF18B;KIF4A;SH3D19;CEP72;CDCA2;CXCL14;LGR4;SFRP4;MXRA5;GAREM2;BARX1;TRIB3;SIM2;ESPL1;GAS6;CRYBG1;CALHM5;IFITM5;LIMS2;DNA2;STUM;RELN;DNAJB1;EXO1;MSI1;E2F1;MCM5;CENPK;POLE;E2F7;FAM83D;MCM2;SIVA1;TYMS;REXO5;E2F8;HELLS;RRM2;ORC1;KIF22;NCAPG;TOP2A;KIF15;FN1;MTFR2;CDC20;ST8SIA5;ARL4D;CENPT;SPAG5;NMRAL1;HSP90AA1;CLTCL1;CENPI;TK1;KIF23;C1S;CLSPN;MACROH2A2
DFI,M40,residual_to_disjoint_proliferation_and_weight,144,171,0.6244669461865971,0.9806006814043283,0.9707206137990597,-8.641735975460678e-16,0.240211344331563,185,142,0.5236492098754103,1.6881769348008104,3.175752107553975e-09,0.08842072102942006,0.6584668622583314,,4.128477739820167e-08,high_primary_transfer_readiness,9.0,0.7708333333333334,0.8402777777777778,GPRC5C;DSCC1;ELOVL4;MEX3A;NIBAN1;TRIP13;EPHA2;MYOF;TSPAN33;RCOR2;POLE2;ST6GALNAC3;UBE2S;SCML2;MYBL2;SPC25;TONSL;ATAD2;HSPH1;NSMCE2;FAM131C;NDUFB9;DNPH1;FANCA;RECQL4;FANCM;ECT2;LHX2;MIS18A;DLGAP5;FANCD2;CDCA8;BUB1;FAM180A;PLK4;SMO;DSN1;ORC6;SULT1C4;UHRF1;SKA3;GTSE1;CCNA2;ITGBL1;RAB30;DEPDC1;CDC6;UBE2T;SLC13A5;CCNB3;POLQ;MAP1LC3C;KIF18B;KIF4A;SH3D19;CEP72;CDCA2;CXCL14;LGR4;SFRP4;MXRA5;GAREM2;BARX1;TRIB3;SIM2;ESPL1;GAS6;CRYBG1;CALHM5;IFITM5;LIMS2;DNA2;STUM;RELN;DNAJB1;EXO1;MSI1;E2F1;MCM5;CENPK;POLE;E2F7;FAM83D;MCM2;SIVA1;TYMS;REXO5;E2F8;HELLS;RRM2;ORC1;KIF22;NCAPG;TOP2A;KIF15;FN1;MTFR2;CDC20;ST8SIA5;ARL4D;CENPT;SPAG5;NMRAL1;HSP90AA1;CLTCL1;CENPI;TK1;KIF23;C1S;CLSPN;MACROH2A2
OS,M40,module_only,144,171,0.6244669461865971,0.9806006814043283,0.9707206137990597,-8.641735975460678e-16,0.240211344331563,186,124,0.3273751684032758,1.3873218588854395,0.0002454688349548162,0.08927744282425062,0.6242104421523946,,0.0004558706934875158,high_primary_transfer_readiness,9.0,0.7708333333333334,0.8402777777777778,GPRC5C;DSCC1;ELOVL4;MEX3A;NIBAN1;TRIP13;EPHA2;MYOF;TSPAN33;RCOR2;POLE2;ST6GALNAC3;UBE2S;SCML2;MYBL2;SPC25;TONSL;ATAD2;HSPH1;NSMCE2;FAM131C;NDUFB9;DNPH1;FANCA;RECQL4;FANCM;ECT2;LHX2;MIS18A;DLGAP5;FANCD2;CDCA8;BUB1;FAM180A;PLK4;SMO;DSN1;ORC6;SULT1C4;UHRF1;SKA3;GTSE1;CCNA2;ITGBL1;RAB30;DEPDC1;CDC6;UBE2T;SLC13A5;CCNB3;POLQ;MAP1LC3C;KIF18B;KIF4A;SH3D19;CEP72;CDCA2;CXCL14;LGR4;SFRP4;MXRA5;GAREM2;BARX1;TRIB3;SIM2;ESPL1;GAS6;CRYBG1;CALHM5;IFITM5;LIMS2;DNA2;STUM;RELN;DNAJB1;EXO1;MSI1;E2F1;MCM5;CENPK;POLE;E2F7;FAM83D;MCM2;SIVA1;TYMS;REXO5;E2F8;HELLS;RRM2;ORC1;KIF22;NCAPG;TOP2A;KIF15;FN1;MTFR2;CDC20;ST8SIA5;ARL4D;CENPT;SPAG5;NMRAL1;HSP90AA1;CLTCL1;CENPI;TK1;KIF23;C1S;CLSPN;MACROH2A2
OS,M40,module_plus_original_proliferation,144,171,0.6244669461865971,0.9806006814043283,0.9707206137990597,-8.641735975460678e-16,0.240211344331563,186,124,0.655396997088906,1.9259069450792365,0.0023392939951549637,0.21535101401520998,0.64491884544655,,0.005068470322835755,high_primary_transfer_readiness,9.0,0.7708333333333334,0.8402777777777778,GPRC5C;DSCC1;ELOVL4;MEX3A;NIBAN1;TRIP13;EPHA2;MYOF;TSPAN33;RCOR2;POLE2;ST6GALNAC3;UBE2S;SCML2;MYBL2;SPC25;TONSL;ATAD2;HSPH1;NSMCE2;FAM131C;NDUFB9;DNPH1;FANCA;RECQL4;FANCM;ECT2;LHX2;MIS18A;DLGAP5;FANCD2;CDCA8;BUB1;FAM180A;PLK4;SMO;DSN1;ORC6;SULT1C4;UHRF1;SKA3;GTSE1;CCNA2;ITGBL1;RAB30;DEPDC1;CDC6;UBE2T;SLC13A5;CCNB3;POLQ;MAP1LC3C;KIF18B;KIF4A;SH3D19;CEP72;CDCA2;CXCL14;LGR4;SFRP4;MXRA5;GAREM2;BARX1;TRIB3;SIM2;ESPL1;GAS6;CRYBG1;CALHM5;IFITM5;LIMS2;DNA2;STUM;RELN;DNAJB1;EXO1;MSI1;E2F1;MCM5;CENPK;POLE;E2F7;FAM83D;MCM2;SIVA1;TYMS;REXO5;E2F8;HELLS;RRM2;ORC1;KIF22;NCAPG;TOP2A;KIF15;FN1;MTFR2;CDC20;ST8SIA5;ARL4D;CENPT;SPAG5;NMRAL1;HSP90AA1;CLTCL1;CENPI;TK1;KIF23;C1S;CLSPN;MACROH2A2
OS,M40,module_plus_disjoint_proliferation,144,171,0.6244669461865971,0.9806006814043283,0.9707206137990597,-8.641735975460678e-16,0.240211344331563,186,124,0.7271333201804333,2.069140534184416,0.0004366257230378468,0.20675431788075616,0.6592308307347885,,0.002395405808909159,high_primary_transfer_readiness,9.0,0.7708333333333334,0.8402777777777778,GPRC5C;DSCC1;ELOVL4;MEX3A;NIBAN1;TRIP13;EPHA2;MYOF;TSPAN33;RCOR2;POLE2;ST6GALNAC3;UBE2S;SCML2;MYBL2;SPC25;TONSL;ATAD2;HSPH1;NSMCE2;FAM131C;NDUFB9;DNPH1;FANCA;RECQL4;FANCM;ECT2;LHX2;MIS18A;DLGAP5;FANCD2;CDCA8;BUB1;FAM180A;PLK4;SMO;DSN1;ORC6;SULT1C4;UHRF1;SKA3;GTSE1;CCNA2;ITGBL1;RAB30;DEPDC1;CDC6;UBE2T;SLC13A5;CCNB3;POLQ;MAP1LC3C;KIF18B;KIF4A;SH3D19;CEP72;CDCA2;CXCL14;LGR4;SFRP4;MXRA5;GAREM2;BARX1;TRIB3;SIM2;ESPL1;GAS6;CRYBG1;CALHM5;IFITM5;LIMS2;DNA2;STUM;RELN;DNAJB1;EXO1;MSI1;E2F1;MCM5;CENPK;POLE;E2F7;FAM83D;MCM2;SIVA1;TYMS;REXO5;E2F8;HELLS;RRM2;ORC1;KIF22;NCAPG;TOP2A;KIF15;FN1;MTFR2;CDC20;ST8SIA5;ARL4D;CENPT;SPAG5;NMRAL1;HSP90AA1;CLTCL1;CENPI;TK1;KIF23;C1S;CLSPN;MACROH2A2
OS,M40,residual_to_disjoint_proliferation,144,171,0.6244669461865971,0.9806006814043283,0.9707206137990597,-8.641735975460678e-16,0.240211344331563,186,124,0.5075600953197128,1.6612329959878627,1.2787084182597785e-08,0.08921959431638495,0.671863756296474,,1.662320943737712e-07,high_primary_transfer_readiness,9.0,0.7708333333333334,0.8402777777777778,GPRC5C;DSCC1;ELOVL4;MEX3A;NIBAN1;TRIP13;EPHA2;MYOF;TSPAN33;RCOR2;POLE2;ST6GALNAC3;UBE2S;SCML2;MYBL2;SPC25;TONSL;ATAD2;HSPH1;NSMCE2;FAM131C;NDUFB9;DNPH1;FANCA;RECQL4;FANCM;ECT2;LHX2;MIS18A;DLGAP5;FANCD2;CDCA8;BUB1;FAM180A;PLK4;SMO;DSN1;ORC6;SULT1C4;UHRF1;SKA3;GTSE1;CCNA2;ITGBL1;RAB30;DEPDC1;CDC6;UBE2T;SLC13A5;CCNB3;POLQ;MAP1LC3C;KIF18B;KIF4A;SH3D19;CEP72;CDCA2;CXCL14;LGR4;SFRP4;MXRA5;GAREM2;BARX1;TRIB3;SIM2;ESPL1;GAS6;CRYBG1;CALHM5;IFITM5;LIMS2;DNA2;STUM;RELN;DNAJB1;EXO1;MSI1;E2F1;MCM5;CENPK;POLE;E2F7;FAM83D;MCM2;SIVA1;TYMS;REXO5;E2F8;HELLS;RRM2;ORC1;KIF22;NCAPG;TOP2A;KIF15;FN1;MTFR2;CDC20;ST8SIA5;ARL4D;CENPT;SPAG5;NMRAL1;HSP90AA1;CLTCL1;CENPI;TK1;KIF23;C1S;CLSPN;MACROH2A2
OS,M40,residual_to_disjoint_proliferation_and_weight,144,171,0.6244669461865971,0.9806006814043283,0.9707206137990597,-8.641735975460678e-16,0.240211344331563,185,123,0.5108296111446415,1.6666733123110007,1.0618946538060959e-08,0.08929753182045055,0.6736645862041015,,1.3804630499479248e-07,high_primary_transfer_readiness,9.0,0.7708333333333334,0.8402777777777778,GPRC5C;DSCC1;ELOVL4;MEX3A;NIBAN1;TRIP13;EPHA2;MYOF;TSPAN33;RCOR2;POLE2;ST6GALNAC3;UBE2S;SCML2;MYBL2;SPC25;TONSL;ATAD2;HSPH1;NSMCE2;FAM131C;NDUFB9;DNPH1;FANCA;RECQL4;FANCM;ECT2;LHX2;MIS18A;DLGAP5;FANCD2;CDCA8;BUB1;FAM180A;PLK4;SMO;DSN1;ORC6;SULT1C4;UHRF1;SKA3;GTSE1;CCNA2;ITGBL1;RAB30;DEPDC1;CDC6;UBE2T;SLC13A5;CCNB3;POLQ;MAP1LC3C;KIF18B;KIF4A;SH3D19;CEP72;CDCA2;CXCL14;LGR4;SFRP4;MXRA5;GAREM2;BARX1;TRIB3;SIM2;ESPL1;GAS6;CRYBG1;CALHM5;IFITM5;LIMS2;DNA2;STUM;RELN;DNAJB1;EXO1;MSI1;E2F1;MCM5;CENPK;POLE;E2F7;FAM83D;MCM2;SIVA1;TYMS;REXO5;E2F8;HELLS;RRM2;ORC1;KIF22;NCAPG;TOP2A;KIF15;FN1;MTFR2;CDC20;ST8SIA5;ARL4D;CENPT;SPAG5;NMRAL1;HSP90AA1;CLTCL1;CENPI;TK1;KIF23;C1S;CLSPN;MACROH2A2
