analysis_set,initial_factors,factor,view,group,r2
four_cohort_variable_only_1500,8,Factor1,RNA,DOG2,11.84343695640564
four_cohort_variable_only_1500,8,Factor2,RNA,DOG2,8.797377347946167
four_cohort_variable_only_1500,8,Factor3,RNA,DOG2,6.411218643188477
four_cohort_variable_only_1500,8,Factor4,RNA,DOG2,5.965226888656616
four_cohort_variable_only_1500,8,Factor5,RNA,DOG2,3.2314538955688477
four_cohort_variable_only_1500,8,Factor6,RNA,DOG2,3.8924098014831543
four_cohort_variable_only_1500,8,Factor7,RNA,DOG2,3.537130355834961
four_cohort_variable_only_1500,8,Factor1,RNA,GSE21257,9.250563383102417
four_cohort_variable_only_1500,8,Factor2,RNA,GSE21257,5.501222610473633
four_cohort_variable_only_1500,8,Factor3,RNA,GSE21257,2.2634387016296387
four_cohort_variable_only_1500,8,Factor4,RNA,GSE21257,2.467244863510132
four_cohort_variable_only_1500,8,Factor5,RNA,GSE21257,2.5103092193603516
four_cohort_variable_only_1500,8,Factor6,RNA,GSE21257,1.154547929763794
four_cohort_variable_only_1500,8,Factor7,RNA,GSE21257,1.3376891613006592
four_cohort_variable_only_1500,8,Factor1,RNA,GSE39055,1.2253403663635254
four_cohort_variable_only_1500,8,Factor2,RNA,GSE39055,1.122349500656128
four_cohort_variable_only_1500,8,Factor3,RNA,GSE39055,1.6322970390319824
four_cohort_variable_only_1500,8,Factor4,RNA,GSE39055,0.5768954753875732
four_cohort_variable_only_1500,8,Factor5,RNA,GSE39055,0.2238631248474121
four_cohort_variable_only_1500,8,Factor6,RNA,GSE39055,0.828242301940918
four_cohort_variable_only_1500,8,Factor7,RNA,GSE39055,0.21268725395202637
four_cohort_variable_only_1500,8,Factor1,RNA,TARGET_OS,8.673489093780518
four_cohort_variable_only_1500,8,Factor2,RNA,TARGET_OS,6.530719995498657
four_cohort_variable_only_1500,8,Factor3,RNA,TARGET_OS,4.636973142623901
four_cohort_variable_only_1500,8,Factor4,RNA,TARGET_OS,3.877013921737671
four_cohort_variable_only_1500,8,Factor5,RNA,TARGET_OS,3.4890711307525635
four_cohort_variable_only_1500,8,Factor6,RNA,TARGET_OS,1.356196403503418
four_cohort_variable_only_1500,8,Factor7,RNA,TARGET_OS,1.931840181350708
four_cohort_variable_only_1500,12,Factor1,RNA,DOG2,12.041640281677246
four_cohort_variable_only_1500,12,Factor2,RNA,DOG2,8.761852979660034
four_cohort_variable_only_1500,12,Factor3,RNA,DOG2,5.810177326202393
four_cohort_variable_only_1500,12,Factor4,RNA,DOG2,5.15788197517395
four_cohort_variable_only_1500,12,Factor5,RNA,DOG2,0.182265043258667
four_cohort_variable_only_1500,12,Factor6,RNA,DOG2,3.102254867553711
four_cohort_variable_only_1500,12,Factor7,RNA,DOG2,2.357804775238037
four_cohort_variable_only_1500,12,Factor8,RNA,DOG2,2.3424088954925537
four_cohort_variable_only_1500,12,Factor9,RNA,DOG2,4.20343279838562
four_cohort_variable_only_1500,12,Factor10,RNA,DOG2,4.316443204879761
four_cohort_variable_only_1500,12,Factor1,RNA,GSE21257,9.439283609390259
four_cohort_variable_only_1500,12,Factor2,RNA,GSE21257,5.575573444366455
four_cohort_variable_only_1500,12,Factor3,RNA,GSE21257,2.3237764835357666
four_cohort_variable_only_1500,12,Factor4,RNA,GSE21257,2.470642328262329
four_cohort_variable_only_1500,12,Factor5,RNA,GSE21257,9.551364183425903
four_cohort_variable_only_1500,12,Factor6,RNA,GSE21257,2.7684271335601807
four_cohort_variable_only_1500,12,Factor7,RNA,GSE21257,2.114260196685791
four_cohort_variable_only_1500,12,Factor8,RNA,GSE21257,2.195572853088379
four_cohort_variable_only_1500,12,Factor9,RNA,GSE21257,1.1899352073669434
four_cohort_variable_only_1500,12,Factor10,RNA,GSE21257,0.621575117111206
four_cohort_variable_only_1500,12,Factor1,RNA,GSE39055,1.2409985065460205
four_cohort_variable_only_1500,12,Factor2,RNA,GSE39055,1.0443449020385742
four_cohort_variable_only_1500,12,Factor3,RNA,GSE39055,1.209956407546997
four_cohort_variable_only_1500,12,Factor4,RNA,GSE39055,0.6955862045288086
four_cohort_variable_only_1500,12,Factor5,RNA,GSE39055,0.05633831024169922
four_cohort_variable_only_1500,12,Factor6,RNA,GSE39055,0.26880502700805664
four_cohort_variable_only_1500,12,Factor7,RNA,GSE39055,2.2956013679504395
four_cohort_variable_only_1500,12,Factor8,RNA,GSE39055,0.3948330879211426
four_cohort_variable_only_1500,12,Factor9,RNA,GSE39055,0.24031996726989746
four_cohort_variable_only_1500,12,Factor10,RNA,GSE39055,0.359499454498291
four_cohort_variable_only_1500,12,Factor1,RNA,TARGET_OS,8.596402406692505
four_cohort_variable_only_1500,12,Factor2,RNA,TARGET_OS,6.594949960708618
four_cohort_variable_only_1500,12,Factor3,RNA,TARGET_OS,4.179340600967407
four_cohort_variable_only_1500,12,Factor4,RNA,TARGET_OS,3.422725200653076
four_cohort_variable_only_1500,12,Factor5,RNA,TARGET_OS,0.3257870674133301
four_cohort_variable_only_1500,12,Factor6,RNA,TARGET_OS,3.6515772342681885
four_cohort_variable_only_1500,12,Factor7,RNA,TARGET_OS,2.3339450359344482
four_cohort_variable_only_1500,12,Factor8,RNA,TARGET_OS,3.355962038040161
four_cohort_variable_only_1500,12,Factor9,RNA,TARGET_OS,2.1100401878356934
four_cohort_variable_only_1500,12,Factor10,RNA,TARGET_OS,1.1797428131103516
four_cohort_variable_only_1500,16,Factor1,RNA,DOG2,12.072962522506714
four_cohort_variable_only_1500,16,Factor2,RNA,DOG2,7.279777526855469
four_cohort_variable_only_1500,16,Factor3,RNA,DOG2,7.13157057762146
four_cohort_variable_only_1500,16,Factor4,RNA,DOG2,4.716849327087402
four_cohort_variable_only_1500,16,Factor5,RNA,DOG2,0.11522769927978516
four_cohort_variable_only_1500,16,Factor6,RNA,DOG2,4.700136184692383
four_cohort_variable_only_1500,16,Factor7,RNA,DOG2,3.130924701690674
four_cohort_variable_only_1500,16,Factor8,RNA,DOG2,0.9114623069763184
four_cohort_variable_only_1500,16,Factor9,RNA,DOG2,3.490281105041504
four_cohort_variable_only_1500,16,Factor10,RNA,DOG2,1.7963767051696777
four_cohort_variable_only_1500,16,Factor11,RNA,DOG2,2.216285467147827
four_cohort_variable_only_1500,16,Factor12,RNA,DOG2,1.8152594566345215
four_cohort_variable_only_1500,16,Factor13,RNA,DOG2,3.1118571758270264
four_cohort_variable_only_1500,16,Factor1,RNA,GSE21257,9.22783613204956
four_cohort_variable_only_1500,16,Factor2,RNA,GSE21257,5.228817462921143
four_cohort_variable_only_1500,16,Factor3,RNA,GSE21257,2.5797486305236816
four_cohort_variable_only_1500,16,Factor4,RNA,GSE21257,2.5472044944763184
four_cohort_variable_only_1500,16,Factor5,RNA,GSE21257,10.217589139938354
four_cohort_variable_only_1500,16,Factor6,RNA,GSE21257,2.735668420791626
four_cohort_variable_only_1500,16,Factor7,RNA,GSE21257,1.8594741821289062
four_cohort_variable_only_1500,16,Factor8,RNA,GSE21257,0.76027512550354
four_cohort_variable_only_1500,16,Factor9,RNA,GSE21257,1.3543248176574707
four_cohort_variable_only_1500,16,Factor10,RNA,GSE21257,2.2192835807800293
four_cohort_variable_only_1500,16,Factor11,RNA,GSE21257,1.19093656539917
four_cohort_variable_only_1500,16,Factor12,RNA,GSE21257,0.8397459983825684
four_cohort_variable_only_1500,16,Factor13,RNA,GSE21257,0.7536530494689941
four_cohort_variable_only_1500,16,Factor1,RNA,GSE39055,1.1510789394378662
four_cohort_variable_only_1500,16,Factor2,RNA,GSE39055,1.77079439163208
four_cohort_variable_only_1500,16,Factor3,RNA,GSE39055,1.3023197650909424
four_cohort_variable_only_1500,16,Factor4,RNA,GSE39055,0.7727146148681641
four_cohort_variable_only_1500,16,Factor5,RNA,GSE39055,0.1102745532989502
four_cohort_variable_only_1500,16,Factor6,RNA,GSE39055,0.19698143005371094
four_cohort_variable_only_1500,16,Factor7,RNA,GSE39055,0.4146575927734375
four_cohort_variable_only_1500,16,Factor8,RNA,GSE39055,5.251169204711914
four_cohort_variable_only_1500,16,Factor9,RNA,GSE39055,0.27763843536376953
four_cohort_variable_only_1500,16,Factor10,RNA,GSE39055,0.15202760696411133
four_cohort_variable_only_1500,16,Factor11,RNA,GSE39055,0.7859885692596436
four_cohort_variable_only_1500,16,Factor12,RNA,GSE39055,0.5220472812652588
four_cohort_variable_only_1500,16,Factor13,RNA,GSE39055,0.1383364200592041
four_cohort_variable_only_1500,16,Factor1,RNA,TARGET_OS,8.585071563720703
four_cohort_variable_only_1500,16,Factor2,RNA,TARGET_OS,6.6147685050964355
four_cohort_variable_only_1500,16,Factor3,RNA,TARGET_OS,4.992574453353882
four_cohort_variable_only_1500,16,Factor4,RNA,TARGET_OS,3.522545099258423
four_cohort_variable_only_1500,16,Factor5,RNA,TARGET_OS,0.316774845123291
four_cohort_variable_only_1500,16,Factor6,RNA,TARGET_OS,2.3015201091766357
four_cohort_variable_only_1500,16,Factor7,RNA,TARGET_OS,3.513944149017334
four_cohort_variable_only_1500,16,Factor8,RNA,TARGET_OS,0.7501304149627686
four_cohort_variable_only_1500,16,Factor9,RNA,TARGET_OS,2.392011880874634
four_cohort_variable_only_1500,16,Factor10,RNA,TARGET_OS,2.551048994064331
four_cohort_variable_only_1500,16,Factor11,RNA,TARGET_OS,1.5205860137939453
four_cohort_variable_only_1500,16,Factor12,RNA,TARGET_OS,1.5986144542694092
four_cohort_variable_only_1500,16,Factor13,RNA,TARGET_OS,0.7689595222473145
four_cohort_detection_aware_variable_only_700,8,Factor1,RNA,DOG2,12.597745656967163
four_cohort_detection_aware_variable_only_700,8,Factor2,RNA,DOG2,10.013127326965332
four_cohort_detection_aware_variable_only_700,8,Factor3,RNA,DOG2,6.248807907104492
four_cohort_detection_aware_variable_only_700,8,Factor4,RNA,DOG2,4.83514666557312
four_cohort_detection_aware_variable_only_700,8,Factor5,RNA,DOG2,3.3007442951202393
four_cohort_detection_aware_variable_only_700,8,Factor6,RNA,DOG2,3.706502914428711
four_cohort_detection_aware_variable_only_700,8,Factor1,RNA,GSE21257,10.094982385635376
four_cohort_detection_aware_variable_only_700,8,Factor2,RNA,GSE21257,6.053966283798218
four_cohort_detection_aware_variable_only_700,8,Factor3,RNA,GSE21257,3.3594489097595215
four_cohort_detection_aware_variable_only_700,8,Factor4,RNA,GSE21257,1.9212067127227783
four_cohort_detection_aware_variable_only_700,8,Factor5,RNA,GSE21257,3.0262291431427
four_cohort_detection_aware_variable_only_700,8,Factor6,RNA,GSE21257,1.6391217708587646
four_cohort_detection_aware_variable_only_700,8,Factor1,RNA,GSE39055,1.9658446311950684
four_cohort_detection_aware_variable_only_700,8,Factor2,RNA,GSE39055,2.5779306888580322
four_cohort_detection_aware_variable_only_700,8,Factor3,RNA,GSE39055,6.1384499073028564
four_cohort_detection_aware_variable_only_700,8,Factor4,RNA,GSE39055,1.565331220626831
four_cohort_detection_aware_variable_only_700,8,Factor5,RNA,GSE39055,0.42260289192199707
four_cohort_detection_aware_variable_only_700,8,Factor6,RNA,GSE39055,0.5301475524902344
four_cohort_detection_aware_variable_only_700,8,Factor1,RNA,TARGET_OS,8.121681213378906
four_cohort_detection_aware_variable_only_700,8,Factor2,RNA,TARGET_OS,6.598818302154541
four_cohort_detection_aware_variable_only_700,8,Factor3,RNA,TARGET_OS,6.016403436660767
four_cohort_detection_aware_variable_only_700,8,Factor4,RNA,TARGET_OS,3.7560760974884033
four_cohort_detection_aware_variable_only_700,8,Factor5,RNA,TARGET_OS,5.2049338817596436
four_cohort_detection_aware_variable_only_700,8,Factor6,RNA,TARGET_OS,1.2968182563781738
four_cohort_detection_aware_variable_only_700,12,Factor1,RNA,DOG2,12.973248958587646
four_cohort_detection_aware_variable_only_700,12,Factor2,RNA,DOG2,9.794062376022339
four_cohort_detection_aware_variable_only_700,12,Factor3,RNA,DOG2,5.279994010925293
four_cohort_detection_aware_variable_only_700,12,Factor4,RNA,DOG2,3.8974344730377197
four_cohort_detection_aware_variable_only_700,12,Factor5,RNA,DOG2,2.8805792331695557
four_cohort_detection_aware_variable_only_700,12,Factor6,RNA,DOG2,5.0531744956970215
four_cohort_detection_aware_variable_only_700,12,Factor7,RNA,DOG2,2.7513504028320312
four_cohort_detection_aware_variable_only_700,12,Factor8,RNA,DOG2,3.0349314212799072
four_cohort_detection_aware_variable_only_700,12,Factor1,RNA,GSE21257,10.125136375427246
four_cohort_detection_aware_variable_only_700,12,Factor2,RNA,GSE21257,6.196653842926025
four_cohort_detection_aware_variable_only_700,12,Factor3,RNA,GSE21257,2.1687746047973633
four_cohort_detection_aware_variable_only_700,12,Factor4,RNA,GSE21257,2.4562060832977295
four_cohort_detection_aware_variable_only_700,12,Factor5,RNA,GSE21257,4.141420125961304
four_cohort_detection_aware_variable_only_700,12,Factor6,RNA,GSE21257,1.7772912979125977
four_cohort_detection_aware_variable_only_700,12,Factor7,RNA,GSE21257,3.6652028560638428
four_cohort_detection_aware_variable_only_700,12,Factor8,RNA,GSE21257,1.6496717929840088
four_cohort_detection_aware_variable_only_700,12,Factor1,RNA,GSE39055,1.881486177444458
four_cohort_detection_aware_variable_only_700,12,Factor2,RNA,GSE39055,2.191835641860962
four_cohort_detection_aware_variable_only_700,12,Factor3,RNA,GSE39055,4.869985580444336
four_cohort_detection_aware_variable_only_700,12,Factor4,RNA,GSE39055,4.445040225982666
four_cohort_detection_aware_variable_only_700,12,Factor5,RNA,GSE39055,0.4284799098968506
four_cohort_detection_aware_variable_only_700,12,Factor6,RNA,GSE39055,1.2460291385650635
four_cohort_detection_aware_variable_only_700,12,Factor7,RNA,GSE39055,0.25243163108825684
four_cohort_detection_aware_variable_only_700,12,Factor8,RNA,GSE39055,0.5453944206237793
four_cohort_detection_aware_variable_only_700,12,Factor1,RNA,TARGET_OS,7.9859137535095215
four_cohort_detection_aware_variable_only_700,12,Factor2,RNA,TARGET_OS,7.121729850769043
four_cohort_detection_aware_variable_only_700,12,Factor3,RNA,TARGET_OS,5.033057928085327
four_cohort_detection_aware_variable_only_700,12,Factor4,RNA,TARGET_OS,2.7492284774780273
four_cohort_detection_aware_variable_only_700,12,Factor5,RNA,TARGET_OS,4.70314621925354
four_cohort_detection_aware_variable_only_700,12,Factor6,RNA,TARGET_OS,3.094184398651123
four_cohort_detection_aware_variable_only_700,12,Factor7,RNA,TARGET_OS,2.994924783706665
four_cohort_detection_aware_variable_only_700,12,Factor8,RNA,TARGET_OS,1.6683876514434814
four_cohort_detection_aware_variable_only_700,16,Factor1,RNA,DOG2,12.879687547683716
four_cohort_detection_aware_variable_only_700,16,Factor2,RNA,DOG2,7.326412200927734
four_cohort_detection_aware_variable_only_700,16,Factor3,RNA,DOG2,6.6132426261901855
four_cohort_detection_aware_variable_only_700,16,Factor4,RNA,DOG2,6.242901086807251
four_cohort_detection_aware_variable_only_700,16,Factor5,RNA,DOG2,0.08399486541748047
four_cohort_detection_aware_variable_only_700,16,Factor6,RNA,DOG2,4.916673898696899
four_cohort_detection_aware_variable_only_700,16,Factor7,RNA,DOG2,2.1329522132873535
four_cohort_detection_aware_variable_only_700,16,Factor8,RNA,DOG2,2.4594008922576904
four_cohort_detection_aware_variable_only_700,16,Factor9,RNA,DOG2,3.682982921600342
four_cohort_detection_aware_variable_only_700,16,Factor10,RNA,DOG2,3.135019540786743
four_cohort_detection_aware_variable_only_700,16,Factor11,RNA,DOG2,1.8019437789916992
four_cohort_detection_aware_variable_only_700,16,Factor1,RNA,GSE21257,9.647828340530396
four_cohort_detection_aware_variable_only_700,16,Factor2,RNA,GSE21257,5.235660076141357
four_cohort_detection_aware_variable_only_700,16,Factor3,RNA,GSE21257,2.977806329727173
four_cohort_detection_aware_variable_only_700,16,Factor4,RNA,GSE21257,3.796154260635376
four_cohort_detection_aware_variable_only_700,16,Factor5,RNA,GSE21257,10.920470952987671
four_cohort_detection_aware_variable_only_700,16,Factor6,RNA,GSE21257,1.3740956783294678
four_cohort_detection_aware_variable_only_700,16,Factor7,RNA,GSE21257,3.381049633026123
four_cohort_detection_aware_variable_only_700,16,Factor8,RNA,GSE21257,1.9952595233917236
four_cohort_detection_aware_variable_only_700,16,Factor9,RNA,GSE21257,1.123422384262085
four_cohort_detection_aware_variable_only_700,16,Factor10,RNA,GSE21257,1.3028740882873535
four_cohort_detection_aware_variable_only_700,16,Factor11,RNA,GSE21257,1.1251509189605713
four_cohort_detection_aware_variable_only_700,16,Factor1,RNA,GSE39055,1.8832623958587646
four_cohort_detection_aware_variable_only_700,16,Factor2,RNA,GSE39055,2.0022928714752197
four_cohort_detection_aware_variable_only_700,16,Factor3,RNA,GSE39055,5.567669868469238
four_cohort_detection_aware_variable_only_700,16,Factor4,RNA,GSE39055,1.331770420074463
four_cohort_detection_aware_variable_only_700,16,Factor5,RNA,GSE39055,0.16039609909057617
four_cohort_detection_aware_variable_only_700,16,Factor6,RNA,GSE39055,1.4088332653045654
four_cohort_detection_aware_variable_only_700,16,Factor7,RNA,GSE39055,0.5017876625061035
four_cohort_detection_aware_variable_only_700,16,Factor8,RNA,GSE39055,1.2397289276123047
four_cohort_detection_aware_variable_only_700,16,Factor9,RNA,GSE39055,1.6585886478424072
four_cohort_detection_aware_variable_only_700,16,Factor10,RNA,GSE39055,0.23652911186218262
four_cohort_detection_aware_variable_only_700,16,Factor11,RNA,GSE39055,1.1137545108795166
four_cohort_detection_aware_variable_only_700,16,Factor1,RNA,TARGET_OS,8.07422399520874
four_cohort_detection_aware_variable_only_700,16,Factor2,RNA,TARGET_OS,8.214151859283447
four_cohort_detection_aware_variable_only_700,16,Factor3,RNA,TARGET_OS,6.052106618881226
four_cohort_detection_aware_variable_only_700,16,Factor4,RNA,TARGET_OS,2.296501398086548
four_cohort_detection_aware_variable_only_700,16,Factor5,RNA,TARGET_OS,0.2815663814544678
four_cohort_detection_aware_variable_only_700,16,Factor6,RNA,TARGET_OS,3.347724676132202
four_cohort_detection_aware_variable_only_700,16,Factor7,RNA,TARGET_OS,3.4701108932495117
four_cohort_detection_aware_variable_only_700,16,Factor8,RNA,TARGET_OS,2.5188684463500977
four_cohort_detection_aware_variable_only_700,16,Factor9,RNA,TARGET_OS,1.4908254146575928
four_cohort_detection_aware_variable_only_700,16,Factor10,RNA,TARGET_OS,1.5423119068145752
four_cohort_detection_aware_variable_only_700,16,Factor11,RNA,TARGET_OS,1.9262611865997314
three_cohort_no_ffpe_variable_only_1500,8,Factor1,RNA,DOG2,11.182379722595215
three_cohort_no_ffpe_variable_only_1500,8,Factor2,RNA,DOG2,9.26513671875
three_cohort_no_ffpe_variable_only_1500,8,Factor3,RNA,DOG2,6.284797191619873
three_cohort_no_ffpe_variable_only_1500,8,Factor4,RNA,DOG2,5.73309063911438
three_cohort_no_ffpe_variable_only_1500,8,Factor5,RNA,DOG2,3.2295703887939453
three_cohort_no_ffpe_variable_only_1500,8,Factor6,RNA,DOG2,5.3060829639434814
three_cohort_no_ffpe_variable_only_1500,8,Factor7,RNA,DOG2,3.7552237510681152
three_cohort_no_ffpe_variable_only_1500,8,Factor1,RNA,GSE21257,9.301900863647461
three_cohort_no_ffpe_variable_only_1500,8,Factor2,RNA,GSE21257,5.709725618362427
three_cohort_no_ffpe_variable_only_1500,8,Factor3,RNA,GSE21257,2.474486827850342
three_cohort_no_ffpe_variable_only_1500,8,Factor4,RNA,GSE21257,2.5453150272369385
three_cohort_no_ffpe_variable_only_1500,8,Factor5,RNA,GSE21257,3.245675563812256
three_cohort_no_ffpe_variable_only_1500,8,Factor6,RNA,GSE21257,1.6950726509094238
three_cohort_no_ffpe_variable_only_1500,8,Factor7,RNA,GSE21257,1.0127127170562744
three_cohort_no_ffpe_variable_only_1500,8,Factor1,RNA,TARGET_OS,8.467894792556763
three_cohort_no_ffpe_variable_only_1500,8,Factor2,RNA,TARGET_OS,6.6644251346588135
three_cohort_no_ffpe_variable_only_1500,8,Factor3,RNA,TARGET_OS,4.7084033489227295
three_cohort_no_ffpe_variable_only_1500,8,Factor4,RNA,TARGET_OS,3.796970844268799
three_cohort_no_ffpe_variable_only_1500,8,Factor5,RNA,TARGET_OS,3.8544058799743652
three_cohort_no_ffpe_variable_only_1500,8,Factor6,RNA,TARGET_OS,2.256476879119873
three_cohort_no_ffpe_variable_only_1500,8,Factor7,RNA,TARGET_OS,1.5621066093444824
three_cohort_no_ffpe_variable_only_1500,12,Factor1,RNA,DOG2,12.737733125686646
three_cohort_no_ffpe_variable_only_1500,12,Factor2,RNA,DOG2,9.293478727340698
three_cohort_no_ffpe_variable_only_1500,12,Factor3,RNA,DOG2,5.183953046798706
three_cohort_no_ffpe_variable_only_1500,12,Factor4,RNA,DOG2,3.1933248043060303
three_cohort_no_ffpe_variable_only_1500,12,Factor5,RNA,DOG2,5.081373453140259
three_cohort_no_ffpe_variable_only_1500,12,Factor6,RNA,DOG2,2.5606095790863037
three_cohort_no_ffpe_variable_only_1500,12,Factor7,RNA,DOG2,0.5070805549621582
three_cohort_no_ffpe_variable_only_1500,12,Factor8,RNA,DOG2,3.8367807865142822
three_cohort_no_ffpe_variable_only_1500,12,Factor9,RNA,DOG2,2.5990068912506104
three_cohort_no_ffpe_variable_only_1500,12,Factor10,RNA,DOG2,4.204750061035156
three_cohort_no_ffpe_variable_only_1500,12,Factor1,RNA,GSE21257,9.938400983810425
three_cohort_no_ffpe_variable_only_1500,12,Factor2,RNA,GSE21257,5.6755125522613525
three_cohort_no_ffpe_variable_only_1500,12,Factor3,RNA,GSE21257,2.2421061992645264
three_cohort_no_ffpe_variable_only_1500,12,Factor4,RNA,GSE21257,3.4484267234802246
three_cohort_no_ffpe_variable_only_1500,12,Factor5,RNA,GSE21257,2.326744794845581
three_cohort_no_ffpe_variable_only_1500,12,Factor6,RNA,GSE21257,2.9751181602478027
three_cohort_no_ffpe_variable_only_1500,12,Factor7,RNA,GSE21257,7.8527867794036865
three_cohort_no_ffpe_variable_only_1500,12,Factor8,RNA,GSE21257,1.1867165565490723
three_cohort_no_ffpe_variable_only_1500,12,Factor9,RNA,GSE21257,1.0792553424835205
three_cohort_no_ffpe_variable_only_1500,12,Factor10,RNA,GSE21257,0.8175075054168701
three_cohort_no_ffpe_variable_only_1500,12,Factor1,RNA,TARGET_OS,8.415156602859497
three_cohort_no_ffpe_variable_only_1500,12,Factor2,RNA,TARGET_OS,6.60361647605896
three_cohort_no_ffpe_variable_only_1500,12,Factor3,RNA,TARGET_OS,4.260921478271484
three_cohort_no_ffpe_variable_only_1500,12,Factor4,RNA,TARGET_OS,4.119735956192017
three_cohort_no_ffpe_variable_only_1500,12,Factor5,RNA,TARGET_OS,3.073453903198242
three_cohort_no_ffpe_variable_only_1500,12,Factor6,RNA,TARGET_OS,3.404802083969116
three_cohort_no_ffpe_variable_only_1500,12,Factor7,RNA,TARGET_OS,0.579071044921875
three_cohort_no_ffpe_variable_only_1500,12,Factor8,RNA,TARGET_OS,1.7093420028686523
three_cohort_no_ffpe_variable_only_1500,12,Factor9,RNA,TARGET_OS,2.977687120437622
three_cohort_no_ffpe_variable_only_1500,12,Factor10,RNA,TARGET_OS,1.1445283889770508
three_cohort_no_ffpe_variable_only_1500,16,Factor1,RNA,DOG2,12.833940982818604
three_cohort_no_ffpe_variable_only_1500,16,Factor2,RNA,DOG2,9.874653816223145
three_cohort_no_ffpe_variable_only_1500,16,Factor3,RNA,DOG2,5.908769369125366
three_cohort_no_ffpe_variable_only_1500,16,Factor4,RNA,DOG2,2.0276904106140137
three_cohort_no_ffpe_variable_only_1500,16,Factor5,RNA,DOG2,4.996216297149658
three_cohort_no_ffpe_variable_only_1500,16,Factor6,RNA,DOG2,0.21718740463256836
three_cohort_no_ffpe_variable_only_1500,16,Factor7,RNA,DOG2,3.2569587230682373
three_cohort_no_ffpe_variable_only_1500,16,Factor8,RNA,DOG2,3.6967217922210693
three_cohort_no_ffpe_variable_only_1500,16,Factor9,RNA,DOG2,3.330516815185547
three_cohort_no_ffpe_variable_only_1500,16,Factor10,RNA,DOG2,1.8626034259796143
three_cohort_no_ffpe_variable_only_1500,16,Factor11,RNA,DOG2,1.7659366130828857
three_cohort_no_ffpe_variable_only_1500,16,Factor12,RNA,DOG2,1.807558536529541
three_cohort_no_ffpe_variable_only_1500,16,Factor13,RNA,DOG2,1.3277232646942139
three_cohort_no_ffpe_variable_only_1500,16,Factor1,RNA,GSE21257,9.886658191680908
three_cohort_no_ffpe_variable_only_1500,16,Factor2,RNA,GSE21257,4.91594672203064
three_cohort_no_ffpe_variable_only_1500,16,Factor3,RNA,GSE21257,2.059817314147949
three_cohort_no_ffpe_variable_only_1500,16,Factor4,RNA,GSE21257,4.337882995605469
three_cohort_no_ffpe_variable_only_1500,16,Factor5,RNA,GSE21257,2.028244733810425
three_cohort_no_ffpe_variable_only_1500,16,Factor6,RNA,GSE21257,8.614522218704224
three_cohort_no_ffpe_variable_only_1500,16,Factor7,RNA,GSE21257,1.7029643058776855
three_cohort_no_ffpe_variable_only_1500,16,Factor8,RNA,GSE21257,1.5024662017822266
three_cohort_no_ffpe_variable_only_1500,16,Factor9,RNA,GSE21257,1.4259636402130127
three_cohort_no_ffpe_variable_only_1500,16,Factor10,RNA,GSE21257,2.2712111473083496
three_cohort_no_ffpe_variable_only_1500,16,Factor11,RNA,GSE21257,0.91286301612854
three_cohort_no_ffpe_variable_only_1500,16,Factor12,RNA,GSE21257,0.9649455547332764
three_cohort_no_ffpe_variable_only_1500,16,Factor13,RNA,GSE21257,0.8541285991668701
three_cohort_no_ffpe_variable_only_1500,16,Factor1,RNA,TARGET_OS,8.420413732528687
three_cohort_no_ffpe_variable_only_1500,16,Factor2,RNA,TARGET_OS,5.803012847900391
three_cohort_no_ffpe_variable_only_1500,16,Factor3,RNA,TARGET_OS,5.060559511184692
three_cohort_no_ffpe_variable_only_1500,16,Factor4,RNA,TARGET_OS,5.029177665710449
three_cohort_no_ffpe_variable_only_1500,16,Factor5,RNA,TARGET_OS,3.730231523513794
three_cohort_no_ffpe_variable_only_1500,16,Factor6,RNA,TARGET_OS,0.25989413261413574
three_cohort_no_ffpe_variable_only_1500,16,Factor7,RNA,TARGET_OS,1.97906494140625
three_cohort_no_ffpe_variable_only_1500,16,Factor8,RNA,TARGET_OS,1.4496266841888428
three_cohort_no_ffpe_variable_only_1500,16,Factor9,RNA,TARGET_OS,1.855534315109253
three_cohort_no_ffpe_variable_only_1500,16,Factor10,RNA,TARGET_OS,2.4527788162231445
three_cohort_no_ffpe_variable_only_1500,16,Factor11,RNA,TARGET_OS,1.8481016159057617
three_cohort_no_ffpe_variable_only_1500,16,Factor12,RNA,TARGET_OS,0.9219944477081299
three_cohort_no_ffpe_variable_only_1500,16,Factor13,RNA,TARGET_OS,1.0717570781707764
