analysis_set,module_label,subspace_name,n_ranks,median_capture,minimum_capture,maximum_capture,median_random_percentile,maximum_empirical_q_global,fraction_ranks_global_q_lt_0_05,median_module_coverage_fraction
four_cohort_core_plus_frozen,M11,all_retained,3,0.043121080531784844,0.01238087030784814,0.11346979267986256,1.0,0.8014629049111808,0.6666666666666666,1.0
four_cohort_core_plus_frozen,M11,gse39055_shared,3,0.008806447301855062,0.007481873290303906,0.013019275605216754,0.5125,0.8014629049111808,0.0,1.0
four_cohort_core_plus_frozen,M11,partially_shared,3,0.03686076079045409,0.0030102579364024496,0.11043583755444247,0.9995,0.8028485757121439,0.6666666666666666,1.0
four_cohort_core_plus_frozen,M11,shared_non_ffpe_only,3,0.03686076079045409,0.0030102579364024496,0.10395867630744995,0.9995,0.8028485757121439,0.6666666666666666,1.0
four_cohort_core_plus_frozen,M11,shared_two_or_more,3,0.043121080531784844,0.01238087030784814,0.11346979267986256,1.0,0.8014629049111808,0.6666666666666666,1.0
four_cohort_core_plus_frozen,M11,ubiquitous_all_groups,3,0.007481873290303906,0.004588404027842178,0.008806447301855062,0.324,0.9231036655585252,0.0,1.0
four_cohort_core_plus_frozen,M24,all_retained,3,0.05484537277384542,0.032146413735404555,0.05795283332768692,0.991,0.12550313990291675,0.6666666666666666,1.0
four_cohort_core_plus_frozen,M24,gse39055_shared,3,0.003444844585238149,0.003204944873528217,0.022292901217865316,0.1205,0.9749017706715504,0.0,1.0
four_cohort_core_plus_frozen,M24,partially_shared,3,0.03691685760547054,0.027644746007404387,0.05378275311447676,0.9705,0.10914542728635682,0.6666666666666666,1.0
four_cohort_core_plus_frozen,M24,shared_non_ffpe_only,3,0.03691685760547054,0.027644746007404387,0.05271137173566037,0.9705,0.10914542728635682,0.6666666666666666,1.0
four_cohort_core_plus_frozen,M24,shared_two_or_more,3,0.05484537277384542,0.032146413735404555,0.05795283332768692,0.991,0.12550313990291675,0.6666666666666666,1.0
four_cohort_core_plus_frozen,M24,ubiquitous_all_groups,3,0.003204944873528217,0.0028116783668106116,0.022292901217865316,0.1205,0.9749017706715504,0.0,1.0
four_cohort_core_plus_frozen,M34,all_retained,3,0.6201956809010909,0.6124609383399372,0.6461472143241483,1.0,0.0009281073748839865,1.0,0.8024691358024691
four_cohort_core_plus_frozen,M34,gse39055_shared,3,0.5993621652754275,0.5853106749392992,0.6042410565003046,1.0,0.0009281073748839865,1.0,0.8024691358024691
four_cohort_core_plus_frozen,M34,partially_shared,3,0.07358070848909147,0.06503375371755862,0.11062930672145377,0.0,1.0,0.0,0.8024691358024691
four_cohort_core_plus_frozen,M34,shared_non_ffpe_only,3,0.07358070848909147,0.06503375371755862,0.11062785355551757,0.0,1.0,0.0,0.8024691358024691
four_cohort_core_plus_frozen,M34,shared_two_or_more,3,0.6201956809010909,0.6124609383399372,0.6461472143241483,1.0,0.0009281073748839865,1.0,0.8024691358024691
four_cohort_core_plus_frozen,M34,ubiquitous_all_groups,3,0.5993621652754275,0.5853106749392992,0.6041522144525552,1.0,0.0009281073748839865,1.0,0.8024691358024691
four_cohort_core_plus_frozen,M40,all_retained,3,0.624596310639023,0.6206324542389882,0.627911291140015,1.0,0.0009281073748839865,1.0,0.7027027027027027
four_cohort_core_plus_frozen,M40,gse39055_shared,3,0.011093827699720176,0.010147279794412175,0.018172859396808957,0.0,1.0,0.0,0.7027027027027027
four_cohort_core_plus_frozen,M40,partially_shared,3,0.6095698992284119,0.6068405549329164,0.6196647520784262,1.0,0.0009281073748839865,1.0,0.7027027027027027
four_cohort_core_plus_frozen,M40,shared_non_ffpe_only,3,0.6095698992284119,0.6068405549329164,0.617454018942619,1.0,0.0009281073748839865,1.0,0.7027027027027027
four_cohort_core_plus_frozen,M40,shared_two_or_more,3,0.624596310639023,0.6206324542389882,0.627911291140015,1.0,0.0009281073748839865,1.0,0.7027027027027027
four_cohort_core_plus_frozen,M40,ubiquitous_all_groups,3,0.011093827699720176,0.004531705120029743,0.018172859396808957,0.0,1.0,0.0,0.7027027027027027
four_cohort_detection_aware,M11,all_retained,3,0.11613416735501307,0.020584671005751985,0.12148707060136499,1.0,0.5772827871778395,0.6666666666666666,0.7142857142857143
four_cohort_detection_aware,M11,gse39055_shared,3,0.020284308597000308,0.017572767468183894,0.025243268918936954,0.7595,0.4929353505065649,0.0,0.7142857142857143
four_cohort_detection_aware,M11,partially_shared,3,0.0920218087848371,0.00035098603567761425,0.09633266180622026,1.0,1.0,0.6666666666666666,0.7142857142857143
four_cohort_detection_aware,M11,shared_non_ffpe_only,3,0.0920218087848371,0.00035098603567761425,0.09633266180622026,1.0,1.0,0.6666666666666666,0.7142857142857143
four_cohort_detection_aware,M11,shared_two_or_more,3,0.11514547680084947,0.020584671005751985,0.11751218033817026,1.0,0.5772827871778395,0.6666666666666666,0.7142857142857143
four_cohort_detection_aware,M11,ubiquitous_all_groups,3,0.020284308597000308,0.017572767468183894,0.025243268918936954,0.7595,0.4929353505065649,0.0,0.7142857142857143
four_cohort_detection_aware,M34,all_retained,3,0.5235802618914179,0.5001704320701909,0.5266810820498895,1.0,0.0009281073748839865,1.0,0.30864197530864196
four_cohort_detection_aware,M34,gse39055_shared,3,0.46327445941813444,0.44365982993681186,0.46479761801976643,1.0,0.0009281073748839865,1.0,0.30864197530864196
four_cohort_detection_aware,M34,partially_shared,3,0.04172913587443065,0.02544179721621416,0.05490575139737141,0.9885,0.17854035944990468,0.6666666666666666,0.30864197530864196
four_cohort_detection_aware,M34,shared_non_ffpe_only,3,0.04172913587443065,0.02544179721621416,0.05490575139737141,0.9885,0.17854035944990468,0.6666666666666666,0.30864197530864196
four_cohort_detection_aware,M34,shared_two_or_more,3,0.5053071959380304,0.5001704320701909,0.5114450619819702,1.0,0.0009281073748839865,1.0,0.30864197530864196
four_cohort_detection_aware,M34,ubiquitous_all_groups,3,0.46327445941813444,0.44365982993681186,0.46479761801976643,1.0,0.0009281073748839865,1.0,0.30864197530864196
four_cohort_detection_aware,M40,all_retained,3,0.4867205857762865,0.4859523385887246,0.48815739329485025,1.0,0.0009281073748839865,1.0,0.2882882882882883
four_cohort_detection_aware,M40,gse39055_shared,3,0.46300259079987394,0.42489151498927513,0.48579192073369193,1.0,0.0009281073748839865,1.0,0.2882882882882883
four_cohort_detection_aware,M40,partially_shared,3,0.02026659825484619,0.005880360619879887,0.06938629243851731,0.914,0.5772827871778395,0.3333333333333333,0.2882882882882883
four_cohort_detection_aware,M40,shared_non_ffpe_only,3,0.02026659825484619,0.005880360619879887,0.06938629243851731,0.914,0.5772827871778395,0.3333333333333333,0.2882882882882883
four_cohort_detection_aware,M40,shared_two_or_more,3,0.48288868297178644,0.4782613869213124,0.4859523385887246,1.0,0.0009281073748839865,1.0,0.2882882882882883
four_cohort_detection_aware,M40,ubiquitous_all_groups,3,0.46300259079987394,0.42489151498927513,0.48579192073369193,1.0,0.0009281073748839865,1.0,0.2882882882882883
three_cohort_no_ffpe,M11,all_retained,3,0.0804820191585559,0.012729312529965705,0.08393439040631842,1.0,0.9078398300849575,0.6666666666666666,1.0
three_cohort_no_ffpe,M11,partially_shared,2,0.000873477586029362,1.721197684000224e-05,0.0017297431952187218,0.406,0.9723865340057244,0.0,1.0
three_cohort_no_ffpe,M11,shared_non_ffpe_only,3,0.0804820191585559,0.012729312529965705,0.08393439040631842,1.0,0.9078398300849575,0.6666666666666666,1.0
three_cohort_no_ffpe,M11,shared_two_or_more,3,0.0804820191585559,0.012729312529965705,0.08393439040631842,1.0,0.9078398300849575,0.6666666666666666,1.0
three_cohort_no_ffpe,M11,ubiquitous_all_groups,3,0.07931300629545349,0.012729312529965705,0.08361981944697155,1.0,0.9078398300849575,0.6666666666666666,1.0
three_cohort_no_ffpe,M24,all_retained,3,0.05323791505749296,0.031523764918417324,0.0546802345761475,0.991,0.17780583392514268,0.6666666666666666,1.0
three_cohort_no_ffpe,M24,partially_shared,2,0.006687772360859314,3.4453914385788587e-05,0.01334109080733284,0.5555,0.958952622454205,0.0,1.0
three_cohort_no_ffpe,M24,shared_non_ffpe_only,3,0.05323791505749296,0.031523764918417324,0.0546802345761475,0.991,0.17780583392514268,0.6666666666666666,1.0
three_cohort_no_ffpe,M24,shared_two_or_more,3,0.05323791505749296,0.031523764918417324,0.0546802345761475,0.991,0.17780583392514268,0.6666666666666666,1.0
three_cohort_no_ffpe,M24,ubiquitous_all_groups,3,0.04234829650424714,0.031523764918417324,0.05439770369893984,0.9695,0.17780583392514268,0.6666666666666666,1.0
three_cohort_no_ffpe,M34,all_retained,3,0.6167826363298136,0.5920613932700726,0.6198683645218509,1.0,0.0009281073748839865,1.0,0.808641975308642
three_cohort_no_ffpe,M34,partially_shared,2,0.029235732993991154,0.011259963239349177,0.04721150274863313,1.0,0.0009281073748839865,1.0,0.808641975308642
three_cohort_no_ffpe,M34,shared_non_ffpe_only,3,0.6167826363298136,0.5920613932700726,0.6198683645218509,1.0,0.0009281073748839865,1.0,0.808641975308642
three_cohort_no_ffpe,M34,shared_two_or_more,3,0.6167826363298136,0.5920613932700726,0.6198683645218509,1.0,0.0009281073748839865,1.0,0.808641975308642
three_cohort_no_ffpe,M34,ubiquitous_all_groups,3,0.6019499649205723,0.5920613932700726,0.6167747826456792,1.0,0.0009281073748839865,1.0,0.808641975308642
three_cohort_no_ffpe,M40,all_retained,3,0.6587492570943695,0.6558936865511694,0.6709598513864173,1.0,0.0009281073748839865,1.0,0.7027027027027027
three_cohort_no_ffpe,M40,partially_shared,2,0.003858397752371851,9.246804669619676e-06,0.007707548700074082,0.25075,1.0,0.0,0.7027027027027027
three_cohort_no_ffpe,M40,shared_non_ffpe_only,3,0.6587492570943695,0.6558936865511694,0.6709598513864173,1.0,0.0009281073748839865,1.0,0.7027027027027027
three_cohort_no_ffpe,M40,shared_two_or_more,3,0.6587492570943695,0.6558936865511694,0.6709598513864173,1.0,0.0009281073748839865,1.0,0.7027027027027027
three_cohort_no_ffpe,M40,ubiquitous_all_groups,3,0.6587492570943695,0.6552124038907684,0.6701196030045725,1.0,0.0009281073748839865,1.0,0.7027027027027027
