analysis_set,initial_factors,module_label,n_frozen_genes,n_naturally_selected_module_genes,natural_coverage_fraction,interpretable,factor,signed_cosine,absolute_cosine,squared_cosine,active_group_count,active_groups,activity_class
four_cohort_variable_only_1500,8,M34,162,100,0.6172839506172839,True,Factor1,-0.5284865882066404,0.5284865882066404,0.2792980739142951,4,DOG2;TARGET_OS;GSE21257;GSE39055,ubiquitous_shared
four_cohort_variable_only_1500,8,M34,162,100,0.6172839506172839,True,Factor2,0.09928531164385501,0.09928531164385501,0.009857573108217412,4,DOG2;TARGET_OS;GSE21257;GSE39055,ubiquitous_shared
four_cohort_variable_only_1500,8,M34,162,100,0.6172839506172839,True,Factor3,-0.10576475129090826,0.10576475129090826,0.01118618261562768,4,DOG2;TARGET_OS;GSE21257;GSE39055,ubiquitous_shared
four_cohort_variable_only_1500,8,M34,162,100,0.6172839506172839,True,Factor4,0.04517223034279537,0.04517223034279537,0.002040530394142563,3,DOG2;TARGET_OS;GSE21257,partially_shared
four_cohort_variable_only_1500,8,M34,162,100,0.6172839506172839,True,Factor5,0.038761146946318985,0.038761146946318985,0.0015024265125941337,3,DOG2;TARGET_OS;GSE21257,partially_shared
four_cohort_variable_only_1500,8,M34,162,100,0.6172839506172839,True,Factor6,0.06581012487217044,0.06581012487217044,0.004330972535690667,3,DOG2;TARGET_OS;GSE21257,partially_shared
four_cohort_variable_only_1500,8,M34,162,100,0.6172839506172839,True,Factor7,0.19260464095539184,0.19260464095539184,0.037096547717555405,3,DOG2;TARGET_OS;GSE21257,partially_shared
four_cohort_variable_only_1500,8,M11,7,6,0.8571428571428571,True,Factor1,0.012927284382126852,0.012927284382126852,0.0001671146814963808,4,DOG2;TARGET_OS;GSE21257;GSE39055,ubiquitous_shared
four_cohort_variable_only_1500,8,M11,7,6,0.8571428571428571,True,Factor2,0.06099035823609481,0.06099035823609481,0.0037198237977671784,4,DOG2;TARGET_OS;GSE21257;GSE39055,ubiquitous_shared
four_cohort_variable_only_1500,8,M11,7,6,0.8571428571428571,True,Factor3,-0.010542592263029487,0.010542592263029487,0.0001111462516244892,4,DOG2;TARGET_OS;GSE21257;GSE39055,ubiquitous_shared
four_cohort_variable_only_1500,8,M11,7,6,0.8571428571428571,True,Factor4,0.057357538734740754,0.057357538734740754,0.003289887249707286,3,DOG2;TARGET_OS;GSE21257,partially_shared
four_cohort_variable_only_1500,8,M11,7,6,0.8571428571428571,True,Factor5,0.08341429184916667,0.08341429184916667,0.006957944084697953,3,DOG2;TARGET_OS;GSE21257,partially_shared
four_cohort_variable_only_1500,8,M11,7,6,0.8571428571428571,True,Factor6,-0.013232438124605457,0.013232438124605457,0.00017509741872151198,3,DOG2;TARGET_OS;GSE21257,partially_shared
four_cohort_variable_only_1500,8,M11,7,6,0.8571428571428571,True,Factor7,0.1148799074667978,0.1148799074667978,0.013197393139580025,3,DOG2;TARGET_OS;GSE21257,partially_shared
four_cohort_variable_only_1500,8,M24,7,3,0.42857142857142855,False,Factor1,-0.0007159432570796946,0.0007159432570796946,5.125747473578816e-07,4,DOG2;TARGET_OS;GSE21257;GSE39055,ubiquitous_shared
four_cohort_variable_only_1500,8,M24,7,3,0.42857142857142855,False,Factor2,0.038596846624270646,0.038596846624270646,0.0014897165693374724,4,DOG2;TARGET_OS;GSE21257;GSE39055,ubiquitous_shared
four_cohort_variable_only_1500,8,M24,7,3,0.42857142857142855,False,Factor3,-0.0030433586139098287,0.0030433586139098287,9.262031652859154e-06,4,DOG2;TARGET_OS;GSE21257;GSE39055,ubiquitous_shared
four_cohort_variable_only_1500,8,M24,7,3,0.42857142857142855,False,Factor4,0.052464599609066936,0.052464599609066936,0.0027525342121397065,3,DOG2;TARGET_OS;GSE21257,partially_shared
four_cohort_variable_only_1500,8,M24,7,3,0.42857142857142855,False,Factor5,0.04623448714275738,0.04623448714275738,0.0021376278013537976,3,DOG2;TARGET_OS;GSE21257,partially_shared
four_cohort_variable_only_1500,8,M24,7,3,0.42857142857142855,False,Factor6,0.031337725072691835,0.031337725072691835,0.0009820530127316186,3,DOG2;TARGET_OS;GSE21257,partially_shared
four_cohort_variable_only_1500,8,M24,7,3,0.42857142857142855,False,Factor7,0.04010382648496515,0.04010382648496515,0.0016083168987361918,3,DOG2;TARGET_OS;GSE21257,partially_shared
four_cohort_variable_only_1500,8,M40,111,64,0.5765765765765766,True,Factor1,-0.06588337690006053,0.06588337690006053,0.00434061935175543,4,DOG2;TARGET_OS;GSE21257;GSE39055,ubiquitous_shared
four_cohort_variable_only_1500,8,M40,111,64,0.5765765765765766,True,Factor2,-0.06478212505273741,0.06478212505273741,0.004196723726348508,4,DOG2;TARGET_OS;GSE21257;GSE39055,ubiquitous_shared
four_cohort_variable_only_1500,8,M40,111,64,0.5765765765765766,True,Factor3,-0.1000338008503023,0.1000338008503023,0.010006761312557943,4,DOG2;TARGET_OS;GSE21257;GSE39055,ubiquitous_shared
four_cohort_variable_only_1500,8,M40,111,64,0.5765765765765766,True,Factor4,0.5315382441902388,0.5315382441902388,0.28253290503684186,3,DOG2;TARGET_OS;GSE21257,partially_shared
four_cohort_variable_only_1500,8,M40,111,64,0.5765765765765766,True,Factor5,0.04271712170591842,0.04271712170591842,0.0018247524868382464,3,DOG2;TARGET_OS;GSE21257,partially_shared
four_cohort_variable_only_1500,8,M40,111,64,0.5765765765765766,True,Factor6,0.04689312700154368,0.04689312700154368,0.0021989653599829052,3,DOG2;TARGET_OS;GSE21257,partially_shared
four_cohort_variable_only_1500,8,M40,111,64,0.5765765765765766,True,Factor7,-0.023468077571434855,0.023468077571434855,0.0005507506648988837,3,DOG2;TARGET_OS;GSE21257,partially_shared
four_cohort_variable_only_1500,12,M34,162,100,0.6172839506172839,True,Factor1,-0.5341508505776682,0.5341508505776682,0.2853171311728464,4,DOG2;TARGET_OS;GSE21257;GSE39055,ubiquitous_shared
four_cohort_variable_only_1500,12,M34,162,100,0.6172839506172839,True,Factor2,0.11224910416134294,0.11224910416134294,0.012599861385024017,4,DOG2;TARGET_OS;GSE21257;GSE39055,ubiquitous_shared
four_cohort_variable_only_1500,12,M34,162,100,0.6172839506172839,True,Factor3,-0.030437665217820237,0.030437665217820237,0.0009264514639121038,4,DOG2;TARGET_OS;GSE21257;GSE39055,ubiquitous_shared
four_cohort_variable_only_1500,12,M34,162,100,0.6172839506172839,True,Factor4,0.03005308386159062,0.03005308386159062,0.0009031878495917986,3,DOG2;TARGET_OS;GSE21257,partially_shared
four_cohort_variable_only_1500,12,M34,162,100,0.6172839506172839,True,Factor5,-0.05735739962488857,0.05735739962488857,0.003289871291729167,1,GSE21257,group_specific
four_cohort_variable_only_1500,12,M34,162,100,0.6172839506172839,True,Factor6,-0.05813923743212453,0.05813923743212453,0.00338017092918895,3,DOG2;TARGET_OS;GSE21257,partially_shared
four_cohort_variable_only_1500,12,M34,162,100,0.6172839506172839,True,Factor7,0.06633538571014005,0.06633538571014005,0.004400383397313053,4,DOG2;TARGET_OS;GSE21257;GSE39055,ubiquitous_shared
four_cohort_variable_only_1500,12,M34,162,100,0.6172839506172839,True,Factor8,0.04226977582516716,0.04226977582516716,0.001786733948309886,3,DOG2;TARGET_OS;GSE21257,partially_shared
four_cohort_variable_only_1500,12,M34,162,100,0.6172839506172839,True,Factor9,0.11781215196049855,0.11781215196049855,0.013879703149563601,3,DOG2;TARGET_OS;GSE21257,partially_shared
four_cohort_variable_only_1500,12,M34,162,100,0.6172839506172839,True,Factor10,0.12848545772885764,0.12848545772885764,0.016508512847794064,2,DOG2;TARGET_OS,partially_shared
four_cohort_variable_only_1500,12,M11,7,6,0.8571428571428571,True,Factor1,0.010087253946087761,0.010087253946087761,0.0001017526921728631,4,DOG2;TARGET_OS;GSE21257;GSE39055,ubiquitous_shared
four_cohort_variable_only_1500,12,M11,7,6,0.8571428571428571,True,Factor2,0.0613171758079628,0.0613171758079628,0.003759796049064619,4,DOG2;TARGET_OS;GSE21257;GSE39055,ubiquitous_shared
four_cohort_variable_only_1500,12,M11,7,6,0.8571428571428571,True,Factor3,0.04082449538616069,0.04082449538616069,0.0016666394235346554,4,DOG2;TARGET_OS;GSE21257;GSE39055,ubiquitous_shared
four_cohort_variable_only_1500,12,M11,7,6,0.8571428571428571,True,Factor4,0.05966337147102249,0.05966337147102249,0.0035597178952892204,3,DOG2;TARGET_OS;GSE21257,partially_shared
four_cohort_variable_only_1500,12,M11,7,6,0.8571428571428571,True,Factor5,0.05101764715553136,0.05101764715553136,0.0026028003212862968,1,GSE21257,group_specific
four_cohort_variable_only_1500,12,M11,7,6,0.8571428571428571,True,Factor6,-0.03632749413407448,0.03632749413407448,0.001319686830061216,3,DOG2;TARGET_OS;GSE21257,partially_shared
four_cohort_variable_only_1500,12,M11,7,6,0.8571428571428571,True,Factor7,0.004920628984479455,0.004920628984479455,2.4212589602899315e-05,4,DOG2;TARGET_OS;GSE21257;GSE39055,ubiquitous_shared
four_cohort_variable_only_1500,12,M11,7,6,0.8571428571428571,True,Factor8,0.10702823794654526,0.10702823794654526,0.01145504371794231,3,DOG2;TARGET_OS;GSE21257,partially_shared
four_cohort_variable_only_1500,12,M11,7,6,0.8571428571428571,True,Factor9,0.09809143373197239,0.09809143373197239,0.00962192937159393,3,DOG2;TARGET_OS;GSE21257,partially_shared
four_cohort_variable_only_1500,12,M11,7,6,0.8571428571428571,True,Factor10,0.0229763293196131,0.0229763293196131,0.0005279117090033126,2,DOG2;TARGET_OS,partially_shared
four_cohort_variable_only_1500,12,M24,7,3,0.42857142857142855,False,Factor1,-0.0020561271383258773,0.0020561271383258773,4.227658808960161e-06,4,DOG2;TARGET_OS;GSE21257;GSE39055,ubiquitous_shared
four_cohort_variable_only_1500,12,M24,7,3,0.42857142857142855,False,Factor2,0.040585411582249174,0.040585411582249174,0.0016471756333005655,4,DOG2;TARGET_OS;GSE21257;GSE39055,ubiquitous_shared
four_cohort_variable_only_1500,12,M24,7,3,0.42857142857142855,False,Factor3,0.036742777427140445,0.036742777427140445,0.0013500316930603815,4,DOG2;TARGET_OS;GSE21257;GSE39055,ubiquitous_shared
four_cohort_variable_only_1500,12,M24,7,3,0.42857142857142855,False,Factor4,0.04168609593630077,0.04168609593630077,0.0017377305944104718,3,DOG2;TARGET_OS;GSE21257,partially_shared
four_cohort_variable_only_1500,12,M24,7,3,0.42857142857142855,False,Factor5,0.02462833527843138,0.02462833527843138,0.0006065548985868277,1,GSE21257,group_specific
four_cohort_variable_only_1500,12,M24,7,3,0.42857142857142855,False,Factor6,-0.01977098378565867,0.01977098378565867,0.000390891799852778,3,DOG2;TARGET_OS;GSE21257,partially_shared
four_cohort_variable_only_1500,12,M24,7,3,0.42857142857142855,False,Factor7,0.04281227673199626,0.04281227673199626,0.0018328910389770283,4,DOG2;TARGET_OS;GSE21257;GSE39055,ubiquitous_shared
four_cohort_variable_only_1500,12,M24,7,3,0.42857142857142855,False,Factor8,0.011861818814274583,0.011861818814274583,0.00014070274558267848,3,DOG2;TARGET_OS;GSE21257,partially_shared
four_cohort_variable_only_1500,12,M24,7,3,0.42857142857142855,False,Factor9,0.028013236948330213,0.028013236948330213,0.000784741444323293,3,DOG2;TARGET_OS;GSE21257,partially_shared
four_cohort_variable_only_1500,12,M24,7,3,0.42857142857142855,False,Factor10,0.05454266597907308,0.05454266597907308,0.0029749024121047355,2,DOG2;TARGET_OS,partially_shared
four_cohort_variable_only_1500,12,M40,111,64,0.5765765765765766,True,Factor1,-0.1096953546386029,0.1096953546386029,0.01203307082928886,4,DOG2;TARGET_OS;GSE21257;GSE39055,ubiquitous_shared
four_cohort_variable_only_1500,12,M40,111,64,0.5765765765765766,True,Factor2,-0.052266293140824836,0.052266293140824836,0.0027317653986826335,4,DOG2;TARGET_OS;GSE21257;GSE39055,ubiquitous_shared
four_cohort_variable_only_1500,12,M40,111,64,0.5765765765765766,True,Factor3,0.0002092417100545756,0.0002092417100545756,4.378209322656308e-08,4,DOG2;TARGET_OS;GSE21257;GSE39055,ubiquitous_shared
four_cohort_variable_only_1500,12,M40,111,64,0.5765765765765766,True,Factor4,0.5482163125312559,0.5482163125312559,0.30054112532536764,3,DOG2;TARGET_OS;GSE21257,partially_shared
four_cohort_variable_only_1500,12,M40,111,64,0.5765765765765766,True,Factor5,-0.04991934281201706,0.04991934281201706,0.0024919407867836797,1,GSE21257,group_specific
four_cohort_variable_only_1500,12,M40,111,64,0.5765765765765766,True,Factor6,-0.04112375818488114,0.04112375818488114,0.0016911634872485786,3,DOG2;TARGET_OS;GSE21257,partially_shared
four_cohort_variable_only_1500,12,M40,111,64,0.5765765765765766,True,Factor7,0.01649793562971433,0.01649793562971433,0.0002721818800421976,4,DOG2;TARGET_OS;GSE21257;GSE39055,ubiquitous_shared
four_cohort_variable_only_1500,12,M40,111,64,0.5765765765765766,True,Factor8,0.05978830646021386,0.05978830646021386,0.00357464158938045,3,DOG2;TARGET_OS;GSE21257,partially_shared
four_cohort_variable_only_1500,12,M40,111,64,0.5765765765765766,True,Factor9,-0.07519311369910961,0.07519311369910961,0.005654004347767225,3,DOG2;TARGET_OS;GSE21257,partially_shared
four_cohort_variable_only_1500,12,M40,111,64,0.5765765765765766,True,Factor10,0.09826355241205982,0.09826355241205982,0.009655725732637628,2,DOG2;TARGET_OS,partially_shared
four_cohort_variable_only_1500,16,M34,162,100,0.6172839506172839,True,Factor1,-0.5446789731193108,0.5446789731193108,0.29667518375830687,4,DOG2;TARGET_OS;GSE21257;GSE39055,ubiquitous_shared
four_cohort_variable_only_1500,16,M34,162,100,0.6172839506172839,True,Factor2,0.024184435605919135,0.024184435605919135,0.0005848869255768493,4,DOG2;TARGET_OS;GSE21257;GSE39055,ubiquitous_shared
four_cohort_variable_only_1500,16,M34,162,100,0.6172839506172839,True,Factor3,-0.06387863416524135,0.06387863416524135,0.0040804799028167395,4,DOG2;TARGET_OS;GSE21257;GSE39055,ubiquitous_shared
four_cohort_variable_only_1500,16,M34,162,100,0.6172839506172839,True,Factor4,0.027682427565193755,0.027682427565193755,0.000766316795902199,3,DOG2;TARGET_OS;GSE21257,partially_shared
four_cohort_variable_only_1500,16,M34,162,100,0.6172839506172839,True,Factor5,-0.05016901212078036,0.05016901212078036,0.0025169297771750064,1,GSE21257,group_specific
four_cohort_variable_only_1500,16,M34,162,100,0.6172839506172839,True,Factor6,-0.05740852034148064,0.05740852034148064,0.0032957382077981965,3,DOG2;TARGET_OS;GSE21257,partially_shared
four_cohort_variable_only_1500,16,M34,162,100,0.6172839506172839,True,Factor7,0.043854124766098984,0.043854124766098984,0.0019231842590005763,3,DOG2;TARGET_OS;GSE21257,partially_shared
four_cohort_variable_only_1500,16,M34,162,100,0.6172839506172839,True,Factor8,0.06972119236875955,0.06972119236875955,0.004861044665321575,1,GSE39055,group_specific
four_cohort_variable_only_1500,16,M34,162,100,0.6172839506172839,True,Factor9,0.10290182079490583,0.10290182079490583,0.010588784722906914,3,DOG2;TARGET_OS;GSE21257,partially_shared
four_cohort_variable_only_1500,16,M34,162,100,0.6172839506172839,True,Factor10,0.08413421359149963,0.08413421359149963,0.007078565896660081,3,DOG2;TARGET_OS;GSE21257,partially_shared
four_cohort_variable_only_1500,16,M34,162,100,0.6172839506172839,True,Factor11,0.055396211148278286,0.055396211148278286,0.0030687402095846317,3,DOG2;TARGET_OS;GSE21257,partially_shared
four_cohort_variable_only_1500,16,M34,162,100,0.6172839506172839,True,Factor12,-0.01862044752531127,0.01862044752531127,0.00034672106604287053,2,DOG2;TARGET_OS,partially_shared
four_cohort_variable_only_1500,16,M34,162,100,0.6172839506172839,True,Factor13,-0.07801977371976945,0.07801977371976945,0.006087085091284028,1,DOG2,group_specific
four_cohort_variable_only_1500,16,M11,7,6,0.8571428571428571,True,Factor1,0.004099575663119843,0.004099575663119843,1.6806520617644503e-05,4,DOG2;TARGET_OS;GSE21257;GSE39055,ubiquitous_shared
four_cohort_variable_only_1500,16,M11,7,6,0.8571428571428571,True,Factor2,0.050344375473399657,0.050344375473399657,0.002534556141806645,4,DOG2;TARGET_OS;GSE21257;GSE39055,ubiquitous_shared
four_cohort_variable_only_1500,16,M11,7,6,0.8571428571428571,True,Factor3,0.0015363026323869913,0.0015363026323869913,2.360225778279199e-06,4,DOG2;TARGET_OS;GSE21257;GSE39055,ubiquitous_shared
four_cohort_variable_only_1500,16,M11,7,6,0.8571428571428571,True,Factor4,0.05100554549536808,0.05100554549536808,0.002601565671280063,3,DOG2;TARGET_OS;GSE21257,partially_shared
four_cohort_variable_only_1500,16,M11,7,6,0.8571428571428571,True,Factor5,0.046235639440761665,0.046235639440761665,0.0021377343544961157,1,GSE21257,group_specific
four_cohort_variable_only_1500,16,M11,7,6,0.8571428571428571,True,Factor6,-0.06471449508064166,0.06471449508064166,0.004187965873542393,3,DOG2;TARGET_OS;GSE21257,partially_shared
four_cohort_variable_only_1500,16,M11,7,6,0.8571428571428571,True,Factor7,0.002147287421748447,0.002147287421748447,4.610843271599092e-06,3,DOG2;TARGET_OS;GSE21257,partially_shared
four_cohort_variable_only_1500,16,M11,7,6,0.8571428571428571,True,Factor8,0.006797497366545207,0.006797497366545207,4.620597044818902e-05,1,GSE39055,group_specific
four_cohort_variable_only_1500,16,M11,7,6,0.8571428571428571,True,Factor9,0.08104890866943291,0.08104890866943291,0.006568925596506078,3,DOG2;TARGET_OS;GSE21257,partially_shared
four_cohort_variable_only_1500,16,M11,7,6,0.8571428571428571,True,Factor10,0.1307847765630324,0.1307847765630324,0.017104657780642307,3,DOG2;TARGET_OS;GSE21257,partially_shared
four_cohort_variable_only_1500,16,M11,7,6,0.8571428571428571,True,Factor11,-0.020724107350439665,0.020724107350439665,0.00042948862547254735,3,DOG2;TARGET_OS;GSE21257,partially_shared
four_cohort_variable_only_1500,16,M11,7,6,0.8571428571428571,True,Factor12,-0.12118130278652181,0.12118130278652181,0.014684908145038679,2,DOG2;TARGET_OS,partially_shared
four_cohort_variable_only_1500,16,M11,7,6,0.8571428571428571,True,Factor13,-0.01589595585215015,0.01589595585215015,0.00025268141245350656,1,DOG2,group_specific
four_cohort_variable_only_1500,16,M24,7,3,0.42857142857142855,False,Factor1,-0.0070387007855106975,0.0070387007855106975,4.954330874794891e-05,4,DOG2;TARGET_OS;GSE21257;GSE39055,ubiquitous_shared
four_cohort_variable_only_1500,16,M24,7,3,0.42857142857142855,False,Factor2,0.03593717246521307,0.03593717246521307,0.0012914803647944687,4,DOG2;TARGET_OS;GSE21257;GSE39055,ubiquitous_shared
four_cohort_variable_only_1500,16,M24,7,3,0.42857142857142855,False,Factor3,0.0035581531241191855,0.0035581531241191855,1.266045365467912e-05,4,DOG2;TARGET_OS;GSE21257;GSE39055,ubiquitous_shared
four_cohort_variable_only_1500,16,M24,7,3,0.42857142857142855,False,Factor4,0.03238033549077011,0.03238033549077011,0.0010484861264948263,3,DOG2;TARGET_OS;GSE21257,partially_shared
four_cohort_variable_only_1500,16,M24,7,3,0.42857142857142855,False,Factor5,0.018538694398833683,0.018538694398833683,0.00034368319001334735,1,GSE21257,group_specific
four_cohort_variable_only_1500,16,M24,7,3,0.42857142857142855,False,Factor6,-0.04047996041823008,0.04047996041823008,0.0016386271954614738,3,DOG2;TARGET_OS;GSE21257,partially_shared
four_cohort_variable_only_1500,16,M24,7,3,0.42857142857142855,False,Factor7,0.010067234150175092,0.010067234150175092,0.00010134920343445161,3,DOG2;TARGET_OS;GSE21257,partially_shared
four_cohort_variable_only_1500,16,M24,7,3,0.42857142857142855,False,Factor8,0.0360243999113068,0.0360243999113068,0.0012977573889697614,1,GSE39055,group_specific
four_cohort_variable_only_1500,16,M24,7,3,0.42857142857142855,False,Factor9,0.0100267562230781,0.0100267562230781,0.00010053584035703542,3,DOG2;TARGET_OS;GSE21257,partially_shared
four_cohort_variable_only_1500,16,M24,7,3,0.42857142857142855,False,Factor10,0.057036680918764154,0.057036680918764154,0.003253182970228915,3,DOG2;TARGET_OS;GSE21257,partially_shared
four_cohort_variable_only_1500,16,M24,7,3,0.42857142857142855,False,Factor11,0.020045626315681818,0.020045626315681818,0.0004018271343879554,3,DOG2;TARGET_OS;GSE21257,partially_shared
four_cohort_variable_only_1500,16,M24,7,3,0.42857142857142855,False,Factor12,-0.026744240730095334,0.026744240730095334,0.0007152544122292902,2,DOG2;TARGET_OS,partially_shared
four_cohort_variable_only_1500,16,M24,7,3,0.42857142857142855,False,Factor13,-0.06797100512556284,0.06797100512556284,0.004620057537779289,1,DOG2,group_specific
four_cohort_variable_only_1500,16,M40,111,64,0.5765765765765766,True,Factor1,-0.11277463538665991,0.11277463538665991,0.012718118386594085,4,DOG2;TARGET_OS;GSE21257;GSE39055,ubiquitous_shared
four_cohort_variable_only_1500,16,M40,111,64,0.5765765765765766,True,Factor2,-0.06899220802802218,0.06899220802802218,0.004759924768581889,4,DOG2;TARGET_OS;GSE21257;GSE39055,ubiquitous_shared
four_cohort_variable_only_1500,16,M40,111,64,0.5765765765765766,True,Factor3,-0.016718022259989963,0.016718022259989963,0.0002794922682855199,4,DOG2;TARGET_OS;GSE21257;GSE39055,ubiquitous_shared
four_cohort_variable_only_1500,16,M40,111,64,0.5765765765765766,True,Factor4,0.5692063917121484,0.5692063917121484,0.3239959163659637,3,DOG2;TARGET_OS;GSE21257,partially_shared
four_cohort_variable_only_1500,16,M40,111,64,0.5765765765765766,True,Factor5,-0.04749956971159218,0.04749956971159218,0.002256209122786405,1,GSE21257,group_specific
four_cohort_variable_only_1500,16,M40,111,64,0.5765765765765766,True,Factor6,-0.009710090554245909,0.009710090554245909,9.428585857165562e-05,3,DOG2;TARGET_OS;GSE21257,partially_shared
four_cohort_variable_only_1500,16,M40,111,64,0.5765765765765766,True,Factor7,0.09019088414199533,0.09019088414199533,0.008134395582314826,3,DOG2;TARGET_OS;GSE21257,partially_shared
four_cohort_variable_only_1500,16,M40,111,64,0.5765765765765766,True,Factor8,0.007796081155924876,0.007796081155924876,6.077888138976695e-05,1,GSE39055,group_specific
four_cohort_variable_only_1500,16,M40,111,64,0.5765765765765766,True,Factor9,-0.0653858245635862,0.0653858245635862,0.004275306053860072,3,DOG2;TARGET_OS;GSE21257,partially_shared
four_cohort_variable_only_1500,16,M40,111,64,0.5765765765765766,True,Factor10,0.042982567087286594,0.042982567087286594,0.0018475010734130928,3,DOG2;TARGET_OS;GSE21257,partially_shared
four_cohort_variable_only_1500,16,M40,111,64,0.5765765765765766,True,Factor11,-0.0075148586097599016,0.0075148586097599016,5.647309992468252e-05,3,DOG2;TARGET_OS;GSE21257,partially_shared
four_cohort_variable_only_1500,16,M40,111,64,0.5765765765765766,True,Factor12,-0.0320035218433834,0.0320035218433834,0.0010242254103799183,2,DOG2;TARGET_OS,partially_shared
four_cohort_variable_only_1500,16,M40,111,64,0.5765765765765766,True,Factor13,-0.0715653897094223,0.0715653897094223,0.005121605004261488,1,DOG2,group_specific
four_cohort_detection_aware_variable_only_700,8,M34,162,40,0.24691358024691357,True,Factor1,-0.48071970740658615,0.48071970740658615,0.2310914370890738,4,DOG2;TARGET_OS;GSE21257;GSE39055,ubiquitous_shared
four_cohort_detection_aware_variable_only_700,8,M34,162,40,0.24691358024691357,True,Factor2,0.13471903904164628,0.13471903904164628,0.018149219480304617,4,DOG2;TARGET_OS;GSE21257;GSE39055,ubiquitous_shared
four_cohort_detection_aware_variable_only_700,8,M34,162,40,0.24691358024691357,True,Factor3,-0.06359818702312602,0.06359818702312602,0.004044729392628514,4,DOG2;TARGET_OS;GSE21257;GSE39055,ubiquitous_shared
four_cohort_detection_aware_variable_only_700,8,M34,162,40,0.24691358024691357,True,Factor4,-0.05333888164288134,0.05333888164288134,0.0028450362949133043,4,DOG2;TARGET_OS;GSE21257;GSE39055,ubiquitous_shared
four_cohort_detection_aware_variable_only_700,8,M34,162,40,0.24691358024691357,True,Factor5,-0.03596000904216018,0.03596000904216018,0.001293122250312242,3,DOG2;TARGET_OS;GSE21257,partially_shared
four_cohort_detection_aware_variable_only_700,8,M34,162,40,0.24691358024691357,True,Factor6,0.07432977303314396,0.07432977303314396,0.005524915159158695,3,DOG2;TARGET_OS;GSE21257,partially_shared
four_cohort_detection_aware_variable_only_700,8,M11,7,5,0.7142857142857143,True,Factor1,0.015994318681219453,0.015994318681219453,0.00025581823007640557,4,DOG2;TARGET_OS;GSE21257;GSE39055,ubiquitous_shared
four_cohort_detection_aware_variable_only_700,8,M11,7,5,0.7142857142857143,True,Factor2,0.09949893175646995,0.09949893175646995,0.009900037420678666,4,DOG2;TARGET_OS;GSE21257;GSE39055,ubiquitous_shared
four_cohort_detection_aware_variable_only_700,8,M11,7,5,0.7142857142857143,True,Factor3,0.037841918793127115,0.037841918793127115,0.001432010817945627,4,DOG2;TARGET_OS;GSE21257;GSE39055,ubiquitous_shared
four_cohort_detection_aware_variable_only_700,8,M11,7,5,0.7142857142857143,True,Factor4,0.06124946606849,0.06124946606849,0.003751497093675108,4,DOG2;TARGET_OS;GSE21257;GSE39055,ubiquitous_shared
four_cohort_detection_aware_variable_only_700,8,M11,7,5,0.7142857142857143,True,Factor5,0.004268648247545839,0.004268648247545839,1.822135786127616e-05,3,DOG2;TARGET_OS;GSE21257,partially_shared
four_cohort_detection_aware_variable_only_700,8,M11,7,5,0.7142857142857143,True,Factor6,0.021168758678620468,0.021168758678620468,0.0004481163439936694,3,DOG2;TARGET_OS;GSE21257,partially_shared
four_cohort_detection_aware_variable_only_700,8,M24,7,0,0.0,False,Factor1,,,,4,DOG2;TARGET_OS;GSE21257;GSE39055,ubiquitous_shared
four_cohort_detection_aware_variable_only_700,8,M24,7,0,0.0,False,Factor2,,,,4,DOG2;TARGET_OS;GSE21257;GSE39055,ubiquitous_shared
four_cohort_detection_aware_variable_only_700,8,M24,7,0,0.0,False,Factor3,,,,4,DOG2;TARGET_OS;GSE21257;GSE39055,ubiquitous_shared
four_cohort_detection_aware_variable_only_700,8,M24,7,0,0.0,False,Factor4,,,,4,DOG2;TARGET_OS;GSE21257;GSE39055,ubiquitous_shared
four_cohort_detection_aware_variable_only_700,8,M24,7,0,0.0,False,Factor5,,,,3,DOG2;TARGET_OS;GSE21257,partially_shared
four_cohort_detection_aware_variable_only_700,8,M24,7,0,0.0,False,Factor6,,,,3,DOG2;TARGET_OS;GSE21257,partially_shared
four_cohort_detection_aware_variable_only_700,8,M40,111,29,0.26126126126126126,True,Factor1,-0.19525015201216195,0.19525015201216195,0.03812262186077235,4,DOG2;TARGET_OS;GSE21257;GSE39055,ubiquitous_shared
four_cohort_detection_aware_variable_only_700,8,M40,111,29,0.26126126126126126,True,Factor2,-0.058208928420571585,0.058208928420571585,0.0033882793478712263,4,DOG2;TARGET_OS;GSE21257;GSE39055,ubiquitous_shared
four_cohort_detection_aware_variable_only_700,8,M40,111,29,0.26126126126126126,True,Factor3,-0.024127170316697928,0.024127170316697928,0.0005821203474909496,4,DOG2;TARGET_OS;GSE21257;GSE39055,ubiquitous_shared
four_cohort_detection_aware_variable_only_700,8,M40,111,29,0.26126126126126126,True,Factor4,0.5083697637239805,0.5083697637239805,0.25843981666877575,4,DOG2;TARGET_OS;GSE21257;GSE39055,ubiquitous_shared
four_cohort_detection_aware_variable_only_700,8,M40,111,29,0.26126126126126126,True,Factor5,0.07989833061775721,0.07989833061775721,0.00638374323550444,3,DOG2;TARGET_OS;GSE21257,partially_shared
four_cohort_detection_aware_variable_only_700,8,M40,111,29,0.26126126126126126,True,Factor6,0.05007394719874974,0.05007394719874974,0.002507400188063177,3,DOG2;TARGET_OS;GSE21257,partially_shared
four_cohort_detection_aware_variable_only_700,12,M34,162,40,0.24691358024691357,True,Factor1,-0.4682074843406851,0.4682074843406851,0.21921824839263288,4,DOG2;TARGET_OS;GSE21257;GSE39055,ubiquitous_shared
four_cohort_detection_aware_variable_only_700,12,M34,162,40,0.24691358024691357,True,Factor2,0.13241301796572116,0.13241301796572116,0.017533207326790395,4,DOG2;TARGET_OS;GSE21257;GSE39055,ubiquitous_shared
four_cohort_detection_aware_variable_only_700,12,M34,162,40,0.24691358024691357,True,Factor3,-0.15243154478824592,0.15243154478824592,0.02323537584653102,4,DOG2;TARGET_OS;GSE21257;GSE39055,ubiquitous_shared
four_cohort_detection_aware_variable_only_700,12,M34,162,40,0.24691358024691357,True,Factor4,0.005831397570402226,0.005831397570402226,3.4005197624092984e-05,4,DOG2;TARGET_OS;GSE21257;GSE39055,ubiquitous_shared
four_cohort_detection_aware_variable_only_700,12,M34,162,40,0.24691358024691357,True,Factor5,0.03690748824283738,0.03690748824283738,0.0013621626883951793,3,DOG2;TARGET_OS;GSE21257,partially_shared
four_cohort_detection_aware_variable_only_700,12,M34,162,40,0.24691358024691357,True,Factor6,-0.07765990272024076,0.07765990272024076,0.006031060490517258,4,DOG2;TARGET_OS;GSE21257;GSE39055,ubiquitous_shared
four_cohort_detection_aware_variable_only_700,12,M34,162,40,0.24691358024691357,True,Factor7,-0.08423404374298465,0.08423404374298465,0.007095374125295052,3,DOG2;TARGET_OS;GSE21257,partially_shared
four_cohort_detection_aware_variable_only_700,12,M34,162,40,0.24691358024691357,True,Factor8,-0.16749380219245646,0.16749380219245646,0.028054173772885733,3,DOG2;TARGET_OS;GSE21257,partially_shared
four_cohort_detection_aware_variable_only_700,12,M11,7,5,0.7142857142857143,True,Factor1,0.02174393433077597,0.02174393433077597,0.0004727986801810978,4,DOG2;TARGET_OS;GSE21257;GSE39055,ubiquitous_shared
four_cohort_detection_aware_variable_only_700,12,M11,7,5,0.7142857142857143,True,Factor2,0.08400104614127026,0.08400104614127026,0.0070561757528278144,4,DOG2;TARGET_OS;GSE21257;GSE39055,ubiquitous_shared
four_cohort_detection_aware_variable_only_700,12,M11,7,5,0.7142857142857143,True,Factor3,-0.002859310346344294,0.002859310346344294,8.175655656711526e-06,4,DOG2;TARGET_OS;GSE21257;GSE39055,ubiquitous_shared
four_cohort_detection_aware_variable_only_700,12,M11,7,5,0.7142857142857143,True,Factor4,0.021005715054579762,0.021005715054579762,0.00044124006495419884,4,DOG2;TARGET_OS;GSE21257;GSE39055,ubiquitous_shared
four_cohort_detection_aware_variable_only_700,12,M11,7,5,0.7142857142857143,True,Factor5,-0.031235295373499793,0.031235295373499793,0.0009756436770697776,3,DOG2;TARGET_OS;GSE21257,partially_shared
four_cohort_detection_aware_variable_only_700,12,M11,7,5,0.7142857142857143,True,Factor6,0.07281016752502888,0.07281016752502888,0.005301320495022769,4,DOG2;TARGET_OS;GSE21257;GSE39055,ubiquitous_shared
four_cohort_detection_aware_variable_only_700,12,M11,7,5,0.7142857142857143,True,Factor7,-0.03200641472279938,0.03200641472279938,0.001024410583407829,3,DOG2;TARGET_OS;GSE21257,partially_shared
four_cohort_detection_aware_variable_only_700,12,M11,7,5,0.7142857142857143,True,Factor8,-0.21563053266427723,0.21563053266427723,0.04649652661707993,3,DOG2;TARGET_OS;GSE21257,partially_shared
four_cohort_detection_aware_variable_only_700,12,M24,7,0,0.0,False,Factor1,,,,4,DOG2;TARGET_OS;GSE21257;GSE39055,ubiquitous_shared
four_cohort_detection_aware_variable_only_700,12,M24,7,0,0.0,False,Factor2,,,,4,DOG2;TARGET_OS;GSE21257;GSE39055,ubiquitous_shared
four_cohort_detection_aware_variable_only_700,12,M24,7,0,0.0,False,Factor3,,,,4,DOG2;TARGET_OS;GSE21257;GSE39055,ubiquitous_shared
four_cohort_detection_aware_variable_only_700,12,M24,7,0,0.0,False,Factor4,,,,4,DOG2;TARGET_OS;GSE21257;GSE39055,ubiquitous_shared
four_cohort_detection_aware_variable_only_700,12,M24,7,0,0.0,False,Factor5,,,,3,DOG2;TARGET_OS;GSE21257,partially_shared
four_cohort_detection_aware_variable_only_700,12,M24,7,0,0.0,False,Factor6,,,,4,DOG2;TARGET_OS;GSE21257;GSE39055,ubiquitous_shared
four_cohort_detection_aware_variable_only_700,12,M24,7,0,0.0,False,Factor7,,,,3,DOG2;TARGET_OS;GSE21257,partially_shared
four_cohort_detection_aware_variable_only_700,12,M24,7,0,0.0,False,Factor8,,,,3,DOG2;TARGET_OS;GSE21257,partially_shared
four_cohort_detection_aware_variable_only_700,12,M40,111,29,0.26126126126126126,True,Factor1,-0.20890966889575358,0.20890966889575358,0.04364324975813339,4,DOG2;TARGET_OS;GSE21257;GSE39055,ubiquitous_shared
four_cohort_detection_aware_variable_only_700,12,M40,111,29,0.26126126126126126,True,Factor2,-0.05614267038437782,0.05614267038437782,0.0031519994378888944,4,DOG2;TARGET_OS;GSE21257;GSE39055,ubiquitous_shared
four_cohort_detection_aware_variable_only_700,12,M40,111,29,0.26126126126126126,True,Factor3,-0.016114243520255738,0.016114243520255738,0.000259668844230104,4,DOG2;TARGET_OS;GSE21257;GSE39055,ubiquitous_shared
four_cohort_detection_aware_variable_only_700,12,M40,111,29,0.26126126126126126,True,Factor4,0.02898510186241437,0.02898510186241437,0.0008401361299745369,4,DOG2;TARGET_OS;GSE21257;GSE39055,ubiquitous_shared
four_cohort_detection_aware_variable_only_700,12,M40,111,29,0.26126126126126126,True,Factor5,-0.03407032413708515,0.03407032413708515,0.0011607869868060468,3,DOG2;TARGET_OS;GSE21257,partially_shared
four_cohort_detection_aware_variable_only_700,12,M40,111,29,0.26126126126126126,True,Factor6,0.5012834598294379,0.5012834598294379,0.25128510709857166,4,DOG2;TARGET_OS;GSE21257;GSE39055,ubiquitous_shared
four_cohort_detection_aware_variable_only_700,12,M40,111,29,0.26126126126126126,True,Factor7,0.050868108156028116,0.050868108156028116,0.002587564427373374,3,DOG2;TARGET_OS;GSE21257,partially_shared
four_cohort_detection_aware_variable_only_700,12,M40,111,29,0.26126126126126126,True,Factor8,-0.02766759566446698,0.02766759566446698,0.0007654958498524321,3,DOG2;TARGET_OS;GSE21257,partially_shared
four_cohort_detection_aware_variable_only_700,16,M34,162,40,0.24691358024691357,True,Factor1,-0.4773873519615236,0.4773873519615236,0.2278986838128356,4,DOG2;TARGET_OS;GSE21257;GSE39055,ubiquitous_shared
four_cohort_detection_aware_variable_only_700,16,M34,162,40,0.24691358024691357,True,Factor2,-0.10881549367513928,0.10881549367513928,0.011840811663764276,4,DOG2;TARGET_OS;GSE21257;GSE39055,ubiquitous_shared
four_cohort_detection_aware_variable_only_700,16,M34,162,40,0.24691358024691357,True,Factor3,-0.10727512514234186,0.10727512514234186,0.011507952474305106,4,DOG2;TARGET_OS;GSE21257;GSE39055,ubiquitous_shared
four_cohort_detection_aware_variable_only_700,16,M34,162,40,0.24691358024691357,True,Factor4,-0.05882686632788642,0.05882686632788642,0.0034606002019590167,4,DOG2;TARGET_OS;GSE21257;GSE39055,ubiquitous_shared
four_cohort_detection_aware_variable_only_700,16,M34,162,40,0.24691358024691357,True,Factor5,0.05071873897050447,0.05071873897050447,0.0025723904827581684,1,GSE21257,group_specific
four_cohort_detection_aware_variable_only_700,16,M34,162,40,0.24691358024691357,True,Factor6,-0.07909289204293629,0.07909289204293629,0.006255685571715575,4,DOG2;TARGET_OS;GSE21257;GSE39055,ubiquitous_shared
four_cohort_detection_aware_variable_only_700,16,M34,162,40,0.24691358024691357,True,Factor7,0.052295868383933776,0.052295868383933776,0.0027348578500297244,3,DOG2;TARGET_OS;GSE21257,partially_shared
four_cohort_detection_aware_variable_only_700,16,M34,162,40,0.24691358024691357,True,Factor8,0.0336211041834446,0.0336211041834446,0.001130378646514036,4,DOG2;TARGET_OS;GSE21257;GSE39055,ubiquitous_shared
four_cohort_detection_aware_variable_only_700,16,M34,162,40,0.24691358024691357,True,Factor9,0.04518426094159798,0.04518426094159798,0.0020416174368384165,4,DOG2;TARGET_OS;GSE21257;GSE39055,ubiquitous_shared
four_cohort_detection_aware_variable_only_700,16,M34,162,40,0.24691358024691357,True,Factor10,-0.23129578257488262,0.23129578257488262,0.05349773903692737,3,DOG2;TARGET_OS;GSE21257,partially_shared
four_cohort_detection_aware_variable_only_700,16,M34,162,40,0.24691358024691357,True,Factor11,-0.03999465553195647,0.03999465553195647,0.001599572471119856,4,DOG2;TARGET_OS;GSE21257;GSE39055,ubiquitous_shared
four_cohort_detection_aware_variable_only_700,16,M11,7,5,0.7142857142857143,True,Factor1,0.022823851300859118,0.022823851300859118,0.0005209281882037285,4,DOG2;TARGET_OS;GSE21257;GSE39055,ubiquitous_shared
four_cohort_detection_aware_variable_only_700,16,M11,7,5,0.7142857142857143,True,Factor2,-0.05508177244537416,0.05508177244537416,0.0030340016557239805,4,DOG2;TARGET_OS;GSE21257;GSE39055,ubiquitous_shared
four_cohort_detection_aware_variable_only_700,16,M11,7,5,0.7142857142857143,True,Factor3,0.002631150128764826,0.002631150128764826,6.922951000099161e-06,4,DOG2;TARGET_OS;GSE21257;GSE39055,ubiquitous_shared
four_cohort_detection_aware_variable_only_700,16,M11,7,5,0.7142857142857143,True,Factor4,-0.12858965460959174,0.12858965460959174,0.016535299272614098,4,DOG2;TARGET_OS;GSE21257;GSE39055,ubiquitous_shared
four_cohort_detection_aware_variable_only_700,16,M11,7,5,0.7142857142857143,True,Factor5,-0.04225107638487358,0.04225107638487358,0.0017851534556804223,1,GSE21257,group_specific
four_cohort_detection_aware_variable_only_700,16,M11,7,5,0.7142857142857143,True,Factor6,0.07366120197674965,0.07366120197674965,0.0054259726766595065,4,DOG2;TARGET_OS;GSE21257;GSE39055,ubiquitous_shared
four_cohort_detection_aware_variable_only_700,16,M11,7,5,0.7142857142857143,True,Factor7,0.006559415412601684,0.006559415412601684,4.302593055507651e-05,3,DOG2;TARGET_OS;GSE21257,partially_shared
four_cohort_detection_aware_variable_only_700,16,M11,7,5,0.7142857142857143,True,Factor8,-0.0809914050387041,0.0809914050387041,0.006559607690143424,4,DOG2;TARGET_OS;GSE21257;GSE39055,ubiquitous_shared
four_cohort_detection_aware_variable_only_700,16,M11,7,5,0.7142857142857143,True,Factor9,-0.018039641842445442,0.018039641842445442,0.0003254286778037084,4,DOG2;TARGET_OS;GSE21257;GSE39055,ubiquitous_shared
four_cohort_detection_aware_variable_only_700,16,M11,7,5,0.7142857142857143,True,Factor10,-0.18746156782524412,0.18746156782524412,0.0351418394114986,3,DOG2;TARGET_OS;GSE21257,partially_shared
four_cohort_detection_aware_variable_only_700,16,M11,7,5,0.7142857142857143,True,Factor11,0.0555323035280863,0.0555323035280863,0.0030838367351355062,4,DOG2;TARGET_OS;GSE21257;GSE39055,ubiquitous_shared
four_cohort_detection_aware_variable_only_700,16,M24,7,0,0.0,False,Factor1,,,,4,DOG2;TARGET_OS;GSE21257;GSE39055,ubiquitous_shared
four_cohort_detection_aware_variable_only_700,16,M24,7,0,0.0,False,Factor2,,,,4,DOG2;TARGET_OS;GSE21257;GSE39055,ubiquitous_shared
four_cohort_detection_aware_variable_only_700,16,M24,7,0,0.0,False,Factor3,,,,4,DOG2;TARGET_OS;GSE21257;GSE39055,ubiquitous_shared
four_cohort_detection_aware_variable_only_700,16,M24,7,0,0.0,False,Factor4,,,,4,DOG2;TARGET_OS;GSE21257;GSE39055,ubiquitous_shared
four_cohort_detection_aware_variable_only_700,16,M24,7,0,0.0,False,Factor5,,,,1,GSE21257,group_specific
four_cohort_detection_aware_variable_only_700,16,M24,7,0,0.0,False,Factor6,,,,4,DOG2;TARGET_OS;GSE21257;GSE39055,ubiquitous_shared
four_cohort_detection_aware_variable_only_700,16,M24,7,0,0.0,False,Factor7,,,,3,DOG2;TARGET_OS;GSE21257,partially_shared
four_cohort_detection_aware_variable_only_700,16,M24,7,0,0.0,False,Factor8,,,,4,DOG2;TARGET_OS;GSE21257;GSE39055,ubiquitous_shared
four_cohort_detection_aware_variable_only_700,16,M24,7,0,0.0,False,Factor9,,,,4,DOG2;TARGET_OS;GSE21257;GSE39055,ubiquitous_shared
four_cohort_detection_aware_variable_only_700,16,M24,7,0,0.0,False,Factor10,,,,3,DOG2;TARGET_OS;GSE21257,partially_shared
four_cohort_detection_aware_variable_only_700,16,M24,7,0,0.0,False,Factor11,,,,4,DOG2;TARGET_OS;GSE21257;GSE39055,ubiquitous_shared
four_cohort_detection_aware_variable_only_700,16,M40,111,29,0.26126126126126126,True,Factor1,-0.20829644465692607,0.20829644465692607,0.04338740885671586,4,DOG2;TARGET_OS;GSE21257;GSE39055,ubiquitous_shared
four_cohort_detection_aware_variable_only_700,16,M40,111,29,0.26126126126126126,True,Factor2,0.09000161087957327,0.09000161087957327,0.008100289960918121,4,DOG2;TARGET_OS;GSE21257;GSE39055,ubiquitous_shared
four_cohort_detection_aware_variable_only_700,16,M40,111,29,0.26126126126126126,True,Factor3,-0.008091529367119543,0.008091529367119543,6.5472847498958e-05,4,DOG2;TARGET_OS;GSE21257;GSE39055,ubiquitous_shared
four_cohort_detection_aware_variable_only_700,16,M40,111,29,0.26126126126126126,True,Factor4,-0.001034177511103776,0.001034177511103776,1.0695231244728006e-06,4,DOG2;TARGET_OS;GSE21257;GSE39055,ubiquitous_shared
four_cohort_detection_aware_variable_only_700,16,M40,111,29,0.26126126126126126,True,Factor5,0.03422434180312507,0.03422434180312507,0.0011713055718571342,1,GSE21257,group_specific
four_cohort_detection_aware_variable_only_700,16,M40,111,29,0.26126126126126126,True,Factor6,0.5097355569888915,0.5097355569888915,0.2598303380587755,4,DOG2;TARGET_OS;GSE21257;GSE39055,ubiquitous_shared
four_cohort_detection_aware_variable_only_700,16,M40,111,29,0.26126126126126126,True,Factor7,0.02145165628350408,0.02145165628350408,0.00046017355730560013,3,DOG2;TARGET_OS;GSE21257,partially_shared
four_cohort_detection_aware_variable_only_700,16,M40,111,29,0.26126126126126126,True,Factor8,-0.067156584795108,0.067156584795108,0.004510006881342531,4,DOG2;TARGET_OS;GSE21257;GSE39055,ubiquitous_shared
four_cohort_detection_aware_variable_only_700,16,M40,111,29,0.26126126126126126,True,Factor9,-0.0006509942483386439,0.0006509942483386439,4.23793511369996e-07,4,DOG2;TARGET_OS;GSE21257;GSE39055,ubiquitous_shared
four_cohort_detection_aware_variable_only_700,16,M40,111,29,0.26126126126126126,True,Factor10,-0.02782022171037631,0.02782022171037631,0.0007739647360144933,3,DOG2;TARGET_OS;GSE21257,partially_shared
four_cohort_detection_aware_variable_only_700,16,M40,111,29,0.26126126126126126,True,Factor11,0.08011044884673829,0.08011044884673829,0.006417684014425873,4,DOG2;TARGET_OS;GSE21257;GSE39055,ubiquitous_shared
three_cohort_no_ffpe_variable_only_1500,8,M34,162,92,0.5679012345679012,True,Factor1,-0.5277230172906021,0.5277230172906021,0.2784915829782971,3,DOG2;TARGET_OS;GSE21257,ubiquitous_shared
three_cohort_no_ffpe_variable_only_1500,8,M34,162,92,0.5679012345679012,True,Factor2,0.07846560736646509,0.07846560736646509,0.00615685153938826,3,DOG2;TARGET_OS;GSE21257,ubiquitous_shared
three_cohort_no_ffpe_variable_only_1500,8,M34,162,92,0.5679012345679012,True,Factor3,-0.0683167545044782,0.0683167545044782,0.004667178946025143,3,DOG2;TARGET_OS;GSE21257,ubiquitous_shared
three_cohort_no_ffpe_variable_only_1500,8,M34,162,92,0.5679012345679012,True,Factor4,0.04049989779229572,0.04049989779229572,0.0016402417211863998,3,DOG2;TARGET_OS;GSE21257,ubiquitous_shared
three_cohort_no_ffpe_variable_only_1500,8,M34,162,92,0.5679012345679012,True,Factor5,-0.06811631564959564,0.06811631564959564,0.004639832457675347,3,DOG2;TARGET_OS;GSE21257,ubiquitous_shared
three_cohort_no_ffpe_variable_only_1500,8,M34,162,92,0.5679012345679012,True,Factor6,-0.10430216884867355,0.10430216884867355,0.010878942426537207,3,DOG2;TARGET_OS;GSE21257,ubiquitous_shared
three_cohort_no_ffpe_variable_only_1500,8,M34,162,92,0.5679012345679012,True,Factor7,0.13633406118008498,0.13633406118008498,0.018586976237855154,3,DOG2;TARGET_OS;GSE21257,ubiquitous_shared
three_cohort_no_ffpe_variable_only_1500,8,M11,7,6,0.8571428571428571,True,Factor1,-0.0008231245964882355,0.0008231245964882355,6.775341013439205e-07,3,DOG2;TARGET_OS;GSE21257,ubiquitous_shared
three_cohort_no_ffpe_variable_only_1500,8,M11,7,6,0.8571428571428571,True,Factor2,0.060859537700025446,0.060859537700025446,0.0037038833290608184,3,DOG2;TARGET_OS;GSE21257,ubiquitous_shared
three_cohort_no_ffpe_variable_only_1500,8,M11,7,6,0.8571428571428571,True,Factor3,0.008629748716126671,0.008629748716126671,7.447256290348993e-05,3,DOG2;TARGET_OS;GSE21257,ubiquitous_shared
three_cohort_no_ffpe_variable_only_1500,8,M11,7,6,0.8571428571428571,True,Factor4,0.0589578298677023,0.0589578298677023,0.0034760257027089294,3,DOG2;TARGET_OS;GSE21257,ubiquitous_shared
three_cohort_no_ffpe_variable_only_1500,8,M11,7,6,0.8571428571428571,True,Factor5,-0.04161047895122687,0.04161047895122687,0.0017314319585504943,3,DOG2;TARGET_OS;GSE21257,ubiquitous_shared
three_cohort_no_ffpe_variable_only_1500,8,M11,7,6,0.8571428571428571,True,Factor6,0.06650456306050177,0.06650456306050177,0.004422856907868257,3,DOG2;TARGET_OS;GSE21257,ubiquitous_shared
three_cohort_no_ffpe_variable_only_1500,8,M11,7,6,0.8571428571428571,True,Factor7,0.11628137020477186,0.11628137020477186,0.013521357056699206,3,DOG2;TARGET_OS;GSE21257,ubiquitous_shared
three_cohort_no_ffpe_variable_only_1500,8,M24,7,2,0.2857142857142857,False,Factor1,-0.0004767547057254423,0.0004767547057254423,2.2729504943135308e-07,3,DOG2;TARGET_OS;GSE21257,ubiquitous_shared
three_cohort_no_ffpe_variable_only_1500,8,M24,7,2,0.2857142857142857,False,Factor2,0.023414253496332343,0.023414253496332343,0.0005482272667905113,3,DOG2;TARGET_OS;GSE21257,ubiquitous_shared
three_cohort_no_ffpe_variable_only_1500,8,M24,7,2,0.2857142857142857,False,Factor3,0.0064502354257595694,0.0064502354257595694,4.1605537047723735e-05,3,DOG2;TARGET_OS;GSE21257,ubiquitous_shared
three_cohort_no_ffpe_variable_only_1500,8,M24,7,2,0.2857142857142857,False,Factor4,0.04347759899139945,0.04347759899139945,0.0018903016140569384,3,DOG2;TARGET_OS;GSE21257,ubiquitous_shared
three_cohort_no_ffpe_variable_only_1500,8,M24,7,2,0.2857142857142857,False,Factor5,-0.032967413884475515,0.032967413884475515,0.001086850378230309,3,DOG2;TARGET_OS;GSE21257,ubiquitous_shared
three_cohort_no_ffpe_variable_only_1500,8,M24,7,2,0.2857142857142857,False,Factor6,-0.0071470242497947145,0.0071470242497947145,5.10799556271537e-05,3,DOG2;TARGET_OS;GSE21257,ubiquitous_shared
three_cohort_no_ffpe_variable_only_1500,8,M24,7,2,0.2857142857142857,False,Factor7,0.04186814173371064,0.04186814173371064,0.0017529412922340825,3,DOG2;TARGET_OS;GSE21257,ubiquitous_shared
three_cohort_no_ffpe_variable_only_1500,8,M40,111,63,0.5675675675675675,True,Factor1,-0.06389382354950786,0.06389382354950786,0.004082420687775645,3,DOG2;TARGET_OS;GSE21257,ubiquitous_shared
three_cohort_no_ffpe_variable_only_1500,8,M40,111,63,0.5675675675675675,True,Factor2,-0.05804910553437137,0.05804910553437137,0.0033696986533405847,3,DOG2;TARGET_OS;GSE21257,ubiquitous_shared
three_cohort_no_ffpe_variable_only_1500,8,M40,111,63,0.5675675675675675,True,Factor3,-0.1001002234317802,0.1001002234317802,0.010020054731092317,3,DOG2;TARGET_OS;GSE21257,ubiquitous_shared
three_cohort_no_ffpe_variable_only_1500,8,M40,111,63,0.5675675675675675,True,Factor4,0.541518626202659,0.541518626202659,0.2932424225244151,3,DOG2;TARGET_OS;GSE21257,ubiquitous_shared
three_cohort_no_ffpe_variable_only_1500,8,M40,111,63,0.5675675675675675,True,Factor5,-0.05338267449214975,0.05338267449214975,0.0028497099359348155,3,DOG2;TARGET_OS;GSE21257,ubiquitous_shared
three_cohort_no_ffpe_variable_only_1500,8,M40,111,63,0.5675675675675675,True,Factor6,-0.07462612087849332,0.07462612087849332,0.005569057917371497,3,DOG2;TARGET_OS;GSE21257,ubiquitous_shared
three_cohort_no_ffpe_variable_only_1500,8,M40,111,63,0.5675675675675675,True,Factor7,0.01044216764046274,0.01044216764046274,0.0001090388650315272,3,DOG2;TARGET_OS;GSE21257,ubiquitous_shared
three_cohort_no_ffpe_variable_only_1500,12,M34,162,92,0.5679012345679012,True,Factor1,-0.5026384176549471,0.5026384176549471,0.252645378902669,3,DOG2;TARGET_OS;GSE21257,ubiquitous_shared
three_cohort_no_ffpe_variable_only_1500,12,M34,162,92,0.5679012345679012,True,Factor2,0.09390141584549776,0.09390141584549776,0.008817475897789097,3,DOG2;TARGET_OS;GSE21257,ubiquitous_shared
three_cohort_no_ffpe_variable_only_1500,12,M34,162,92,0.5679012345679012,True,Factor3,-0.04793402364703367,0.04793402364703367,0.002297670622994383,3,DOG2;TARGET_OS;GSE21257,ubiquitous_shared
three_cohort_no_ffpe_variable_only_1500,12,M34,162,92,0.5679012345679012,True,Factor4,-0.0749855890904775,0.0749855890904775,0.005622838571245939,3,DOG2;TARGET_OS;GSE21257,ubiquitous_shared
three_cohort_no_ffpe_variable_only_1500,12,M34,162,92,0.5679012345679012,True,Factor5,0.02854267889958517,0.02854267889958517,0.0008146845187648244,3,DOG2;TARGET_OS;GSE21257,ubiquitous_shared
three_cohort_no_ffpe_variable_only_1500,12,M34,162,92,0.5679012345679012,True,Factor6,-0.06343184262997194,0.06343184262997194,0.004023598659433525,3,DOG2;TARGET_OS;GSE21257,ubiquitous_shared
three_cohort_no_ffpe_variable_only_1500,12,M34,162,92,0.5679012345679012,True,Factor7,0.07108741565086814,0.07108741565086814,0.005053420663919292,1,GSE21257,group_specific
three_cohort_no_ffpe_variable_only_1500,12,M34,162,92,0.5679012345679012,True,Factor8,0.15258544119253223,0.15258544119253223,0.02328231686391971,3,DOG2;TARGET_OS;GSE21257,ubiquitous_shared
three_cohort_no_ffpe_variable_only_1500,12,M34,162,92,0.5679012345679012,True,Factor9,0.06157443795987978,0.06157443795987978,0.0037914114100750843,3,DOG2;TARGET_OS;GSE21257,ubiquitous_shared
three_cohort_no_ffpe_variable_only_1500,12,M34,162,92,0.5679012345679012,True,Factor10,-0.09912576254969796,0.09912576254969796,0.009825916801059103,2,DOG2;TARGET_OS,partially_shared
three_cohort_no_ffpe_variable_only_1500,12,M11,7,6,0.8571428571428571,True,Factor1,0.011634453515050961,0.011634453515050961,0.00013536050859388167,3,DOG2;TARGET_OS;GSE21257,ubiquitous_shared
three_cohort_no_ffpe_variable_only_1500,12,M11,7,6,0.8571428571428571,True,Factor2,0.059283746703979616,0.059283746703979616,0.003514562623261614,3,DOG2;TARGET_OS;GSE21257,ubiquitous_shared
three_cohort_no_ffpe_variable_only_1500,12,M11,7,6,0.8571428571428571,True,Factor3,0.06453468003264531,0.06453468003264531,0.00416472492691591,3,DOG2;TARGET_OS;GSE21257,ubiquitous_shared
three_cohort_no_ffpe_variable_only_1500,12,M11,7,6,0.8571428571428571,True,Factor4,-0.033324638269826026,0.033324638269826026,0.0011105315158147534,3,DOG2;TARGET_OS;GSE21257,ubiquitous_shared
three_cohort_no_ffpe_variable_only_1500,12,M11,7,6,0.8571428571428571,True,Factor5,0.0667652611033142,0.0667652611033142,0.00445760009019372,3,DOG2;TARGET_OS;GSE21257,ubiquitous_shared
three_cohort_no_ffpe_variable_only_1500,12,M11,7,6,0.8571428571428571,True,Factor6,-0.027823181103331165,0.027823181103331165,0.0007741294067087645,3,DOG2;TARGET_OS;GSE21257,ubiquitous_shared
three_cohort_no_ffpe_variable_only_1500,12,M11,7,6,0.8571428571428571,True,Factor7,-0.014493521688873402,0.014493521688873402,0.0002100621709458437,1,GSE21257,group_specific
three_cohort_no_ffpe_variable_only_1500,12,M11,7,6,0.8571428571428571,True,Factor8,0.10509809385321109,0.10509809385321109,0.011045609331578367,3,DOG2;TARGET_OS;GSE21257,ubiquitous_shared
three_cohort_no_ffpe_variable_only_1500,12,M11,7,6,0.8571428571428571,True,Factor9,0.08122157123451504,0.08122157123451504,0.0065969436338034005,3,DOG2;TARGET_OS;GSE21257,ubiquitous_shared
three_cohort_no_ffpe_variable_only_1500,12,M11,7,6,0.8571428571428571,True,Factor10,-0.005715266400544995,0.005715266400544995,3.266427002919854e-05,2,DOG2;TARGET_OS,partially_shared
three_cohort_no_ffpe_variable_only_1500,12,M24,7,2,0.2857142857142857,False,Factor1,-0.004151823038033044,0.004151823038033044,1.7237634539141938e-05,3,DOG2;TARGET_OS;GSE21257,ubiquitous_shared
three_cohort_no_ffpe_variable_only_1500,12,M24,7,2,0.2857142857142857,False,Factor2,0.020705746036367687,0.020705746036367687,0.0004287279189225562,3,DOG2;TARGET_OS;GSE21257,ubiquitous_shared
three_cohort_no_ffpe_variable_only_1500,12,M24,7,2,0.2857142857142857,False,Factor3,0.031150189680318394,0.031150189680318394,0.0009703343171198146,3,DOG2;TARGET_OS;GSE21257,ubiquitous_shared
three_cohort_no_ffpe_variable_only_1500,12,M24,7,2,0.2857142857142857,False,Factor4,-0.02938653616690259,0.02938653616690259,0.0008635685078886739,3,DOG2;TARGET_OS;GSE21257,ubiquitous_shared
three_cohort_no_ffpe_variable_only_1500,12,M24,7,2,0.2857142857142857,False,Factor5,0.040389314841723936,0.040389314841723936,0.0016312967533839014,3,DOG2;TARGET_OS;GSE21257,ubiquitous_shared
three_cohort_no_ffpe_variable_only_1500,12,M24,7,2,0.2857142857142857,False,Factor6,-0.02732619684353873,0.02732619684353873,0.000746721033931826,3,DOG2;TARGET_OS;GSE21257,ubiquitous_shared
three_cohort_no_ffpe_variable_only_1500,12,M24,7,2,0.2857142857142857,False,Factor7,-0.0011915492791053396,0.0011915492791053396,1.4197896845364546e-06,1,GSE21257,group_specific
three_cohort_no_ffpe_variable_only_1500,12,M24,7,2,0.2857142857142857,False,Factor8,0.02412924944977506,0.02412924944977506,0.00058222067900947,3,DOG2;TARGET_OS;GSE21257,ubiquitous_shared
three_cohort_no_ffpe_variable_only_1500,12,M24,7,2,0.2857142857142857,False,Factor9,-0.01227778765698484,0.01227778765698484,0.00015074406975000928,3,DOG2;TARGET_OS;GSE21257,ubiquitous_shared
three_cohort_no_ffpe_variable_only_1500,12,M24,7,2,0.2857142857142857,False,Factor10,-0.03343670210547581,0.03343670210547581,0.0011180130476903304,2,DOG2;TARGET_OS,partially_shared
three_cohort_no_ffpe_variable_only_1500,12,M40,111,63,0.5675675675675675,True,Factor1,-0.12290568067094322,0.12290568067094322,0.015105806341187866,3,DOG2;TARGET_OS;GSE21257,ubiquitous_shared
three_cohort_no_ffpe_variable_only_1500,12,M40,111,63,0.5675675675675675,True,Factor2,-0.05935740338498631,0.05935740338498631,0.003523301336607984,3,DOG2;TARGET_OS;GSE21257,ubiquitous_shared
three_cohort_no_ffpe_variable_only_1500,12,M40,111,63,0.5675675675675675,True,Factor3,-0.008265939836166861,0.008265939836166861,6.832576137513024e-05,3,DOG2;TARGET_OS;GSE21257,ubiquitous_shared
three_cohort_no_ffpe_variable_only_1500,12,M40,111,63,0.5675675675675675,True,Factor4,-0.04062184747243414,0.04062184747243414,0.0016501344920737042,3,DOG2;TARGET_OS;GSE21257,ubiquitous_shared
three_cohort_no_ffpe_variable_only_1500,12,M40,111,63,0.5675675675675675,True,Factor5,0.5633189566110827,0.5633189566110827,0.31732824687739886,3,DOG2;TARGET_OS;GSE21257,ubiquitous_shared
three_cohort_no_ffpe_variable_only_1500,12,M40,111,63,0.5675675675675675,True,Factor6,-0.009657317399579058,0.009657317399579058,9.326377935621241e-05,3,DOG2;TARGET_OS;GSE21257,ubiquitous_shared
three_cohort_no_ffpe_variable_only_1500,12,M40,111,63,0.5675675675675675,True,Factor7,0.08104052174917604,0.08104052174917604,0.0065675661653786755,1,GSE21257,group_specific
three_cohort_no_ffpe_variable_only_1500,12,M40,111,63,0.5675675675675675,True,Factor8,-0.061987940474410815,0.061987940474410815,0.0038425047642590983,3,DOG2;TARGET_OS;GSE21257,ubiquitous_shared
three_cohort_no_ffpe_variable_only_1500,12,M40,111,63,0.5675675675675675,True,Factor9,0.04324151066793768,0.04324151066793768,0.0018698282448453682,3,DOG2;TARGET_OS;GSE21257,ubiquitous_shared
three_cohort_no_ffpe_variable_only_1500,12,M40,111,63,0.5675675675675675,True,Factor10,-0.06764241340644772,0.06764241340644772,0.004575496091448778,2,DOG2;TARGET_OS,partially_shared
three_cohort_no_ffpe_variable_only_1500,16,M34,162,92,0.5679012345679012,True,Factor1,-0.501677370677194,0.501677370677194,0.2516801842495827,3,DOG2;TARGET_OS;GSE21257,ubiquitous_shared
three_cohort_no_ffpe_variable_only_1500,16,M34,162,92,0.5679012345679012,True,Factor2,0.10416635008097892,0.10416635008097892,0.010850628489193057,3,DOG2;TARGET_OS;GSE21257,ubiquitous_shared
three_cohort_no_ffpe_variable_only_1500,16,M34,162,92,0.5679012345679012,True,Factor3,-0.10482328944732251,0.10482328944732251,0.010987922010557155,3,DOG2;TARGET_OS;GSE21257,ubiquitous_shared
three_cohort_no_ffpe_variable_only_1500,16,M34,162,92,0.5679012345679012,True,Factor4,0.024082410641150895,0.024082410641150895,0.0005799625022890178,3,DOG2;TARGET_OS;GSE21257,ubiquitous_shared
three_cohort_no_ffpe_variable_only_1500,16,M34,162,92,0.5679012345679012,True,Factor5,0.02728938187195466,0.02728938187195466,0.0007447103629533675,3,DOG2;TARGET_OS;GSE21257,ubiquitous_shared
three_cohort_no_ffpe_variable_only_1500,16,M34,162,92,0.5679012345679012,True,Factor6,-0.09560133116916433,0.09560133116916433,0.009139614521316232,1,GSE21257,group_specific
three_cohort_no_ffpe_variable_only_1500,16,M34,162,92,0.5679012345679012,True,Factor7,0.058874422999228924,0.058874422999228924,0.0034661976834921356,3,DOG2;TARGET_OS;GSE21257,ubiquitous_shared
three_cohort_no_ffpe_variable_only_1500,16,M34,162,92,0.5679012345679012,True,Factor8,-0.04039236118542283,0.04039236118542283,0.0016315428421336529,3,DOG2;TARGET_OS;GSE21257,ubiquitous_shared
three_cohort_no_ffpe_variable_only_1500,16,M34,162,92,0.5679012345679012,True,Factor9,0.13189861744494066,0.13189861744494066,0.017397245283886805,3,DOG2;TARGET_OS;GSE21257,ubiquitous_shared
three_cohort_no_ffpe_variable_only_1500,16,M34,162,92,0.5679012345679012,True,Factor10,-0.05124025430823757,0.05124025430823757,0.002625563661572859,3,DOG2;TARGET_OS;GSE21257,ubiquitous_shared
three_cohort_no_ffpe_variable_only_1500,16,M34,162,92,0.5679012345679012,True,Factor11,0.0012565812068997752,0.0012565812068997752,1.5789963295336957e-06,2,DOG2;TARGET_OS,partially_shared
three_cohort_no_ffpe_variable_only_1500,16,M34,162,92,0.5679012345679012,True,Factor12,-0.04390821685484916,0.04390821685484916,0.0019279315073724595,1,DOG2,group_specific
three_cohort_no_ffpe_variable_only_1500,16,M34,162,92,0.5679012345679012,True,Factor13,-0.12147977433526448,0.12147977433526448,0.014757335572546782,2,DOG2;TARGET_OS,partially_shared
three_cohort_no_ffpe_variable_only_1500,16,M11,7,6,0.8571428571428571,True,Factor1,0.008503375937518376,0.008503375937518376,7.230740233476652e-05,3,DOG2;TARGET_OS;GSE21257,ubiquitous_shared
three_cohort_no_ffpe_variable_only_1500,16,M11,7,6,0.8571428571428571,True,Factor2,0.048575615502010144,0.048575615502010144,0.0023595904213991282,3,DOG2;TARGET_OS;GSE21257,ubiquitous_shared
three_cohort_no_ffpe_variable_only_1500,16,M11,7,6,0.8571428571428571,True,Factor3,-0.016801102556426806,0.016801102556426806,0.00028227704711157137,3,DOG2;TARGET_OS;GSE21257,ubiquitous_shared
three_cohort_no_ffpe_variable_only_1500,16,M11,7,6,0.8571428571428571,True,Factor4,-0.037839444194284366,0.037839444194284366,0.0014318235369323608,3,DOG2;TARGET_OS;GSE21257,ubiquitous_shared
three_cohort_no_ffpe_variable_only_1500,16,M11,7,6,0.8571428571428571,True,Factor5,0.05140841077118503,0.05140841077118503,0.002642824698018893,3,DOG2;TARGET_OS;GSE21257,ubiquitous_shared
three_cohort_no_ffpe_variable_only_1500,16,M11,7,6,0.8571428571428571,True,Factor6,0.052670806384186926,0.052670806384186926,0.002774213845160506,1,GSE21257,group_specific
three_cohort_no_ffpe_variable_only_1500,16,M11,7,6,0.8571428571428571,True,Factor7,0.15413602120340583,0.15413602120340583,0.023757913032416773,3,DOG2;TARGET_OS;GSE21257,ubiquitous_shared
three_cohort_no_ffpe_variable_only_1500,16,M11,7,6,0.8571428571428571,True,Factor8,-0.01983944593551365,0.01983944593551365,0.0003936036150281691,3,DOG2;TARGET_OS;GSE21257,ubiquitous_shared
three_cohort_no_ffpe_variable_only_1500,16,M11,7,6,0.8571428571428571,True,Factor9,0.05615719246449594,0.05615719246449594,0.00315363026549444,3,DOG2;TARGET_OS;GSE21257,ubiquitous_shared
three_cohort_no_ffpe_variable_only_1500,16,M11,7,6,0.8571428571428571,True,Factor10,0.005852032759611555,0.005852032759611555,3.4246287419566836e-05,3,DOG2;TARGET_OS;GSE21257,ubiquitous_shared
three_cohort_no_ffpe_variable_only_1500,16,M11,7,6,0.8571428571428571,True,Factor11,0.12494191330987217,0.12494191330987217,0.015610481701531613,2,DOG2;TARGET_OS,partially_shared
three_cohort_no_ffpe_variable_only_1500,16,M11,7,6,0.8571428571428571,True,Factor12,-0.018145227334426486,0.018145227334426486,0.0003292492750180181,1,DOG2,group_specific
three_cohort_no_ffpe_variable_only_1500,16,M11,7,6,0.8571428571428571,True,Factor13,-0.03570503146491267,0.03570503146491267,0.0012748492719104037,2,DOG2;TARGET_OS,partially_shared
three_cohort_no_ffpe_variable_only_1500,16,M24,7,2,0.2857142857142857,False,Factor1,-0.004171928024637239,0.004171928024637239,1.7404983442753578e-05,3,DOG2;TARGET_OS;GSE21257,ubiquitous_shared
three_cohort_no_ffpe_variable_only_1500,16,M24,7,2,0.2857142857142857,False,Factor2,0.02166548328300489,0.02166548328300489,0.0004693931658861643,3,DOG2;TARGET_OS;GSE21257,ubiquitous_shared
three_cohort_no_ffpe_variable_only_1500,16,M24,7,2,0.2857142857142857,False,Factor3,-0.005667254773164689,0.005667254773164689,3.211777666395796e-05,3,DOG2;TARGET_OS;GSE21257,ubiquitous_shared
three_cohort_no_ffpe_variable_only_1500,16,M24,7,2,0.2857142857142857,False,Factor4,0.028115029948575468,0.028115029948575468,0.0007904549090092955,3,DOG2;TARGET_OS;GSE21257,ubiquitous_shared
three_cohort_no_ffpe_variable_only_1500,16,M24,7,2,0.2857142857142857,False,Factor5,0.03726201571182286,0.03726201571182286,0.0013884578149081337,3,DOG2;TARGET_OS;GSE21257,ubiquitous_shared
three_cohort_no_ffpe_variable_only_1500,16,M24,7,2,0.2857142857142857,False,Factor6,0.006773484299265411,0.006773484299265411,4.5880089552395035e-05,1,GSE21257,group_specific
three_cohort_no_ffpe_variable_only_1500,16,M24,7,2,0.2857142857142857,False,Factor7,0.05116386075775441,0.05116386075775441,0.002617740647638882,3,DOG2;TARGET_OS;GSE21257,ubiquitous_shared
three_cohort_no_ffpe_variable_only_1500,16,M24,7,2,0.2857142857142857,False,Factor8,-0.02880939846263055,0.02880939846263055,0.0008299814397786194,3,DOG2;TARGET_OS;GSE21257,ubiquitous_shared
three_cohort_no_ffpe_variable_only_1500,16,M24,7,2,0.2857142857142857,False,Factor9,0.007526641385935869,0.007526641385935869,5.665033055248262e-05,3,DOG2;TARGET_OS;GSE21257,ubiquitous_shared
three_cohort_no_ffpe_variable_only_1500,16,M24,7,2,0.2857142857142857,False,Factor10,-0.02870711635157174,0.02870711635157174,0.0008240985292226775,3,DOG2;TARGET_OS;GSE21257,ubiquitous_shared
three_cohort_no_ffpe_variable_only_1500,16,M24,7,2,0.2857142857142857,False,Factor11,0.01979840987667055,0.01979840987667055,0.00039197703364464605,2,DOG2;TARGET_OS,partially_shared
three_cohort_no_ffpe_variable_only_1500,16,M24,7,2,0.2857142857142857,False,Factor12,0.011235891299224128,0.011235891299224128,0.00012624525328798047,1,DOG2,group_specific
three_cohort_no_ffpe_variable_only_1500,16,M24,7,2,0.2857142857142857,False,Factor13,-0.019459411800890017,0.019459411800890017,0.0003786687076366176,2,DOG2;TARGET_OS,partially_shared
three_cohort_no_ffpe_variable_only_1500,16,M40,111,63,0.5675675675675675,True,Factor1,-0.1258126536693728,0.1258126536693728,0.015828823823329546,3,DOG2;TARGET_OS;GSE21257,ubiquitous_shared
three_cohort_no_ffpe_variable_only_1500,16,M40,111,63,0.5675675675675675,True,Factor2,-0.06100153241531141,0.06100153241531141,0.0037211869570162883,3,DOG2;TARGET_OS;GSE21257,ubiquitous_shared
three_cohort_no_ffpe_variable_only_1500,16,M40,111,63,0.5675675675675675,True,Factor3,-0.1331876923567469,0.1331876923567469,0.01773896139531546,3,DOG2;TARGET_OS;GSE21257,ubiquitous_shared
three_cohort_no_ffpe_variable_only_1500,16,M40,111,63,0.5675675675675675,True,Factor4,0.036588936944161515,0.036588936944161515,0.0013387503067038274,3,DOG2;TARGET_OS;GSE21257,ubiquitous_shared
three_cohort_no_ffpe_variable_only_1500,16,M40,111,63,0.5675675675675675,True,Factor5,0.5554830217597747,0.5554830217597747,0.30856138746337036,3,DOG2;TARGET_OS;GSE21257,ubiquitous_shared
three_cohort_no_ffpe_variable_only_1500,16,M40,111,63,0.5675675675675675,True,Factor6,-0.04615013664491245,0.04615013664491245,0.002129835112344091,1,GSE21257,group_specific
three_cohort_no_ffpe_variable_only_1500,16,M40,111,63,0.5675675675675675,True,Factor7,0.008053175303540681,0.008053175303540681,6.485363246955755e-05,3,DOG2;TARGET_OS;GSE21257,ubiquitous_shared
three_cohort_no_ffpe_variable_only_1500,16,M40,111,63,0.5675675675675675,True,Factor8,-0.03988010613930532,0.03988010613930532,0.001590422865682258,3,DOG2;TARGET_OS;GSE21257,ubiquitous_shared
three_cohort_no_ffpe_variable_only_1500,16,M40,111,63,0.5675675675675675,True,Factor9,-0.03655339843288453,0.03655339843288453,0.001336150936993205,3,DOG2;TARGET_OS;GSE21257,ubiquitous_shared
three_cohort_no_ffpe_variable_only_1500,16,M40,111,63,0.5675675675675675,True,Factor10,0.02432711507077024,0.02432711507077024,0.0005918085276664965,3,DOG2;TARGET_OS;GSE21257,ubiquitous_shared
three_cohort_no_ffpe_variable_only_1500,16,M40,111,63,0.5675675675675675,True,Factor11,0.032578955946596176,0.032578955946596176,0.0010613883705702543,2,DOG2;TARGET_OS,partially_shared
three_cohort_no_ffpe_variable_only_1500,16,M40,111,63,0.5675675675675675,True,Factor12,-0.015222616368486257,0.015222616368486257,0.0002317280491021057,1,DOG2,group_specific
three_cohort_no_ffpe_variable_only_1500,16,M40,111,63,0.5675675675675675,True,Factor13,0.09713382273831761,0.09713382273831761,0.009434979519758907,2,DOG2;TARGET_OS,partially_shared
