analysis_set,initial_factors,module_label,n_frozen_genes,n_naturally_selected_module_genes,natural_coverage_fraction,subspace_name,n_subspace_factors,subspace_factors,observed_capture,n_random_valid,random_mean_capture,random_q95_capture,observed_percentile,empirical_p_greater_equal,empirical_q_global,empirical_q_within_subspace
four_cohort_variable_only_1500,8,M34,162,100,0.6172839506172839,all_retained,7,Factor1;Factor2;Factor3;Factor4;Factor5;Factor6;Factor7,0.3435988285513072,2000,0.05441626531426071,0.06380141912413849,1.0,0.0004997501249375312,0.000742347272965459,0.0004997501249375312
four_cohort_variable_only_1500,8,M34,162,100,0.6172839506172839,shared_two_or_more,7,Factor1;Factor2;Factor3;Factor4;Factor5;Factor6;Factor7,0.3435988285513072,2000,0.05441626531426071,0.06380141912413849,1.0,0.0004997501249375312,0.000742347272965459,0.0004997501249375312
four_cohort_variable_only_1500,8,M34,162,100,0.6172839506172839,ubiquitous_all_groups,3,Factor1;Factor2;Factor3,0.2958936901489876,2000,0.03744227817175459,0.047536126710619034,1.0,0.0004997501249375312,0.000742347272965459,0.0014992503748125937
four_cohort_variable_only_1500,8,M34,162,100,0.6172839506172839,partially_shared,4,Factor4;Factor5;Factor6;Factor7,0.04411929799196306,2000,0.017859445129550924,0.02672196894169227,1.0,0.0004997501249375312,0.000742347272965459,0.000642535874919683
four_cohort_variable_only_1500,8,M34,162,100,0.6172839506172839,shared_non_ffpe_only,4,Factor4;Factor5;Factor6;Factor7,0.04411929799196306,2000,0.017859445129550924,0.02672196894169227,1.0,0.0004997501249375312,0.000742347272965459,0.000642535874919683
four_cohort_variable_only_1500,8,M34,162,100,0.6172839506172839,gse39055_shared,3,Factor1;Factor2;Factor3,0.2958936901489876,2000,0.03744227817175459,0.047536126710619034,1.0,0.0004997501249375312,0.000742347272965459,0.0014992503748125937
four_cohort_variable_only_1500,8,M11,7,6,0.8571428571428571,all_retained,7,Factor1;Factor2;Factor3;Factor4;Factor5;Factor6;Factor7,0.02903035933170447,2000,0.007168986101972472,0.011975279996565233,1.0,0.0004997501249375312,0.000742347272965459,0.0004997501249375312
four_cohort_variable_only_1500,8,M11,7,6,0.8571428571428571,shared_two_or_more,7,Factor1;Factor2;Factor3;Factor4;Factor5;Factor6;Factor7,0.02903035933170447,2000,0.007168986101972472,0.011975279996565233,1.0,0.0004997501249375312,0.000742347272965459,0.0004997501249375312
four_cohort_variable_only_1500,8,M11,7,6,0.8571428571428571,ubiquitous_all_groups,3,Factor1;Factor2;Factor3,0.003977241460208267,2000,0.003970965690338462,0.0077739704945114525,0.56,0.440279860069965,0.47438604641341303,0.4953148425787106
four_cohort_variable_only_1500,8,M11,7,6,0.8571428571428571,partially_shared,4,Factor4;Factor5;Factor6;Factor7,0.024351995896785928,2000,0.003223809854377902,0.0074336773150974695,1.0,0.0004997501249375312,0.000742347272965459,0.000642535874919683
four_cohort_variable_only_1500,8,M11,7,6,0.8571428571428571,shared_non_ffpe_only,4,Factor4;Factor5;Factor6;Factor7,0.024351995896785928,2000,0.003223809854377902,0.0074336773150974695,1.0,0.0004997501249375312,0.000742347272965459,0.000642535874919683
four_cohort_variable_only_1500,8,M11,7,6,0.8571428571428571,gse39055_shared,3,Factor1;Factor2;Factor3,0.003977241460208267,2000,0.003970965690338462,0.0077739704945114525,0.56,0.440279860069965,0.47438604641341303,0.4953148425787106
four_cohort_variable_only_1500,8,M40,111,64,0.5765765765765766,all_retained,7,Factor1;Factor2;Factor3;Factor4;Factor5;Factor6;Factor7,0.3018025632184747,2000,0.020898685416008075,0.027663908955965707,1.0,0.0004997501249375312,0.000742347272965459,0.0004997501249375312
four_cohort_variable_only_1500,8,M40,111,64,0.5765765765765766,shared_two_or_more,7,Factor1;Factor2;Factor3;Factor4;Factor5;Factor6;Factor7,0.3018025632184747,2000,0.020898685416008075,0.027663908955965707,1.0,0.0004997501249375312,0.000742347272965459,0.0004997501249375312
four_cohort_variable_only_1500,8,M40,111,64,0.5765765765765766,ubiquitous_all_groups,3,Factor1;Factor2;Factor3,0.018795843137791562,2000,0.01366964709957438,0.020017150706613914,0.9045,0.095952023988006,0.11651317198543586,0.21589205397301348
four_cohort_variable_only_1500,8,M40,111,64,0.5765765765765766,partially_shared,4,Factor4;Factor5;Factor6;Factor7,0.2849395928839058,2000,0.00755090026051836,0.013815914742991726,1.0,0.0004997501249375312,0.000742347272965459,0.000642535874919683
four_cohort_variable_only_1500,8,M40,111,64,0.5765765765765766,shared_non_ffpe_only,4,Factor4;Factor5;Factor6;Factor7,0.2849395928839058,2000,0.00755090026051836,0.013815914742991726,1.0,0.0004997501249375312,0.000742347272965459,0.000642535874919683
four_cohort_variable_only_1500,8,M40,111,64,0.5765765765765766,gse39055_shared,3,Factor1;Factor2;Factor3,0.018795843137791562,2000,0.01366964709957438,0.020017150706613914,0.9045,0.095952023988006,0.11651317198543586,0.21589205397301348
four_cohort_variable_only_1500,12,M34,162,100,0.6172839506172839,all_retained,10,Factor1;Factor2;Factor3;Factor4;Factor5;Factor6;Factor7;Factor8;Factor9;Factor10,0.34936906620993274,2000,0.056895019373759015,0.06634760623962632,1.0,0.0004997501249375312,0.000742347272965459,0.0004997501249375312
four_cohort_variable_only_1500,12,M34,162,100,0.6172839506172839,shared_two_or_more,9,Factor1;Factor2;Factor3;Factor4;Factor6;Factor7;Factor8;Factor9;Factor10,0.34845991604156484,2000,0.05628335568468974,0.06567091835617751,1.0,0.0004997501249375312,0.000742347272965459,0.0004997501249375312
four_cohort_variable_only_1500,12,M34,162,100,0.6172839506172839,ubiquitous_all_groups,4,Factor1;Factor2;Factor3;Factor7,0.30891951079163515,2000,0.0389238428253006,0.04956497588398751,1.0,0.0004997501249375312,0.000742347272965459,0.0014992503748125937
four_cohort_variable_only_1500,12,M34,162,100,0.6172839506172839,partially_shared,5,Factor4;Factor6;Factor8;Factor9;Factor10,0.03769390685746054,2000,0.021103818563418343,0.03137583671600268,0.992,0.00849575212393803,0.011402193640022092,0.009557721139430285
four_cohort_variable_only_1500,12,M34,162,100,0.6172839506172839,shared_non_ffpe_only,5,Factor4;Factor6;Factor8;Factor9;Factor10,0.03769390685746054,2000,0.021103818563418343,0.03137583671600268,0.992,0.00849575212393803,0.011402193640022092,0.009557721139430285
four_cohort_variable_only_1500,12,M34,162,100,0.6172839506172839,gse39055_shared,4,Factor1;Factor2;Factor3;Factor7,0.30891951079163515,2000,0.0389238428253006,0.04956497588398751,1.0,0.0004997501249375312,0.000742347272965459,0.0014992503748125937
four_cohort_variable_only_1500,12,M11,7,6,0.8571428571428571,all_retained,10,Factor1;Factor2;Factor3;Factor4;Factor5;Factor6;Factor7;Factor8;Factor9;Factor10,0.03711882737343157,2000,0.00911524033180325,0.01422680895418358,1.0,0.0004997501249375312,0.000742347272965459,0.0004997501249375312
four_cohort_variable_only_1500,12,M11,7,6,0.8571428571428571,shared_two_or_more,9,Factor1;Factor2;Factor3;Factor4;Factor6;Factor7;Factor8;Factor9;Factor10,0.03507936508787097,2000,0.008520897507913223,0.013596874313414128,1.0,0.0004997501249375312,0.000742347272965459,0.0004997501249375312
four_cohort_variable_only_1500,12,M11,7,6,0.8571428571428571,ubiquitous_all_groups,4,Factor1;Factor2;Factor3;Factor7,0.0057708261279841395,2000,0.004741474040146117,0.008912143849613063,0.715,0.28535732133933034,0.32102698650674666,0.46905118869136864
four_cohort_variable_only_1500,12,M11,7,6,0.8571428571428571,partially_shared,5,Factor4;Factor6;Factor8;Factor9;Factor10,0.028776494934637575,2000,0.003958651531774177,0.008530207361655506,1.0,0.0004997501249375312,0.000742347272965459,0.000642535874919683
four_cohort_variable_only_1500,12,M11,7,6,0.8571428571428571,shared_non_ffpe_only,5,Factor4;Factor6;Factor8;Factor9;Factor10,0.028776494934637575,2000,0.003958651531774177,0.008530207361655506,1.0,0.0004997501249375312,0.000742347272965459,0.000642535874919683
four_cohort_variable_only_1500,12,M11,7,6,0.8571428571428571,gse39055_shared,4,Factor1;Factor2;Factor3;Factor7,0.0057708261279841395,2000,0.004741474040146117,0.008912143849613063,0.715,0.28535732133933034,0.32102698650674666,0.46905118869136864
four_cohort_variable_only_1500,12,M40,111,64,0.5765765765765766,all_retained,10,Factor1;Factor2;Factor3;Factor4;Factor5;Factor6;Factor7;Factor8;Factor9;Factor10,0.3220956157240501,2000,0.023164834203817146,0.030634534955374094,1.0,0.0004997501249375312,0.000742347272965459,0.0004997501249375312
four_cohort_variable_only_1500,12,M40,111,64,0.5765765765765766,shared_two_or_more,9,Factor1;Factor2;Factor3;Factor4;Factor6;Factor7;Factor8;Factor9;Factor10,0.31661981380773846,2000,0.022464729595815722,0.029734794314512227,1.0,0.0004997501249375312,0.000742347272965459,0.0004997501249375312
four_cohort_variable_only_1500,12,M40,111,64,0.5765765765765766,ubiquitous_all_groups,4,Factor1;Factor2;Factor3;Factor7,0.015440369382833965,2000,0.014360885928768082,0.02109468710637613,0.6355,0.36481759120439783,0.3986935103876634,0.46905118869136864
four_cohort_variable_only_1500,12,M40,111,64,0.5765765765765766,partially_shared,5,Factor4;Factor6;Factor8;Factor9;Factor10,0.3136872143356677,2000,0.009321562791442715,0.016557260204100498,1.0,0.0004997501249375312,0.000742347272965459,0.000642535874919683
four_cohort_variable_only_1500,12,M40,111,64,0.5765765765765766,shared_non_ffpe_only,5,Factor4;Factor6;Factor8;Factor9;Factor10,0.3136872143356677,2000,0.009321562791442715,0.016557260204100498,1.0,0.0004997501249375312,0.000742347272965459,0.000642535874919683
four_cohort_variable_only_1500,12,M40,111,64,0.5765765765765766,gse39055_shared,4,Factor1;Factor2;Factor3;Factor7,0.015440369382833965,2000,0.014360885928768082,0.02109468710637613,0.6355,0.36481759120439783,0.3986935103876634,0.46905118869136864
four_cohort_variable_only_1500,16,M34,162,100,0.6172839506172839,all_retained,13,Factor1;Factor2;Factor3;Factor4;Factor5;Factor6;Factor7;Factor8;Factor9;Factor10;Factor11;Factor12;Factor13,0.35554173812128037,2000,0.06351908108600665,0.07191387204448506,1.0,0.0004997501249375312,0.000742347272965459,0.0004997501249375312
four_cohort_variable_only_1500,16,M34,162,100,0.6172839506172839,shared_two_or_more,10,Factor1;Factor2;Factor3;Factor4;Factor6;Factor7;Factor9;Factor10;Factor11;Factor12,0.3483185702794604,2000,0.05980209770255999,0.06787467634962982,1.0,0.0004997501249375312,0.000742347272965459,0.0004997501249375312
four_cohort_variable_only_1500,16,M34,162,100,0.6172839506172839,ubiquitous_all_groups,3,Factor1;Factor2;Factor3,0.30210363311743194,2000,0.04434639491250441,0.0540642966189294,1.0,0.0004997501249375312,0.000742347272965459,0.0014992503748125937
four_cohort_variable_only_1500,16,M34,162,100,0.6172839506172839,partially_shared,7,Factor4;Factor6;Factor7;Factor9;Factor10;Factor11;Factor12,0.02701653605237017,2000,0.014657976734863102,0.02317926227641972,0.9905,0.009995002498750625,0.013183063640593497,0.009995002498750625
four_cohort_variable_only_1500,16,M34,162,100,0.6172839506172839,shared_non_ffpe_only,7,Factor4;Factor6;Factor7;Factor9;Factor10;Factor11;Factor12,0.02701653605237017,2000,0.014657976734863102,0.02317926227641972,0.9905,0.009995002498750625,0.013183063640593497,0.009995002498750625
four_cohort_variable_only_1500,16,M34,162,100,0.6172839506172839,gse39055_shared,3,Factor1;Factor2;Factor3,0.30210363311743194,2000,0.04434639491250441,0.0540642966189294,1.0,0.0004997501249375312,0.000742347272965459,0.0014992503748125937
four_cohort_variable_only_1500,16,M34,162,100,0.6172839506172839,gse39055_specific,1,Factor8,0.004861044665321577,2000,0.00263319369013371,0.007373200937871752,0.839,0.16141929035482258,0.19294649550224888,0.4842578710644677
four_cohort_variable_only_1500,16,M11,7,6,0.8571428571428571,all_retained,13,Factor1;Factor2;Factor3;Factor4;Factor5;Factor6;Factor7;Factor8;Factor9;Factor10;Factor11;Factor12;Factor13,0.04782013211659907,2000,0.011658100123786187,0.017818917993228666,1.0,0.0004997501249375312,0.000742347272965459,0.0004997501249375312
four_cohort_variable_only_1500,16,M11,7,6,0.8571428571428571,shared_two_or_more,10,Factor1;Factor2;Factor3;Factor4;Factor6;Factor7;Factor9;Factor10;Factor11;Factor12,0.04550776772568996,2000,0.00966116688818201,0.015237439172926224,1.0,0.0004997501249375312,0.000742347272965459,0.0004997501249375312
four_cohort_variable_only_1500,16,M11,7,6,0.8571428571428571,ubiquitous_all_groups,3,Factor1;Factor2;Factor3,0.0025580582430308344,2000,0.004332191880577618,0.00785788200440029,0.1855,0.8145927036481759,0.8364609641487981,0.8145927036481759
four_cohort_variable_only_1500,16,M11,7,6,0.8571428571428571,partially_shared,7,Factor4;Factor6;Factor7;Factor9;Factor10;Factor11;Factor12,0.04467576756150651,2000,0.00531659679902315,0.010809265423216015,1.0,0.0004997501249375312,0.000742347272965459,0.000642535874919683
four_cohort_variable_only_1500,16,M11,7,6,0.8571428571428571,shared_non_ffpe_only,7,Factor4;Factor6;Factor7;Factor9;Factor10;Factor11;Factor12,0.04467576756150651,2000,0.00531659679902315,0.010809265423216015,1.0,0.0004997501249375312,0.000742347272965459,0.000642535874919683
four_cohort_variable_only_1500,16,M11,7,6,0.8571428571428571,gse39055_shared,3,Factor1;Factor2;Factor3,0.0025580582430308344,2000,0.004332191880577618,0.00785788200440029,0.1855,0.8145927036481759,0.8364609641487981,0.8145927036481759
four_cohort_variable_only_1500,16,M11,7,6,0.8571428571428571,gse39055_specific,1,Factor8,4.6205970448188974e-05,2000,0.0007220314795133565,0.0027130968179482685,0.2115,0.7886056971514243,0.8207936847902579,0.84007996001999
four_cohort_variable_only_1500,16,M40,111,64,0.5765765765765766,all_retained,13,Factor1;Factor2;Factor3;Factor4;Factor5;Factor6;Factor7;Factor8;Factor9;Factor10;Factor11;Factor12;Factor13,0.34204358070564894,2000,0.026753158441772413,0.033839559961163085,1.0,0.0004997501249375312,0.000742347272965459,0.0004997501249375312
four_cohort_variable_only_1500,16,M40,111,64,0.5765765765765766,shared_two_or_more,10,Factor1;Factor2;Factor3;Factor4;Factor6;Factor7;Factor9;Factor10;Factor11;Factor12,0.3368313962688583,2000,0.024297699842498174,0.030752783092398227,1.0,0.0004997501249375312,0.000742347272965459,0.0004997501249375312
four_cohort_variable_only_1500,16,M40,111,64,0.5765765765765766,ubiquitous_all_groups,3,Factor1;Factor2;Factor3,0.017234589320311754,2000,0.015876909072808323,0.02211294388050185,0.6565,0.34382808595702147,0.38120070399582817,0.46905118869136864
four_cohort_variable_only_1500,16,M40,111,64,0.5765765765765766,partially_shared,7,Factor4;Factor6;Factor7;Factor9;Factor10;Factor11;Factor12,0.3308720759371839,2000,0.008121462191980119,0.014887442922792883,1.0,0.0004997501249375312,0.000742347272965459,0.000642535874919683
four_cohort_variable_only_1500,16,M40,111,64,0.5765765765765766,shared_non_ffpe_only,7,Factor4;Factor6;Factor7;Factor9;Factor10;Factor11;Factor12,0.3308720759371839,2000,0.008121462191980119,0.014887442922792883,1.0,0.0004997501249375312,0.000742347272965459,0.000642535874919683
four_cohort_variable_only_1500,16,M40,111,64,0.5765765765765766,gse39055_shared,3,Factor1;Factor2;Factor3,0.017234589320311754,2000,0.015876909072808323,0.02211294388050185,0.6565,0.34382808595702147,0.38120070399582817,0.46905118869136864
four_cohort_variable_only_1500,16,M40,111,64,0.5765765765765766,gse39055_specific,1,Factor8,6.077888138976699e-05,2000,0.0012525536665980131,0.004531294294168126,0.16,0.84007996001999,0.851206846907672,0.84007996001999
four_cohort_detection_aware_variable_only_700,8,M34,162,40,0.24691358024691357,all_retained,6,Factor1;Factor2;Factor3;Factor4;Factor5;Factor6,0.28505685495315686,2000,0.05488174223037117,0.0687739410433762,1.0,0.0004997501249375312,0.000742347272965459,0.000642535874919683
four_cohort_detection_aware_variable_only_700,8,M34,162,40,0.24691358024691357,shared_two_or_more,6,Factor1;Factor2;Factor3;Factor4;Factor5;Factor6,0.28505685495315686,2000,0.05488174223037117,0.0687739410433762,1.0,0.0004997501249375312,0.000742347272965459,0.000642535874919683
four_cohort_detection_aware_variable_only_700,8,M34,162,40,0.24691358024691357,ubiquitous_all_groups,4,Factor1;Factor2;Factor3;Factor4,0.2710457607829681,2000,0.05199770699245573,0.06554621429637557,1.0,0.0004997501249375312,0.000742347272965459,0.0007496251874062968
four_cohort_detection_aware_variable_only_700,8,M34,162,40,0.24691358024691357,partially_shared,2,Factor5;Factor6,0.0067930552052716964,2000,0.004071661947754004,0.011659319464145406,0.814,0.18640679660169915,0.2193864606158459,0.27961019490254874
four_cohort_detection_aware_variable_only_700,8,M34,162,40,0.24691358024691357,shared_non_ffpe_only,2,Factor5;Factor6,0.0067930552052716964,2000,0.004071661947754004,0.011659319464145406,0.814,0.18640679660169915,0.2193864606158459,0.27961019490254874
four_cohort_detection_aware_variable_only_700,8,M34,162,40,0.24691358024691357,gse39055_shared,4,Factor1;Factor2;Factor3;Factor4,0.2710457607829681,2000,0.05199770699245573,0.06554621429637557,1.0,0.0004997501249375312,0.000742347272965459,0.0007496251874062968
four_cohort_detection_aware_variable_only_700,8,M11,7,5,0.7142857142857143,all_retained,6,Factor1;Factor2;Factor3;Factor4;Factor5;Factor6,0.016276322225252854,2000,0.012701756707115503,0.02153293524086128,0.7965,0.20389805097451275,0.23623262995367988,0.20389805097451275
four_cohort_detection_aware_variable_only_700,8,M11,7,5,0.7142857142857143,shared_two_or_more,6,Factor1;Factor2;Factor3;Factor4;Factor5;Factor6,0.016276322225252854,2000,0.012701756707115503,0.02153293524086128,0.7965,0.20389805097451275,0.23623262995367988,0.20389805097451275
four_cohort_detection_aware_variable_only_700,8,M11,7,5,0.7142857142857143,ubiquitous_all_groups,4,Factor1;Factor2;Factor3;Factor4,0.015703381847018243,2000,0.009560054728934661,0.016643764161470488,0.929,0.07146426786606697,0.08962322117629709,0.08039730134932534
four_cohort_detection_aware_variable_only_700,8,M11,7,5,0.7142857142857143,partially_shared,2,Factor5;Factor6,0.000467197670561363,2000,0.0033444744750174777,0.010507917157194298,0.1365,0.863568215892054,0.8635682158920539,0.863568215892054
four_cohort_detection_aware_variable_only_700,8,M11,7,5,0.7142857142857143,shared_non_ffpe_only,2,Factor5;Factor6,0.000467197670561363,2000,0.0033444744750174777,0.010507917157194298,0.1365,0.863568215892054,0.8635682158920539,0.863568215892054
four_cohort_detection_aware_variable_only_700,8,M11,7,5,0.7142857142857143,gse39055_shared,4,Factor1;Factor2;Factor3;Factor4,0.015703381847018243,2000,0.009560054728934661,0.016643764161470488,0.929,0.07146426786606697,0.08962322117629709,0.08039730134932534
four_cohort_detection_aware_variable_only_700,8,M40,111,29,0.26126126126126126,all_retained,6,Factor1;Factor2;Factor3;Factor4;Factor5;Factor6,0.28434231183066805,2000,0.022455951636426236,0.033041153674054996,1.0,0.0004997501249375312,0.000742347272965459,0.000642535874919683
four_cohort_detection_aware_variable_only_700,8,M40,111,29,0.26126126126126126,shared_two_or_more,6,Factor1;Factor2;Factor3;Factor4;Factor5;Factor6,0.28434231183066805,2000,0.022455951636426236,0.033041153674054996,1.0,0.0004997501249375312,0.000742347272965459,0.000642535874919683
four_cohort_detection_aware_variable_only_700,8,M40,111,29,0.26126126126126126,ubiquitous_all_groups,4,Factor1;Factor2;Factor3;Factor4,0.2804550785411177,2000,0.019482920939967167,0.02872317292457982,1.0,0.0004997501249375312,0.000742347272965459,0.0007496251874062968
four_cohort_detection_aware_variable_only_700,8,M40,111,29,0.26126126126126126,partially_shared,2,Factor5;Factor6,0.008928959147090843,2000,0.0033924670148256907,0.010415035703052383,0.925,0.07546226886556721,0.09311070271315955,0.135832083958021
four_cohort_detection_aware_variable_only_700,8,M40,111,29,0.26126126126126126,shared_non_ffpe_only,2,Factor5;Factor6,0.008928959147090843,2000,0.0033924670148256907,0.010415035703052383,0.925,0.07546226886556721,0.09311070271315955,0.135832083958021
four_cohort_detection_aware_variable_only_700,8,M40,111,29,0.26126126126126126,gse39055_shared,4,Factor1;Factor2;Factor3;Factor4,0.2804550785411177,2000,0.019482920939967167,0.02872317292457982,1.0,0.0004997501249375312,0.000742347272965459,0.0007496251874062968
four_cohort_detection_aware_variable_only_700,12,M34,162,40,0.24691358024691357,all_retained,8,Factor1;Factor2;Factor3;Factor4;Factor5;Factor6;Factor7;Factor8,0.33291216590144845,2000,0.05807954944751224,0.073530263097251,1.0,0.0004997501249375312,0.000742347272965459,0.000642535874919683
four_cohort_detection_aware_variable_only_700,12,M34,162,40,0.24691358024691357,shared_two_or_more,8,Factor1;Factor2;Factor3;Factor4;Factor5;Factor6;Factor7;Factor8,0.33291216590144845,2000,0.05807954944751224,0.073530263097251,1.0,0.0004997501249375312,0.000742347272965459,0.000642535874919683
four_cohort_detection_aware_variable_only_700,12,M34,162,40,0.24691358024691357,ubiquitous_all_groups,5,Factor1;Factor2;Factor3;Factor4;Factor6,0.2757167611611261,2000,0.048183108938179314,0.0612132527747306,1.0,0.0004997501249375312,0.000742347272965459,0.0007496251874062968
four_cohort_detection_aware_variable_only_700,12,M34,162,40,0.24691358024691357,partially_shared,3,Factor5;Factor7;Factor8,0.035274156816787285,2000,0.015344496939915676,0.030336057464813528,0.9795,0.020989505247376312,0.027215205956343864,0.0472263868065967
four_cohort_detection_aware_variable_only_700,12,M34,162,40,0.24691358024691357,shared_non_ffpe_only,3,Factor5;Factor7;Factor8,0.035274156816787285,2000,0.015344496939915676,0.030336057464813528,0.9795,0.020989505247376312,0.027215205956343864,0.0472263868065967
four_cohort_detection_aware_variable_only_700,12,M34,162,40,0.24691358024691357,gse39055_shared,5,Factor1;Factor2;Factor3;Factor4;Factor6,0.2757167611611261,2000,0.048183108938179314,0.0612132527747306,1.0,0.0004997501249375312,0.000742347272965459,0.0007496251874062968
four_cohort_detection_aware_variable_only_700,12,M11,7,5,0.7142857142857143,all_retained,8,Factor1;Factor2;Factor3;Factor4;Factor5;Factor6;Factor7;Factor8,0.059464879211069514,2000,0.01600437790158553,0.02731960450419771,0.9995,0.0009995002498750624,0.001402968240650317,0.0011244377811094452
four_cohort_detection_aware_variable_only_700,12,M11,7,5,0.7142857142857143,shared_two_or_more,8,Factor1;Factor2;Factor3;Factor4;Factor5;Factor6;Factor7;Factor8,0.059464879211069514,2000,0.01600437790158553,0.02731960450419771,0.9995,0.0009995002498750624,0.001402968240650317,0.0011244377811094452
four_cohort_detection_aware_variable_only_700,12,M11,7,5,0.7142857142857143,ubiquitous_all_groups,5,Factor1;Factor2;Factor3;Factor4;Factor6,0.013755583216812993,2000,0.010660130304830755,0.018710355212922386,0.7935,0.20689655172413793,0.23623262995367988,0.20689655172413793
four_cohort_detection_aware_variable_only_700,12,M11,7,5,0.7142857142857143,partially_shared,3,Factor5;Factor7;Factor8,0.04685367322972173,2000,0.005903127675744561,0.016344142554645977,0.9995,0.0009995002498750624,0.001402968240650317,0.0029985007496251873
four_cohort_detection_aware_variable_only_700,12,M11,7,5,0.7142857142857143,shared_non_ffpe_only,3,Factor5;Factor7;Factor8,0.04685367322972173,2000,0.005903127675744561,0.016344142554645977,0.9995,0.0009995002498750624,0.001402968240650317,0.0029985007496251873
four_cohort_detection_aware_variable_only_700,12,M11,7,5,0.7142857142857143,gse39055_shared,5,Factor1;Factor2;Factor3;Factor4;Factor6,0.013755583216812993,2000,0.010660130304830755,0.018710355212922386,0.7935,0.20689655172413793,0.23623262995367988,0.20689655172413793
four_cohort_detection_aware_variable_only_700,12,M40,111,29,0.26126126126126126,all_retained,8,Factor1;Factor2;Factor3;Factor4;Factor5;Factor6;Factor7;Factor8,0.28595919931516695,2000,0.025244197279663212,0.03681771249349592,1.0,0.0004997501249375312,0.000742347272965459,0.000642535874919683
four_cohort_detection_aware_variable_only_700,12,M40,111,29,0.26126126126126126,shared_two_or_more,8,Factor1;Factor2;Factor3;Factor4;Factor5;Factor6;Factor7;Factor8,0.28595919931516695,2000,0.025244197279663212,0.03681771249349592,1.0,0.0004997501249375312,0.000742347272965459,0.000642535874919683
four_cohort_detection_aware_variable_only_700,12,M40,111,29,0.26126126126126126,ubiquitous_all_groups,5,Factor1;Factor2;Factor3;Factor4;Factor6,0.2798486997294839,2000,0.020411085359713498,0.030419101605278977,1.0,0.0004997501249375312,0.000742347272965459,0.0007496251874062968
four_cohort_detection_aware_variable_only_700,12,M40,111,29,0.26126126126126126,partially_shared,3,Factor5;Factor7;Factor8,0.004698212479597067,2000,0.006125424862664117,0.015536581281428654,0.4735,0.526736631684158,0.5596576711644178,0.6772328121653459
four_cohort_detection_aware_variable_only_700,12,M40,111,29,0.26126126126126126,shared_non_ffpe_only,3,Factor5;Factor7;Factor8,0.004698212479597067,2000,0.006125424862664117,0.015536581281428654,0.4735,0.526736631684158,0.5596576711644178,0.6772328121653459
four_cohort_detection_aware_variable_only_700,12,M40,111,29,0.26126126126126126,gse39055_shared,5,Factor1;Factor2;Factor3;Factor4;Factor6,0.2798486997294839,2000,0.020411085359713498,0.030419101605278977,1.0,0.0004997501249375312,0.000742347272965459,0.0007496251874062968
four_cohort_detection_aware_variable_only_700,16,M34,162,40,0.24691358024691357,all_retained,11,Factor1;Factor2;Factor3;Factor4;Factor5;Factor6;Factor7;Factor8;Factor9;Factor10;Factor11,0.3424813312552999,2000,0.06416962856749865,0.07924962140021678,1.0,0.0004997501249375312,0.000742347272965459,0.000642535874919683
four_cohort_detection_aware_variable_only_700,16,M34,162,40,0.24691358024691357,shared_two_or_more,10,Factor1;Factor2;Factor3;Factor4;Factor6;Factor7;Factor8;Factor9;Factor10;Factor11,0.34052349792461234,2000,0.06272701498405386,0.07738985330237752,1.0,0.0004997501249375312,0.000742347272965459,0.000642535874919683
four_cohort_detection_aware_variable_only_700,16,M34,162,40,0.24691358024691357,ubiquitous_all_groups,8,Factor1;Factor2;Factor3;Factor4;Factor6;Factor8;Factor9;Factor11,0.279353602785826,2000,0.05975565181721684,0.07342371901221499,1.0,0.0004997501249375312,0.000742347272965459,0.0007496251874062968
four_cohort_detection_aware_variable_only_700,16,M34,162,40,0.24691358024691357,partially_shared,2,Factor7;Factor10,0.0553369671906446,2000,0.0048049853129045,0.013410557103700503,1.0,0.0004997501249375312,0.000742347272965459,0.0029985007496251873
four_cohort_detection_aware_variable_only_700,16,M34,162,40,0.24691358024691357,shared_non_ffpe_only,2,Factor7;Factor10,0.0553369671906446,2000,0.0048049853129045,0.013410557103700503,1.0,0.0004997501249375312,0.000742347272965459,0.0029985007496251873
four_cohort_detection_aware_variable_only_700,16,M34,162,40,0.24691358024691357,gse39055_shared,8,Factor1;Factor2;Factor3;Factor4;Factor6;Factor8;Factor9;Factor11,0.279353602785826,2000,0.05975565181721684,0.07342371901221499,1.0,0.0004997501249375312,0.000742347272965459,0.0007496251874062968
four_cohort_detection_aware_variable_only_700,16,M11,7,5,0.7142857142857143,all_retained,11,Factor1;Factor2;Factor3;Factor4;Factor5;Factor6;Factor7;Factor8;Factor9;Factor10;Factor11,0.07193279571361819,2000,0.02088626615519898,0.03335289809170515,1.0,0.0004997501249375312,0.000742347272965459,0.000642535874919683
four_cohort_detection_aware_variable_only_700,16,M11,7,5,0.7142857142857143,shared_two_or_more,10,Factor1;Factor2;Factor3;Factor4;Factor6;Factor7;Factor8;Factor9;Factor10;Factor11,0.07105925484047106,2000,0.019085299569135992,0.03089215708428283,1.0,0.0004997501249375312,0.000742347272965459,0.000642535874919683
four_cohort_detection_aware_variable_only_700,16,M11,7,5,0.7142857142857143,ubiquitous_all_groups,8,Factor1;Factor2;Factor3;Factor4;Factor6;Factor8;Factor9;Factor11,0.036683157443266494,2000,0.015913412050240956,0.025779933047004763,0.9965,0.00399800099950025,0.0054615549368173056,0.005140286999357464
four_cohort_detection_aware_variable_only_700,16,M11,7,5,0.7142857142857143,partially_shared,2,Factor7;Factor10,0.03514304251913967,2000,0.003419510913739203,0.010790401492330211,0.9995,0.0009995002498750624,0.001402968240650317,0.0029985007496251873
four_cohort_detection_aware_variable_only_700,16,M11,7,5,0.7142857142857143,shared_non_ffpe_only,2,Factor7;Factor10,0.03514304251913967,2000,0.003419510913739203,0.010790401492330211,0.9995,0.0009995002498750624,0.001402968240650317,0.0029985007496251873
four_cohort_detection_aware_variable_only_700,16,M11,7,5,0.7142857142857143,gse39055_shared,8,Factor1;Factor2;Factor3;Factor4;Factor6;Factor8;Factor9;Factor11,0.036683157443266494,2000,0.015913412050240956,0.025779933047004763,0.9965,0.00399800099950025,0.0054615549368173056,0.005140286999357464
four_cohort_detection_aware_variable_only_700,16,M40,111,29,0.26126126126126126,all_retained,11,Factor1;Factor2;Factor3;Factor4;Factor5;Factor6;Factor7;Factor8;Factor9;Factor10;Factor11,0.3132874417955217,2000,0.031011915326102032,0.044025217404756116,1.0,0.0004997501249375312,0.000742347272965459,0.000642535874919683
four_cohort_detection_aware_variable_only_700,16,M40,111,29,0.26126126126126126,shared_two_or_more,10,Factor1;Factor2;Factor3;Factor4;Factor6;Factor7;Factor8;Factor9;Factor10;Factor11,0.30716415552115744,2000,0.02951107939345692,0.04232598699139574,1.0,0.0004997501249375312,0.000742347272965459,0.000642535874919683
four_cohort_detection_aware_variable_only_700,16,M40,111,29,0.26126126126126126,ubiquitous_all_groups,8,Factor1;Factor2;Factor3;Factor4;Factor6;Factor8;Factor9;Factor11,0.3054726543337301,2000,0.026665564029756932,0.03818216351694202,1.0,0.0004997501249375312,0.000742347272965459,0.0007496251874062968
four_cohort_detection_aware_variable_only_700,16,M40,111,29,0.26126126126126126,partially_shared,2,Factor7;Factor10,0.0011873762500842345,2000,0.003209952742080876,0.009870930422702033,0.3125,0.6876561719140429,0.7206259883756752,0.7736131934032983
four_cohort_detection_aware_variable_only_700,16,M40,111,29,0.26126126126126126,shared_non_ffpe_only,2,Factor7;Factor10,0.0011873762500842345,2000,0.003209952742080876,0.009870930422702033,0.3125,0.6876561719140429,0.7206259883756752,0.7736131934032983
four_cohort_detection_aware_variable_only_700,16,M40,111,29,0.26126126126126126,gse39055_shared,8,Factor1;Factor2;Factor3;Factor4;Factor6;Factor8;Factor9;Factor11,0.3054726543337301,2000,0.026665564029756932,0.03818216351694202,1.0,0.0004997501249375312,0.000742347272965459,0.0007496251874062968
three_cohort_no_ffpe_variable_only_1500,8,M34,162,92,0.5679012345679012,all_retained,7,Factor1;Factor2;Factor3;Factor4;Factor5;Factor6;Factor7,0.31160405107010497,2000,0.051424092945832056,0.060539436818404326,1.0,0.0004997501249375312,0.000742347272965459,0.0004997501249375312
three_cohort_no_ffpe_variable_only_1500,8,M34,162,92,0.5679012345679012,shared_two_or_more,7,Factor1;Factor2;Factor3;Factor4;Factor5;Factor6;Factor7,0.31160405107010497,2000,0.051424092945832056,0.060539436818404326,1.0,0.0004997501249375312,0.000742347272965459,0.0004997501249375312
three_cohort_no_ffpe_variable_only_1500,8,M34,162,92,0.5679012345679012,ubiquitous_all_groups,7,Factor1;Factor2;Factor3;Factor4;Factor5;Factor6;Factor7,0.31160405107010497,2000,0.051424092945832056,0.060539436818404326,1.0,0.0004997501249375312,0.000742347272965459,0.0004997501249375312
three_cohort_no_ffpe_variable_only_1500,8,M34,162,92,0.5679012345679012,shared_non_ffpe_only,7,Factor1;Factor2;Factor3;Factor4;Factor5;Factor6;Factor7,0.31160405107010497,2000,0.051424092945832056,0.060539436818404326,1.0,0.0004997501249375312,0.000742347272965459,0.0004997501249375312
three_cohort_no_ffpe_variable_only_1500,8,M11,7,6,0.8571428571428571,all_retained,7,Factor1;Factor2;Factor3;Factor4;Factor5;Factor6;Factor7,0.028438778318905417,2000,0.007143021454715473,0.011799395786476609,1.0,0.0004997501249375312,0.000742347272965459,0.0004997501249375312
three_cohort_no_ffpe_variable_only_1500,8,M11,7,6,0.8571428571428571,shared_two_or_more,7,Factor1;Factor2;Factor3;Factor4;Factor5;Factor6;Factor7,0.028438778318905417,2000,0.007143021454715473,0.011799395786476609,1.0,0.0004997501249375312,0.000742347272965459,0.0004997501249375312
three_cohort_no_ffpe_variable_only_1500,8,M11,7,6,0.8571428571428571,ubiquitous_all_groups,7,Factor1;Factor2;Factor3;Factor4;Factor5;Factor6;Factor7,0.028438778318905417,2000,0.007143021454715473,0.011799395786476609,1.0,0.0004997501249375312,0.000742347272965459,0.0004997501249375312
three_cohort_no_ffpe_variable_only_1500,8,M11,7,6,0.8571428571428571,shared_non_ffpe_only,7,Factor1;Factor2;Factor3;Factor4;Factor5;Factor6;Factor7,0.028438778318905417,2000,0.007143021454715473,0.011799395786476609,1.0,0.0004997501249375312,0.000742347272965459,0.0004997501249375312
three_cohort_no_ffpe_variable_only_1500,8,M40,111,63,0.5675675675675675,all_retained,7,Factor1;Factor2;Factor3;Factor4;Factor5;Factor6;Factor7,0.31121751653813584,2000,0.02282946530174521,0.029452575169486944,1.0,0.0004997501249375312,0.000742347272965459,0.0004997501249375312
three_cohort_no_ffpe_variable_only_1500,8,M40,111,63,0.5675675675675675,shared_two_or_more,7,Factor1;Factor2;Factor3;Factor4;Factor5;Factor6;Factor7,0.31121751653813584,2000,0.02282946530174521,0.029452575169486944,1.0,0.0004997501249375312,0.000742347272965459,0.0004997501249375312
three_cohort_no_ffpe_variable_only_1500,8,M40,111,63,0.5675675675675675,ubiquitous_all_groups,7,Factor1;Factor2;Factor3;Factor4;Factor5;Factor6;Factor7,0.31121751653813584,2000,0.02282946530174521,0.029452575169486944,1.0,0.0004997501249375312,0.000742347272965459,0.0004997501249375312
three_cohort_no_ffpe_variable_only_1500,8,M40,111,63,0.5675675675675675,shared_non_ffpe_only,7,Factor1;Factor2;Factor3;Factor4;Factor5;Factor6;Factor7,0.31121751653813584,2000,0.02282946530174521,0.029452575169486944,1.0,0.0004997501249375312,0.000742347272965459,0.0004997501249375312
three_cohort_no_ffpe_variable_only_1500,12,M34,162,92,0.5679012345679012,all_retained,10,Factor1;Factor2;Factor3;Factor4;Factor5;Factor6;Factor7;Factor8;Factor9;Factor10,0.3184396209291741,2000,0.05472953750567436,0.06334444555531898,1.0,0.0004997501249375312,0.000742347272965459,0.0004997501249375312
three_cohort_no_ffpe_variable_only_1500,12,M34,162,92,0.5679012345679012,shared_two_or_more,9,Factor1;Factor2;Factor3;Factor4;Factor5;Factor6;Factor8;Factor9;Factor10,0.31593501695071474,2000,0.05413561744384555,0.06284734577440944,1.0,0.0004997501249375312,0.000742347272965459,0.0004997501249375312
three_cohort_no_ffpe_variable_only_1500,12,M34,162,92,0.5679012345679012,ubiquitous_all_groups,8,Factor1;Factor2;Factor3;Factor4;Factor5;Factor6;Factor8;Factor9,0.3130890026819735,2000,0.05283863857647241,0.061479518330822325,1.0,0.0004997501249375312,0.000742347272965459,0.0004997501249375312
three_cohort_no_ffpe_variable_only_1500,12,M34,162,92,0.5679012345679012,partially_shared,1,Factor10,0.009825916801059107,2000,0.001567629229071823,0.004952056514754092,0.9985,0.001999000499750125,0.002780427967834265,0.005997001499250375
three_cohort_no_ffpe_variable_only_1500,12,M34,162,92,0.5679012345679012,shared_non_ffpe_only,9,Factor1;Factor2;Factor3;Factor4;Factor5;Factor6;Factor8;Factor9;Factor10,0.31593501695071474,2000,0.05413561744384555,0.06284734577440944,1.0,0.0004997501249375312,0.000742347272965459,0.0004997501249375312
three_cohort_no_ffpe_variable_only_1500,12,M11,7,6,0.8571428571428571,all_retained,10,Factor1;Factor2;Factor3;Factor4;Factor5;Factor6;Factor7;Factor8;Factor9;Factor10,0.03528301744099678,2000,0.009230055417603456,0.014778882654002162,1.0,0.0004997501249375312,0.000742347272965459,0.0004997501249375312
three_cohort_no_ffpe_variable_only_1500,12,M11,7,6,0.8571428571428571,shared_two_or_more,9,Factor1;Factor2;Factor3;Factor4;Factor5;Factor6;Factor8;Factor9;Factor10,0.035100831428720634,2000,0.008579667392152022,0.013961461046284842,1.0,0.0004997501249375312,0.000742347272965459,0.0004997501249375312
three_cohort_no_ffpe_variable_only_1500,12,M11,7,6,0.8571428571428571,ubiquitous_all_groups,8,Factor1;Factor2;Factor3;Factor4;Factor5;Factor6;Factor8;Factor9,0.03509833875186753,2000,0.00785613904105029,0.01290042532448419,1.0,0.0004997501249375312,0.000742347272965459,0.0004997501249375312
three_cohort_no_ffpe_variable_only_1500,12,M11,7,6,0.8571428571428571,partially_shared,1,Factor10,3.266427002919852e-05,2000,0.0007279450700532466,0.002808068440768354,0.1645,0.8355822088955522,0.851206846907672,0.8355822088955523
three_cohort_no_ffpe_variable_only_1500,12,M11,7,6,0.8571428571428571,shared_non_ffpe_only,9,Factor1;Factor2;Factor3;Factor4;Factor5;Factor6;Factor8;Factor9;Factor10,0.035100831428720634,2000,0.008579667392152022,0.013961461046284842,1.0,0.0004997501249375312,0.000742347272965459,0.0004997501249375312
three_cohort_no_ffpe_variable_only_1500,12,M40,111,63,0.5675675675675675,all_retained,10,Factor1;Factor2;Factor3;Factor4;Factor5;Factor6;Factor7;Factor8;Factor9;Factor10,0.33841314262255734,2000,0.025626305844346144,0.03293684084175606,1.0,0.0004997501249375312,0.000742347272965459,0.0004997501249375312
three_cohort_no_ffpe_variable_only_1500,12,M40,111,63,0.5675675675675675,shared_two_or_more,9,Factor1;Factor2;Factor3;Factor4;Factor5;Factor6;Factor8;Factor9;Factor10,0.3267122775319514,2000,0.02494812531169382,0.032026043507855095,1.0,0.0004997501249375312,0.000742347272965459,0.0004997501249375312
three_cohort_no_ffpe_variable_only_1500,12,M40,111,63,0.5675675675675675,ubiquitous_all_groups,8,Factor1;Factor2;Factor3;Factor4;Factor5;Factor6;Factor8;Factor9,0.3264793322359663,2000,0.023890435714540734,0.031168865412317764,1.0,0.0004997501249375312,0.000742347272965459,0.0004997501249375312
three_cohort_no_ffpe_variable_only_1500,12,M40,111,63,0.5675675675675675,partially_shared,1,Factor10,0.0045754960914487835,2000,0.0011883855898042047,0.0039372864590676605,0.967,0.033483258370814596,0.04269115442278861,0.0502248875562219
three_cohort_no_ffpe_variable_only_1500,12,M40,111,63,0.5675675675675675,shared_non_ffpe_only,9,Factor1;Factor2;Factor3;Factor4;Factor5;Factor6;Factor8;Factor9;Factor10,0.3267122775319514,2000,0.02494812531169382,0.032026043507855095,1.0,0.0004997501249375312,0.000742347272965459,0.0004997501249375312
three_cohort_no_ffpe_variable_only_1500,16,M34,162,92,0.5679012345679012,all_retained,13,Factor1;Factor2;Factor3;Factor4;Factor5;Factor6;Factor7;Factor8;Factor9;Factor10;Factor11;Factor12;Factor13,0.3287600736130333,2000,0.06110194495793132,0.06928921746725654,1.0,0.0004997501249375312,0.000742347272965459,0.0004997501249375312
three_cohort_no_ffpe_variable_only_1500,16,M34,162,92,0.5679012345679012,shared_two_or_more,11,Factor1;Factor2;Factor3;Factor4;Factor5;Factor7;Factor8;Factor9;Factor10;Factor11;Factor13,0.3235899055572329,2000,0.05931877046023331,0.06745626412382351,1.0,0.0004997501249375312,0.000742347272965459,0.0004997501249375312
three_cohort_no_ffpe_variable_only_1500,16,M34,162,92,0.5679012345679012,ubiquitous_all_groups,9,Factor1;Factor2;Factor3;Factor4;Factor5;Factor7;Factor8;Factor9;Factor10,0.3139680660575475,2000,0.052461304849214,0.061709670710123385,1.0,0.0004997501249375312,0.000742347272965459,0.0004997501249375312
three_cohort_no_ffpe_variable_only_1500,16,M34,162,92,0.5679012345679012,partially_shared,2,Factor11;Factor13,0.014817770686021798,2000,0.009577105188698006,0.018108761498724237,0.8695,0.13093453273363317,0.1577400276239833,0.1571214392803598
three_cohort_no_ffpe_variable_only_1500,16,M34,162,92,0.5679012345679012,shared_non_ffpe_only,11,Factor1;Factor2;Factor3;Factor4;Factor5;Factor7;Factor8;Factor9;Factor10;Factor11;Factor13,0.3235899055572329,2000,0.05931877046023331,0.06745626412382351,1.0,0.0004997501249375312,0.000742347272965459,0.0004997501249375312
three_cohort_no_ffpe_variable_only_1500,16,M11,7,6,0.8571428571428571,all_retained,13,Factor1;Factor2;Factor3;Factor4;Factor5;Factor6;Factor7;Factor8;Factor9;Factor10;Factor11;Factor12;Factor13,0.05261769287013153,2000,0.011783612553758345,0.017929492100440442,1.0,0.0004997501249375312,0.000742347272965459,0.0004997501249375312
three_cohort_no_ffpe_variable_only_1500,16,M11,7,6,0.8571428571428571,shared_two_or_more,11,Factor1;Factor2;Factor3;Factor4;Factor5;Factor7;Factor8;Factor9;Factor10;Factor11;Factor13,0.04980176531915007,2000,0.010452093794484467,0.015936750298093046,1.0,0.0004997501249375312,0.000742347272965459,0.0004997501249375312
three_cohort_no_ffpe_variable_only_1500,16,M11,7,6,0.8571428571428571,ubiquitous_all_groups,9,Factor1;Factor2;Factor3;Factor4;Factor5;Factor7;Factor8;Factor9;Factor10,0.03494239914947678,2000,0.008508840143711218,0.013713930940455492,1.0,0.0004997501249375312,0.000742347272965459,0.0004997501249375312
three_cohort_no_ffpe_variable_only_1500,16,M11,7,6,0.8571428571428571,partially_shared,2,Factor11;Factor13,0.017413134605605344,2000,0.0021276999178525195,0.0064266945079881396,1.0,0.0004997501249375312,0.000742347272965459,0.0029985007496251873
three_cohort_no_ffpe_variable_only_1500,16,M11,7,6,0.8571428571428571,shared_non_ffpe_only,11,Factor1;Factor2;Factor3;Factor4;Factor5;Factor7;Factor8;Factor9;Factor10;Factor11;Factor13,0.04980176531915007,2000,0.010452093794484467,0.015936750298093046,1.0,0.0004997501249375312,0.000742347272965459,0.0004997501249375312
three_cohort_no_ffpe_variable_only_1500,16,M40,111,63,0.5675675675675675,all_retained,13,Factor1;Factor2;Factor3;Factor4;Factor5;Factor6;Factor7;Factor8;Factor9;Factor10;Factor11;Factor12;Factor13,0.34955671328288107,2000,0.02890696545475152,0.03597419029325541,1.0,0.0004997501249375312,0.000742347272965459,0.0004997501249375312
three_cohort_no_ffpe_variable_only_1500,16,M40,111,63,0.5675675675675675,shared_two_or_more,11,Factor1;Factor2;Factor3;Factor4;Factor5;Factor7;Factor8;Factor9;Factor10;Factor11;Factor13,0.34378857780572253,2000,0.02725641511862356,0.0342458886137855,1.0,0.0004997501249375312,0.000742347272965459,0.0004997501249375312
three_cohort_no_ffpe_variable_only_1500,16,M40,111,63,0.5675675675675675,ubiquitous_all_groups,9,Factor1;Factor2;Factor3;Factor4;Factor5;Factor7;Factor8;Factor9;Factor10,0.331383467399197,2000,0.02435116154252825,0.03183612073624152,1.0,0.0004997501249375312,0.000742347272965459,0.0004997501249375312
three_cohort_no_ffpe_variable_only_1500,16,M40,111,63,0.5675675675675675,partially_shared,2,Factor11;Factor13,0.010186615077461818,2000,0.0038498620078198246,0.009122093687643966,0.975,0.025487256371814093,0.032769329620903835,0.0502248875562219
three_cohort_no_ffpe_variable_only_1500,16,M40,111,63,0.5675675675675675,shared_non_ffpe_only,11,Factor1;Factor2;Factor3;Factor4;Factor5;Factor7;Factor8;Factor9;Factor10;Factor11;Factor13,0.34378857780572253,2000,0.02725641511862356,0.0342458886137855,1.0,0.0004997501249375312,0.000742347272965459,0.0004997501249375312
