,Factor1,Factor2,Factor3,Factor4,Factor5,Factor6
ABCC3,0.26389274,0.016975962,0.0002832262,0.056959905,-0.035171382,-0.0013612931
ADAMTS1,-0.0012007024,0.27152726,0.12843448,0.011574115,-0.007616911,0.009388488
ADAMTS4,0.03788634,0.23983864,0.10196358,-0.0572806,-0.008540223,-0.1012043
ADCY7,0.18634135,0.23051406,8.6212975e-05,-0.031462185,-0.09108823,0.0034074774
ALOX5,0.215298,0.015714724,-0.10821053,-0.004416382,-0.054765325,0.07219336
ANGPT2,0.0006248108,0.0077066873,0.0022619313,0.031010084,0.004621899,0.040736876
ANKRD22,0.25907364,-0.08865554,-0.0017743662,-0.04566716,-0.06627097,0.000411936
ANXA3,0.097753294,-0.008400068,-0.05683438,0.007882176,-0.16907132,0.011925583
ARHGAP30,0.3227657,0.027798088,0.0052179913,-0.04601301,0.0021251335,0.052403703
ARHGDIB,0.2423608,-0.018667173,-0.1131504,-0.0018931115,-0.05156176,-0.042148087
ARL4D,-0.0414486,-0.118722185,0.15362985,0.09263782,0.20332117,0.0029577606
ARRB1,0.20497997,-0.04132691,-0.0072623864,0.14802055,0.0002134896,-0.17532356
ATAD2,-0.0036788462,-0.05994863,0.33806944,0.022068208,-0.09689739,0.034513917
ATF7IP2,0.11729009,-0.09059565,-0.011008465,0.13612556,-0.022744378,0.007143933
ATP8A1,0.2199254,-0.061094474,-0.006538038,0.12379014,-0.082211606,0.041449454
B2M,0.23706295,-0.042741228,-0.0064921137,-0.031258065,-0.17324595,0.07689731
BARX1,-0.08884841,0.06641789,0.040394872,0.019316392,0.15245874,0.073945984
BATF2,0.21653442,-0.054326233,-0.010189129,0.069728546,-0.07505144,0.116379574
BLNK,0.29307467,0.0031742952,-0.0016868314,0.029555544,0.011093924,0.06029914
BTK,0.28711525,-0.04133474,0.002009324,-0.04540648,0.009304495,-0.17142384
BUB1,0.0005217139,-0.06269727,0.37657222,-0.07532226,0.0063329083,-0.0033173857
C1S,0.10032197,0.21605234,-0.086755715,0.10226404,-0.22948867,0.012861232
C3AR1,0.30590415,0.062454887,0.0012631852,-0.010119466,-0.012233802,0.1361201
CAPG,0.11235138,-0.040917724,0.0028531982,-0.086172536,-0.20002435,-0.25169873
CARD9,0.26596653,-0.04174359,-0.009289312,0.03435358,0.021741671,-0.084245004
CASP8,0.14490847,0.03514488,0.03938839,0.018340195,-0.20549105,0.027868018
CBX7,0.13818833,0.037488855,-0.09121238,0.07880029,-0.24633694,0.08103527
CCNA2,0.0007078743,0.0059159994,0.3796115,-0.10295015,0.013162424,0.0005033334
CCNB3,-0.0045556333,-0.062245853,0.31252548,-0.05189078,-0.0060250014,0.010376362
CCR2,0.27583644,0.06371638,-0.0020805951,0.036188446,-0.0126141,0.14602001
CD244,0.25112474,-0.03886849,-0.017889423,-0.009601398,-0.00039258297,0.11559248
CD74,0.2994854,0.036469437,-0.023536962,-0.0064974446,-0.0033682347,0.18551236
CD80,0.25245592,0.026842382,-0.013092588,-0.055201475,-0.06921975,0.11309852
CD86,0.28377035,0.061092753,0.0037173014,-0.06492006,-0.050009992,0.13859367
CDC20,-0.0067507275,-0.026598122,0.34849158,-0.09120676,0.044069085,-0.0017172035
CDC6,0.0013693792,-0.057920136,0.35981354,-0.10806609,-0.021676604,0.00063951185
CDCA2,-0.0031694598,0.016904848,0.36421654,-0.063742325,0.042692453,-0.0056712343
CDCA8,-0.0004750079,-0.010310116,0.39699313,-0.054335654,0.0153165385,0.0025653502
CEP72,-0.006770063,-0.034261547,0.25545397,-0.008935273,0.07655876,0.015038861
CHST2,0.0828548,0.016559238,0.09473556,0.031861912,0.16786963,-0.007826617
CLEC12A,0.2812545,0.041678328,-0.019932391,0.010675112,-0.004389345,0.1380665
CLSPN,0.0023056392,-0.0062563648,0.3814105,-0.014153146,-0.0068264953,0.0049060737
CLTCL1,0.002816159,0.09548704,0.17003222,0.0022748508,0.1889422,0.007534259
CSF1R,0.25901282,-0.082673706,-0.00034561264,0.094733894,0.001365647,-0.24738124
CSF2RB,0.28767762,0.03770693,-0.004968081,0.026655031,0.003969689,-0.11161285
CTSH,0.19871783,-0.019848531,-0.0006772599,0.02555204,-0.18333255,0.10659312
CXCL14,0.05734146,0.23669584,-0.11501354,0.13127182,-0.08545022,0.0025134925
CYP4V2,0.21769294,0.0051547824,-0.05657449,0.032335706,-0.20018016,0.007969833
CYSLTR2,0.21464294,0.020977903,-0.028727937,0.0071134935,-0.0042603104,0.111518666
DAPP1,0.2877637,0.016985638,-0.009664403,-0.03081439,-0.0642357,0.08574756
DENND1C,0.32331696,-0.036003318,-0.016945489,-0.0005344639,0.043769583,-0.0007948689
DEPDC1,-0.046968464,0.002391002,0.3675326,-0.057238363,-0.000674764,0.0005663944
DNAJB1,-0.06287294,0.015052396,0.13277459,0.0076403623,-0.18055996,-0.0011341067
DNASE1L3,0.15276502,-0.0077685947,-0.07748738,0.15453075,-0.02469824,0.05176195
DOCK2,0.32921174,0.011299552,0.035228338,-0.00026404654,-0.04780009,0.09177366
DOK2,0.28159603,-0.0029961425,-0.0057755075,-0.088900164,0.08657171,0.076020636
DRD1,-0.0032704237,0.059522454,0.010495836,0.060562864,0.0043034675,0.03878717
DTX3L,0.1457982,-0.028163051,0.0815821,0.105835676,-0.36552587,0.11195893
E2F1,-0.052638527,-0.07143496,0.2774671,-0.10611547,0.08824714,0.0010063985
E2F7,-0.0014303898,0.123181805,0.36383125,-0.03897242,0.03432405,-0.009171909
E2F8,0.00084109616,-0.027611047,0.36501023,0.0008418888,0.00035076638,0.012117413
ECT2,-0.0020155348,0.023434661,0.379704,-0.08510725,-0.055833165,-0.0069183107
EGR1,0.06163728,0.03010255,0.0038364918,0.109670326,-0.12995185,-0.0127674285
EHD3,0.084992066,-0.07559637,-0.014204183,0.19507357,-0.23930633,-0.05711448
ELOVL4,-0.0734793,-0.009446722,0.16388458,0.11193108,0.14762433,-0.00718227
ENPP5,0.15471137,-0.093580194,-0.057473257,0.08897182,-0.20385467,-0.051206864
EPAS1,0.11595935,0.056053847,-0.07710618,0.23132004,-0.29927677,0.0060055503
EPHA2,-0.019130819,-0.09593048,0.15947618,0.125379,0.037518777,-0.011168887
EPHB3,-0.04760365,0.28287074,0.10123351,0.05455957,0.041317355,-0.0006876487
ESPL1,-0.008911291,-0.06621392,0.37085262,-0.008153548,-0.099906236,-0.014760489
EVI2A,0.18863967,0.12691548,-0.06546129,-0.133681,0.002557245,-0.073947914
EXO1,-0.00786383,-0.08575097,0.30957147,-0.0010137174,-0.120766886,-0.007526956
F5,0.1322997,-0.0070995577,-0.0798132,0.09508576,-0.07741882,-0.19378062
FAM107A,0.016636778,0.02117453,-0.088932514,0.1902408,-0.18922733,0.054972906
FANCA,-0.041086957,-0.074120544,0.27082866,-0.032814983,0.097672045,0.0013688549
FANCD2,-0.000104460734,0.022780819,0.3658233,-0.03778002,0.061690114,-0.007807698
FANCM,0.015794564,0.053661663,0.37353614,-0.095676005,0.0034690625,0.009730358
FCER1G,0.30169225,-0.0054312777,-0.0014371075,-0.07590799,0.037855484,0.0010681496
FGR,0.2847723,0.026854191,-0.0182161,-0.0055311793,-0.0009999777,0.11731131
FN1,0.054820325,0.17867045,-0.0028430568,0.13735653,-0.25707057,-0.10863171
GAB2,0.17207074,0.002847231,-0.06778084,0.12240701,-0.20406526,-0.038477562
GABRA2,0.00076292927,0.030067949,0.07152163,0.046645004,0.22937946,0.034372266
GAS6,0.07225181,0.16618699,-0.124301866,0.15675715,-0.17786604,0.04432016
GBP1,0.21871188,8.4999694e-05,0.0020652984,-0.02957443,-0.21076138,0.12595762
GIMAP6,0.31882113,-0.0023335998,-0.028446563,0.0077601485,0.07125726,0.08146312
GLUL,0.16587368,-0.009659891,-0.009870696,0.03625928,-0.1867422,-0.012712768
GMFG,0.22682178,-0.07597412,-0.12061821,-0.015696852,0.039127223,0.0048639746
GPRC5C,-0.06047943,-0.06089066,0.021780303,0.2811485,0.23376511,4.859147e-05
GPSM3,0.28395534,-0.07916921,-0.004018334,0.009080985,-0.023327963,-0.0021585224
GTSE1,4.233301e-05,-0.013957834,0.37977478,-0.049291205,-0.0017499445,-0.0007518973
HCLS1,0.30036345,0.005706918,-0.016269607,-0.019337494,-0.04353167,9.927998e-05
HELLS,-0.0025250693,-0.01666075,0.3482836,-0.0131869055,0.013098531,-0.010184061
HHIP,0.0028860075,0.0854049,0.08848526,0.057811894,0.21534131,-0.0108464
HNMT,0.18231504,0.021579474,-0.016887458,0.027159238,-0.17044604,-0.0062816483
HSP90AA1,-0.0038331253,0.012584436,0.272078,0.0005403305,0.010466826,0.008010768
HSPH1,0.0022251443,-0.0011636303,0.21954665,-0.0010411971,0.004414442,-0.06838384
IFI30,0.20945205,-0.13722666,-0.029035991,0.073236674,0.003619981,-0.22690614
IFI35,0.16655856,-0.07000814,0.00016121312,0.027580133,-0.29563096,0.084064804
IFITM5,-0.0062265554,-0.20166789,0.0036917434,0.28999949,0.37304437,0.02361682
IGFBP3,-0.01882847,0.17973466,0.05453327,0.0016469056,-0.04560765,-0.00038742946
IL18,0.29762328,-0.008275815,0.00013322524,-0.0035921976,0.0073633036,0.09278231
IL1RN,0.2339949,-0.030652955,0.023702951,-0.07103993,-0.112470455,0.038770776
INPP5D,0.3011225,-0.049878996,0.0016704561,0.07747954,0.056889,-0.006403442
IRF5,0.28989536,-0.0631533,-0.0028266013,0.0034153603,-0.055060495,0.013825524
ITGBL1,0.054480087,0.21610492,-0.109933205,0.109918825,-0.12675272,0.0025124557
KCNQ1,0.2804818,0.007889133,-0.00031527015,0.06583042,-0.0023605265,0.08212624
KIAA0040,0.13423984,-0.1199971,-0.049554523,0.17483068,-0.049396455,-0.33963603
KIF15,-0.0034325595,0.048823755,0.39771488,-0.03575975,0.01786649,0.0024978176
KIF22,0.0001731246,-0.0275517,0.37179357,-0.048067816,0.01480449,0.0059267893
KIF23,-0.005297697,0.0020518533,0.37877488,-0.09894764,-0.0075912285,-3.3369463e-06
KIF4A,-0.002381663,-0.020152876,0.3927935,-0.07359986,-0.06573606,-0.0054022134
LAMA3,0.015839403,0.034972154,-0.008740886,0.18771876,-0.25538865,0.011665108
LAPTM5,0.28594682,-0.07934567,0.0003883349,0.0017912831,0.0018313556,-0.19083014
LCP1,0.2907404,-0.08210043,0.00093712314,-0.030947188,0.018068118,-0.17258492
LGR4,-0.090917245,-0.0049260235,0.11162083,0.19445609,0.16290635,0.07454006
LHX2,-0.08343226,0.04176499,0.19598465,0.095171124,0.05298203,0.010473042
LIMS2,0.101891264,0.16816366,-0.14109391,0.08616819,0.0016006656,0.110549115
LY96,0.22471265,0.07484887,-0.07038089,-0.043697637,-0.07343746,-0.045953836
MAP1LC3C,0.042332485,0.099879675,-0.12112652,0.054283544,-0.04317975,-0.08179302
MCAM,0.028726218,0.0092595555,0.034431167,0.13637555,0.1643358,0.03046641
MCM2,-0.050022576,0.0006586894,0.36177197,0.014764295,-0.067767024,0.0021688202
MCM5,-0.00036832265,-0.066153124,0.33291528,-0.018768452,-0.0017694887,0.0013927438
MCTP1,0.22915646,0.07911794,-0.048820384,-0.010539353,0.028014306,0.04987874
MOSPD2,0.12518743,-0.026657077,0.010164523,0.10032561,-0.37038204,0.0020504645
MS4A7,0.28889677,0.062807575,-0.0042391955,-0.026031902,0.067802735,0.15579867
MSI1,-0.06793798,-0.070461005,0.09488489,0.1707211,0.065903716,0.111433744
MXRA5,0.028713526,0.28080404,0.0018328776,0.06659062,-0.20360702,-0.02472645
MYBL2,0.0004441566,-0.0574967,0.31884181,-0.11626994,0.11179416,-0.0033326128
MYO1G,0.29545027,-0.012058693,-0.0011652595,0.00035076035,0.0023688565,0.020810079
NCF4,0.29186192,-0.10006383,-0.0026201312,0.031890243,0.025958119,-0.115882464
NDUFB9,-0.0124319345,-0.15997586,0.10758495,-0.02467948,0.10152641,0.011834023
NETO1,-0.007610663,0.013425726,0.118104115,0.014819918,0.3399274,0.0019634387
NFAM1,0.3089018,-0.057323135,0.0044163633,0.0064931368,0.027242973,-0.052493893
NR2F1,-0.00084345334,0.17437968,0.11217099,0.010584067,0.13485906,-0.023964632
OAS1,0.17433892,-0.04848941,0.04848787,0.020159092,-0.27415392,0.11469169
OAS2,0.1744707,-0.00970553,0.013563343,0.023314018,-0.2986326,0.09579487
OSBPL3,0.15181096,0.11539104,0.09697834,0.0758141,-0.18098897,-0.015409263
OSR2,-0.07625491,0.11785161,0.069899,0.008645289,0.083755046,0.08637665
PAG1,0.19051205,0.09527502,0.071405984,-0.0070409933,0.0029891315,0.05704258
PAPPA,0.043747596,0.070536934,-0.014459249,0.1346781,-0.22465259,-0.047954284
PARP12,0.20511043,-0.047159646,1.9259252e-05,0.0112509625,-0.30710962,0.057878245
PARP14,0.19596486,-0.006709404,0.07633969,0.07945616,-0.26993233,0.14331816
PARP15,0.20350704,-0.045229394,-0.011398684,0.059336964,-0.2725612,0.06827095
PARP9,0.18179816,-0.004243505,0.04835259,0.092912555,-0.35956097,0.116120405
PARVG,0.32568458,-0.006776541,0.00051397964,0.014328744,0.025722526,0.023466175
PIK3AP1,0.28315488,-0.07305421,0.0041133366,0.047760632,-0.0838513,-0.05881727
PIK3CG,0.25610524,-0.06424451,0.041769158,0.08294071,-0.06671841,-0.22258353
PLK4,0.0028217088,0.008659512,0.38535124,-0.08238124,-0.026467238,0.008128265
POLE,-0.02652959,-0.006809465,0.36635837,-0.0004218075,0.034057472,0.007800985
POLE2,-0.0013232656,-0.007063804,0.30976734,-0.09409433,0.10566327,-0.0071622087
POLQ,-0.029260179,0.006400692,0.32615712,-0.041169126,0.027336353,0.040690947
PRDM1,0.222213,-0.045712337,0.0066602263,0.06953297,0.0016558734,-0.22181416
PRKAR2B,0.15382655,0.027737975,-0.08200672,0.05334505,-0.04125645,0.08588793
PTAFR,0.2856223,-0.025719598,-0.032723133,-0.028835393,-0.059672166,0.054698892
PTK2B,0.27018914,-0.04189021,0.0003094659,-0.0077410094,-0.0050996086,-0.15146478
PTPN6,0.32205224,-0.029987272,-0.007415271,-0.030714655,0.0020522266,0.0033116688
PTPRC,0.32010454,-0.0367281,0.024081018,-0.0010708694,-0.017291684,-0.049456492
PTPRJ,0.25014606,-0.083031915,0.0038832284,0.058721907,-0.0788004,-0.14787902
PTPRO,0.2602662,0.009344453,-0.0032783742,0.0764515,-0.0035317086,0.10671553
PYCARD,0.2951644,-0.04106887,-0.042116698,-0.006281905,-0.0069549084,0.026713321
RAB30,0.005222248,0.17667443,0.00021385844,0.11656717,-0.29235095,0.018904857
RASSF5,0.20853308,-0.01792202,0.00051184226,0.027396323,-0.01612264,0.030111598
RCOR2,-0.07862026,-0.11014137,0.12968019,0.16045721,0.33445293,0.06527067
RECQL4,-0.010237519,-0.04169955,0.24817972,-0.07574988,0.16294879,0.010586649
RELN,0.05496152,0.12647566,-0.026908066,0.09041746,0.044347018,-0.010653588
RETSAT,0.08635573,-0.019686151,0.0021128077,0.021045774,-0.3483742,-0.13544482
RGS18,0.27590394,0.0060439324,-0.07149114,0.018385317,0.0044531627,0.12157277
RNASEL,0.124748394,0.00473126,0.020780152,0.1518413,-0.39623785,0.0078372
RRM2,0.019652715,0.0019767694,0.3369011,-0.10627928,0.0018351811,-0.07343972
RYR2,-0.043280892,0.0010464714,0.028219737,0.11087839,0.27105325,0.062353164
SAMD9L,0.20072109,0.033835318,0.03575,0.026998665,-0.33344415,0.11281359
SAMSN1,0.29159743,0.0020735858,0.010184611,-0.082579084,-0.019784551,0.16331226
SCML2,-0.06612545,-0.0066276523,0.19452158,0.084565885,0.1451354,0.06571716
SCTR,0.1354907,0.059384745,-0.088201374,0.104647614,0.015339764,0.00922544
SERPINB8,0.12528431,-0.104124896,-0.0063122245,0.02537429,-0.07791579,-0.2732609
SERPINB9,0.16427328,-0.037763376,-0.013837269,0.080062136,-0.21044958,0.17609392
SERPING1,0.13116087,0.030107459,-0.101512365,0.18550093,-0.24305831,0.0021871745
SFRP4,0.08578495,0.1759151,-0.09051122,0.0852121,-0.17446692,-0.13181815
SH3D19,-0.013613912,0.18751344,-0.061780866,0.11427066,-0.19285643,-0.0073628905
SH3TC1,0.27476433,0.02907272,-0.02672593,0.07193133,-0.005121781,-0.010898238
SIM2,-0.054788306,0.117457576,0.14596497,0.0048763743,0.12275439,0.07271257
SLC13A5,-0.004490145,-0.015810814,0.07054153,0.16914701,0.45083585,0.03196514
SLC43A2,0.28675467,0.02897873,-0.0014958659,-0.044522632,-0.0030685521,-0.101503074
SLC6A6,0.14210199,0.03385199,0.008386185,0.050909597,-0.26581603,-0.111350484
SLC8A1,0.11934021,0.03161045,-0.009636026,0.07279183,-0.13979879,0.04152912
SLCO2B1,0.32610524,0.058931652,0.03903169,0.05322036,0.0014761776,0.13298087
SLCO3A1,0.10983598,0.062914334,-0.018746492,0.13996485,-0.2528625,-0.06807012
SMO,-0.08007309,0.034306467,0.17720695,0.21762444,0.102017805,0.043489642
SP100,0.15222287,-0.005018253,0.0028256103,0.057375118,-0.3619002,0.14418833
SPAG5,-0.02504031,-0.008164239,0.37281957,-0.08200957,0.006005524,0.00083162606
SRM,-0.031151872,0.030000942,0.13611199,-0.0983042,0.2350411,0.011135362
ST6GALNAC3,0.01103261,-0.017201811,0.15992321,0.14658679,0.18399253,-0.0022743263
ST8SIA5,-0.06730239,-0.0020737427,0.10474506,0.07199434,0.1784333,-0.106760666
STC1,0.001717682,0.051615845,0.08589498,-0.04027886,0.019989554,-0.033059
SUSD1,0.12768956,-0.14921317,-0.0010578065,0.16618551,-0.106023856,-0.012400593
SYK,0.26364863,-0.0837405,-0.008379747,0.04351953,0.044805083,-0.2036926
SYTL1,0.16255021,-0.041054297,-0.017768173,-0.005940448,0.04504957,-0.15393332
TAGAP,0.28716663,-0.00079069124,-0.0035273877,-0.01601745,-0.059041206,0.037821107
TAPBPL,0.18777387,-0.04866822,-0.0038116025,0.08310043,-0.20997922,0.020512545
TBC1D9,0.22099999,-0.07884139,0.02312725,0.110138565,-0.009129824,-0.2581165
TK1,-0.0009369894,-0.08582002,0.29605713,-0.12206456,0.008550331,-0.040106334
TLR1,0.2943515,0.045884944,0.023212668,0.0012056625,5.9225076e-05,0.11242806
TLR3,0.15668479,-0.010051386,0.0037335234,0.14401786,-0.3214877,0.08775908
TLR7,0.29403204,0.03313763,0.0008907312,0.08434077,-0.085699394,0.110736705
TLR8,0.30726352,0.026004769,0.0019573956,-0.073726006,0.055883363,0.08436137
TMEM123,0.08409747,-0.048237942,0.058175948,0.1513689,-0.25863808,0.036776982
TMEM86A,0.2705412,-0.06810269,-0.0037321423,0.031255506,-0.020551287,-0.07783306
TNFAIP8,0.24806795,0.053823978,0.057657763,-0.078563794,0.03970329,0.005797367
TNFAIP8L2,0.28206033,-0.048742253,-0.05347442,-0.04064505,0.024378583,0.108627446
TNFSF8,0.27062637,0.053644437,-0.0032801763,-1.671518e-05,-0.044748075,0.16114084
TOP2A,-0.0014190304,0.022983164,0.4183149,-0.003690771,-0.024592893,-0.0015386234
TRIB3,-0.012834422,-0.04423117,0.15786703,-0.05417794,-0.037042134,0.012744994
TRIM14,0.18778783,-0.00888718,0.115529664,-0.03648545,-0.2605244,0.075390466
TRIM22,0.26158616,-0.0018675919,0.0037597609,0.027550125,-0.12901866,0.17978366
TRIP13,-0.022399036,-0.005415081,0.31984785,-0.071377695,-0.0046707415,-0.014893342
TSPAN33,0.08392375,-0.12432385,0.11804253,0.14091799,0.21646148,0.11004755
TYMS,-0.046229523,-0.059644368,0.31099144,0.023284484,-0.010309867,0.0044155545
UBE2S,-0.03752141,-0.0613387,0.2466635,-0.13212739,0.124639764,-0.00060732896
UBE2T,-0.0530001,-0.11351677,0.30126148,-0.094057225,0.00019498616,0.003664218
UHRF1,-0.0015152718,0.034122925,0.37333003,-0.012865339,-0.024277994,-0.017545512
VAV1,0.3253999,-0.0060630306,0.0006481068,-0.03533629,0.004188072,-0.0020809274
ZMAT1,0.1588942,-0.07096961,-0.0047728177,0.12230507,-0.09559144,-0.012565894
A4GALT,0.10082581,0.17314869,-0.13223788,0.039412208,0.00151668,0.075750306
AADAT,-0.042905286,-0.09620245,0.10978127,0.07105607,0.012642717,0.023290468
ABCA3,0.2225658,-0.07387728,0.009984125,0.10619089,0.13914423,0.093431436
ABI3BP,0.08415613,0.2944215,-0.018650368,0.09386741,0.108778134,0.026519315
ABLIM2,-0.00044219565,-0.1535452,-0.026258282,0.22307013,0.027005142,-0.01271947
ACOT7,0.020707326,-0.041938104,0.20857893,-0.14149205,0.09236419,-0.021114882
ACTA2,0.06920538,0.20569558,-0.0032612646,0.014369296,-0.1680784,-0.0045506232
ADAM12,0.045304887,0.11497416,0.0935989,0.028274164,-0.009589304,-0.1357238
ADAM22,-0.031345274,-0.007088172,0.13877913,0.17122102,0.18722183,0.10310781
ADAMTS2,0.0082519455,0.13346545,-0.10320894,0.21914043,-0.006421863,0.006943509
ADAMTSL2,-0.0024085804,-0.009489427,-0.008061199,0.3433287,0.0030502079,-0.006806496
AEBP1,0.0056578484,0.27676654,-0.051168244,0.104590915,-0.1538358,-0.110338315
AGTR1,0.0013367593,0.14641672,0.009487627,0.09519609,-0.13304605,0.005370631
AHR,0.103145644,0.22734797,0.011454642,0.017689507,-0.0955642,0.05970853
AIF1,0.3055284,0.0007665564,-0.051807333,-0.078129515,0.07111866,0.12758222
ALCAM,0.12960182,0.0026781305,0.010332142,-0.021435734,-0.016710972,-0.008408576
ALDH1A1,0.14313069,-0.011378698,0.09273799,0.0050232117,0.13528073,-0.008455284
ALDH1A3,0.01941668,0.012832211,0.022816468,0.18663003,0.14039707,0.052421786
ALDOC,-0.06494583,0.004841142,0.022990754,-0.11692343,-0.11004025,0.016296087
AMOT,-0.07017173,0.03952971,0.18215305,0.22825345,0.037172712,0.013392465
AMPH,-0.004543106,0.21289144,0.06100013,-0.0015431273,-0.045573488,-0.020443903
ANGPT1,0.008908619,-0.12583913,0.08118642,0.18843345,0.08133596,0.060675994
ANGPTL2,-0.010846982,0.33607215,0.058338303,-0.012721476,0.12625773,-0.0028438852
ANGPTL4,-0.07453084,-0.030687373,0.007303682,0.1811355,-0.04954043,0.0026795585
ANKRD35,0.0043270653,0.1721189,-0.051050548,0.08170138,0.18633471,-0.082806826
ANPEP,0.11960618,-0.06255455,0.09509052,0.11627707,0.041143484,-0.28371722
AOAH,0.27935666,-0.040365174,-0.0021644994,-0.0377927,-0.011023438,0.11502013
AOC2,-0.04553136,-0.105927646,-0.0017235776,0.32915094,-0.010293307,0.02390612
APCDD1,-0.0026678268,-0.10211641,0.10867312,0.245264,0.34195155,-0.0013673018
APOC1,0.25929865,-0.041077,0.0030393435,-0.086567126,0.08972146,0.06765574
APOE,0.22627687,0.007953821,-0.048254177,0.024914214,0.032309093,0.002748008
AQP1,0.006164421,0.09359513,-0.061130576,0.2801664,-0.2141008,0.041538745
ARHGEF19,-0.10035347,0.12580214,-0.0981688,0.1879456,-0.011757482,-0.0392275
ARMCX2,0.016326098,0.1544676,0.00042440335,0.06566438,-0.004713629,0.028185854
ASPN,-0.017956235,0.3170077,0.001124339,0.048670862,0.14065415,-0.036688913
ATP6V0D2,0.10352212,-0.1384753,-0.00026821851,0.1252321,-0.0009573308,-0.41725615
ATP6V1A,0.147535,-0.113140345,0.084794305,0.12186127,-0.026128247,-0.38554353
ATP6V1B2,0.14824988,-0.12840903,0.05156848,0.09097509,-0.004115948,-0.40254098
BAALC,0.0041759918,0.078715235,-0.05782928,0.037869323,-0.01506995,0.0009158093
BACE2,-0.0009040779,0.17966515,-0.024911854,0.11687532,-0.06541782,-0.06788686
BAIAP2L2,-0.07857157,-0.09459692,0.0034527208,0.19031508,0.16817513,0.038025048
BAMBI,-0.045534838,-0.24935424,0.05072799,0.3001911,0.1880358,-0.010136588
BASP1,0.015763655,0.17581181,0.064197876,-0.050129462,0.18763296,-0.02587409
BCAT1,0.049976874,0.1523182,0.13025968,-0.15625298,0.14215747,-0.0008375171
BCL11A,-0.00016546567,0.03896317,0.116320446,0.016374348,0.21862587,0.007618081
BCL6B,0.0787393,0.02557689,-0.036581997,0.20710295,-0.0037106809,0.0022574365
BGLAP,-0.005839902,-0.10413868,-0.06261618,0.29420888,-0.03611632,0.0014968928
BIRC3,0.18890445,-0.09944147,0.0057408,-0.022166014,-0.09664434,-0.23869076
BMP2,-0.027124073,-0.02885134,0.0143507095,0.19875771,0.18647183,-0.0039616916
BMP4,-0.01213155,-0.21259315,0.09341041,0.2177546,-0.020999435,0.08960757
BMP5,0.005551511,0.053226337,0.0013822678,0.116182245,0.24627316,0.017901886
BMP6,-0.054779533,-0.1607641,-0.000204463,0.23383766,-0.02100717,0.107150026
BMP7,-0.016281769,-0.046748288,0.10490109,0.131492,0.2500314,0.0041254624
BNC2,0.058287054,0.3060586,0.06285279,-0.07782737,-0.05305192,-0.10506298
BNIP3,-0.10704556,0.040199433,0.034302294,-0.11447074,-0.020876978,-0.0040720874
C1QA,0.30231678,-0.0026800532,-0.051246118,-0.00473561,0.027057607,0.17964971
C1QB,0.28770447,0.0015270594,-0.03828924,-0.0022827138,0.016517617,0.17648207
C1QTNF1,-0.0033200725,-0.15116982,-0.091354735,0.34085968,-0.1183128,-0.013005803
C1R,0.07572179,0.15346506,-0.06770881,0.14143556,-0.3252902,0.004563158
C2,0.23684672,0.073552765,0.0043249954,-0.07497911,-0.012009517,-0.017422128
C5AR1,0.26342183,0.040078864,0.01859247,-0.12466754,-0.0017285983,0.10343424
CA12,0.002915127,0.27257267,-0.0030105102,-0.14408563,0.09064699,-0.0709028
CA3,-0.0025098508,-0.15791328,0.037625015,0.19769731,0.26170754,0.023418305
CADPS2,0.08109623,0.104358986,-0.0023330161,0.18263005,-0.031533122,0.0022314407
CAV1,0.09423331,0.24633192,0.011908607,-0.13437034,-0.16947669,-0.0040007373
CAV2,0.09112979,0.24751256,-0.007641018,-0.12531061,-0.10920465,0.00030104726
CBS,-0.04463989,-0.013128867,0.1977812,0.1455273,0.055616368,0.055392593
CCDC3,0.007322496,-0.04437579,-0.086951435,0.23187393,-0.054200515,0.058894683
CCDC68,-0.02472447,0.040064033,0.04947003,0.10747993,0.059974317,0.021302259
CCL21,0.04905136,0.07990182,-0.10625793,0.028186794,0.015881091,-0.0026559227
CD248,0.043074206,0.23828986,0.010591666,0.09542964,0.20306617,-0.07256808
CD72,0.2553538,0.0050936677,-0.011587705,-0.09387134,0.10170456,0.08144624
CD83,0.07767514,-0.053908538,0.09835818,0.1057083,-0.20177366,0.10674935
CD84,0.15697196,-0.13713738,-0.000450433,0.13398615,-0.008346593,-0.3813067
CDA,0.21006301,-0.02921241,-0.0034850677,-0.12120536,-0.06431791,-0.11943417
CDC42EP5,-0.015183785,0.12746869,-0.123085335,0.116868734,0.05776453,-0.004827983
CDH15,0.007863486,-0.20747411,0.020428086,0.2690412,0.08808031,-0.007069281
CDH23,-0.04310415,0.14098929,0.0049650487,0.191166,-0.07521548,0.0040151887
CDK5R1,-0.007922516,-0.008273716,0.10383942,0.21944942,0.022459714,0.020042783
CDO1,-0.017221095,0.078818634,-0.0011166508,0.13078532,0.23689938,0.009884271
CENPF,-0.03597184,-0.007178186,0.38722935,0.0016963158,-0.10276533,0.0042959885
CFI,0.1451248,0.0591684,-0.07231109,0.058931086,0.018006228,-0.10124553
CGNL1,0.0048616044,0.23711006,0.0030041996,0.13060996,-0.08643957,-0.0027078597
CHAD,-0.0005256795,-0.013559926,-0.09574034,0.32611877,0.12657456,0.003259123
CHPF,-0.035156686,0.16672201,-0.07239924,0.05425108,-0.009977826,0.018989876
CLDN5,0.10667192,0.053233217,-0.1320284,0.08789438,0.102222875,-0.00053195737
CLIC3,0.026293317,0.11444613,-0.033057753,0.079430126,0.0033416103,-0.1916325
CLIC6,0.06250599,-0.0070432294,0.016336769,0.1278854,0.08255109,-0.18032198
CNTNAP1,-0.0010620349,0.14091738,0.15964858,0.16884914,-0.024442414,0.0032214979
COBLL1,-0.0042918324,0.10399826,0.005344985,0.068876766,-0.15985706,0.12695171
COL11A1,-0.020618582,0.23918827,0.0017213402,0.10562159,0.18346457,0.0007958282
COL11A2,-0.085150994,-0.053608708,-0.00078336615,0.22263017,0.32825127,0.04974264
COL12A1,-0.0007048917,0.2526347,0.0034746602,0.084501475,0.07684544,-0.11857208
COL13A1,-0.067134164,-0.15334754,0.01839252,0.36320183,0.06632178,0.030550392
COL14A1,0.0025863664,0.3318022,0.00266955,0.027014922,0.07969288,0.015250896
COL15A1,0.11037464,0.18238454,0.032755613,0.04238662,-0.16881776,-0.034141082
COL18A1,0.07213833,0.16479492,-0.015214687,0.12593178,0.024728669,-0.008068774
COL22A1,0.0034417037,-0.19290102,-0.00092096353,0.3079206,0.2713357,-0.023799712
COL24A1,-0.06022169,-0.096300155,0.11135021,0.26125306,0.19323564,0.019498222
COL2A1,-0.08162055,0.08654407,0.03261274,0.13918671,0.26263243,0.007999667
COL3A1,-0.03139991,0.34975955,0.0011294015,0.013829239,0.08618936,-0.06741384
COL5A1,-0.045628782,0.25284806,0.0036269752,0.15399043,-0.00060989946,-0.11397298
COL5A3,0.026902862,0.13031842,0.0005365537,0.15453422,-0.05834394,-0.0399294
COL6A1,-0.0035574606,0.29655743,-0.0009641256,0.05921069,-0.2611418,-0.08588703
COL6A2,-0.0003352494,0.2832637,-0.028261762,0.004500409,-0.17748898,-0.105463564
COL6A3,-0.0033631308,0.3078133,0.03590963,0.065742806,-0.10593911,-0.09744925
COL8A2,-0.052298278,0.22215542,-0.0022158402,0.08098985,-0.0018837058,-0.037121322
COL9A2,-0.045066975,0.08429999,0.015043716,0.108643055,0.34766686,0.0034834864
COMP,-0.0011491386,0.27160782,-0.052285526,0.0834837,0.071324624,0.049736988
CPE,-0.097702175,-0.13061766,0.02713708,0.3592757,0.1630376,0.06543505
CPNE8,0.0051883855,-0.0036593582,0.0011799253,0.13454573,0.05126948,0.0033366638
CPXM2,0.0061761374,0.11782826,-0.098970704,0.1975459,0.0011439282,0.09910728
CRYAB,-0.010551251,-0.04207466,-0.017157828,0.13374507,-0.04005765,-0.12715887
CSF1,0.17771064,-0.103678614,-0.0020726686,0.13453534,-0.13596265,-0.19119717
CSPG4,-0.07666634,0.05302829,0.007969569,0.25127852,-0.079784036,-0.01747708
CTHRC1,0.011395152,0.10536562,0.0038950564,0.019361371,0.099091426,-0.13237962
CTSK,0.14247264,-0.099248566,0.00048466754,0.104990095,-0.052266106,-0.3996736
CTSS,0.30669248,0.028906768,0.0025078934,-0.09278177,0.025329517,0.14081973
CXCL12,0.1576929,0.1541445,-0.04627266,0.1030422,-0.00010533986,0.004799607
CYBRD1,-0.0033435302,0.1422811,-0.0023286045,0.18741585,-0.374699,0.063126475
CYGB,0.05360671,-0.04251107,-0.0037494241,0.27772376,-0.047450267,-0.19058497
CYP1B1,0.060113106,0.06811228,-0.027929077,0.25781435,-0.25497574,-0.066281915
DAAM2,-0.059202116,0.018427363,0.07891333,0.2452529,-0.08705435,0.079014726
DACT1,0.008520917,0.29958615,0.048135355,0.029179722,0.018700268,0.025268214
DCN,-0.0013697209,0.22243975,-0.055672426,0.084029764,-0.174854,-0.010891248
DDIT4L,-0.00073291257,0.21820429,-0.0048865825,0.08995129,-0.09189086,0.09155884
DHRS3,0.112652645,0.02326737,-0.05551763,-0.0055638105,0.2263498,0.038578644
DKK1,0.0012708459,-0.098402575,-0.0060756593,0.19604863,0.23443852,0.050518896
DKK3,-0.0036941022,0.2848693,-0.00946691,-0.0008152851,-0.003476557,0.0029073458
DLX1,-0.06458753,-0.114069454,0.18421984,0.07905033,0.043550093,0.08904988
DLX3,-0.036313668,-0.2556838,0.07001033,0.34161848,0.04623131,0.035835266
DLX5,-0.06816977,-0.12500621,0.07357752,0.2509159,-0.02722902,0.014844604
DNAJA4,0.0143611,-0.052077945,0.10991158,0.12756129,0.069924,-0.051453557
DPP4,0.08878771,-0.113958955,0.0006085753,0.14078894,0.0035867377,-0.39964336
DPT,0.0004408024,0.10394341,-0.05354455,0.14911555,-0.15073068,-0.037602626
DTNA,-0.003225679,0.0074009486,-0.0011951741,0.11982707,0.043905076,0.15620321
DUSP1,0.06889612,0.10202832,-0.012000421,-0.11585125,-0.17920955,-0.002785082
DUSP10,0.12644799,0.0944248,0.058828846,-0.07069675,-0.17381452,-0.10190424
DUSP2,0.15174928,-0.15003158,-0.00083822693,0.02181816,0.010828712,-0.31166744
EBF3,0.01921151,-0.003093534,-0.0054520485,0.25671306,-0.005892138,0.048701927
ECHDC2,0.0028426559,0.01986183,-0.0053927805,0.041506168,0.042933457,-0.015327775
ECM1,0.07297656,0.14420205,-0.011120333,0.10215699,-0.19858949,-0.050503667
ECM2,-0.0022179834,0.27677822,0.003964437,0.09728709,-0.09236708,-0.011839756
EDIL3,-0.005132772,0.24788114,0.025462655,-0.018990768,0.13858706,-0.08753775
EEF1A2,0.0452925,-0.061512973,-0.030942222,0.100685,0.08050673,-0.20784976
EFEMP1,0.04082313,0.2331354,-0.0042570406,0.017888373,0.06379801,-0.0021128594
EGFR,0.0013388523,0.29904792,0.08677376,-0.0017209571,-0.024519032,-0.052290894
EMCN,0.08591751,0.016341934,-0.09310399,0.1446438,-0.0025373634,0.08967769
EMILIN1,-0.01618311,-2.007095e-05,0.17186886,0.19052857,0.024552213,-0.08353298
ENC1,0.059683338,0.03658223,0.10378189,0.11320386,0.15385586,0.12801416
ENO2,-0.0034786293,0.109366365,0.08009768,-0.02234336,-0.03319366,-0.0027619728
ENPEP,-0.0029660724,0.10395037,0.13583133,0.18902396,0.013701546,-0.009512147
ENPP2,0.06361274,-0.05507371,0.08209219,0.29199797,-0.1119279,-0.023965148
ENTPD3,0.030692995,-0.13039546,0.048328493,0.22755517,-0.009656819,-0.024091186
EPDR1,0.061819963,-0.03627698,-0.0027973615,0.17349596,-0.16109963,-0.11497422
EPHA3,-0.06409526,0.008694219,0.103406295,0.14440656,-0.018196035,-0.008345736
EPHB6,-0.0015724475,0.003423674,0.0048099644,0.23707928,-0.0854473,0.038381107
EPHX2,-0.0044800485,-0.026438402,0.075880915,0.22878973,0.0063839913,0.04845132
ERRFI1,0.008085534,0.0060082846,0.0062947026,-0.0951839,0.003282775,-0.08314014
ESM1,-0.0036791693,-0.06534718,0.028121369,0.010502448,0.038167406,0.009459523
EYA1,0.013368063,0.067994885,0.120694175,0.12692645,0.021476513,-0.043300968
EYA2,-0.0031521479,0.17646937,-0.035918795,0.06856647,0.06103045,-0.10965913
F11R,0.15636411,0.07926893,-0.057265416,0.11410481,0.016802704,-0.006516882
F3,0.025553245,0.011653374,0.007027941,-0.032459397,-0.044482753,-0.008180979
FABP5,0.12075267,0.053774998,0.05889342,-0.17886358,0.18705587,-0.0073563363
FAH,-0.00034546544,-0.15515277,0.100487314,0.07087737,-0.00625466,0.10801554
FBLN1,0.00047813018,0.17834988,-0.000558403,0.17829485,-0.20206739,-0.040330213
FBLN2,0.064969555,0.2965355,-0.010704325,0.050824743,0.023722284,0.0096405
FBLN5,0.0012965334,0.21363842,-0.017320743,0.19897494,-0.2040537,0.0039058968
FBN1,0.07233246,0.2910073,0.0002843379,0.06599816,-0.2263164,-0.028591514
FBN2,0.028510982,0.0955311,0.09092953,0.113061264,0.27284053,0.0009067975
FEZ1,-0.006489323,0.06682065,0.0048797075,0.11076949,0.22009043,0.021204956
FGFR1,-0.04373095,-0.028813725,0.07586039,0.30353087,-0.2044234,-0.043817014
FGFRL1,-0.04665556,0.2183695,-0.0126179755,0.016454136,0.16879913,0.012431174
FHL1,0.0020558822,0.27181098,-0.0010249867,0.02321503,0.00022296133,0.021261165
FJX1,0.0034770167,-0.068486534,-0.0016546926,0.17694657,0.021716569,-0.10718813
FLNC,-0.016346486,0.24102508,0.06983767,-0.05898787,-0.0065830564,0.002383365
FLRT2,-0.039869197,0.21214336,0.14595534,0.11629845,0.079617575,-0.0056182346
FLRT3,-0.0015659325,0.13815962,0.16444804,0.100376084,0.115513615,-0.10440216
FMOD,-0.022901408,0.17463744,-0.10387833,0.1915142,-0.1657447,-0.0022275425
FNDC1,-0.000763592,0.25243074,-0.05695031,0.18603005,0.05395858,-0.003153045
FNDC4,-0.0055058436,0.121247634,-0.00087975716,0.035394643,0.28341314,-0.0075919363
FOS,0.051295917,0.03198452,0.03365003,-0.037966125,-0.14301011,-0.03436264
FOSB,-0.0027821579,0.04837975,0.007791231,-0.0013866283,-0.13366956,-0.0056408145
FOSL1,0.02072338,0.11076394,0.09694793,-0.19600911,-0.24509734,-0.07834397
FRAS1,0.012759327,0.10686037,0.045972947,0.04855333,0.09754754,0.024053145
FRZB,-0.02890823,0.0814344,-0.010151146,0.122583486,0.115976214,0.16849014
FSTL3,0.0673388,0.01708208,-0.015948946,-0.029184477,-0.006964872,-0.23585683
FZD1,-0.002220996,0.33460984,0.03752965,-0.0010793859,0.010359647,-0.014778209
FZD3,-0.009080086,0.01913525,0.12815516,0.044148274,0.19571842,-0.016008934
FZD7,0.00024998182,-0.032723285,0.09440097,0.19860107,-0.2321788,-0.00724339
GABBR1,-0.060664102,0.07377165,-0.004258689,0.19480625,0.024827417,0.059827276
GABRE,0.0051298942,0.13896063,-0.0023060031,0.10833061,0.23765516,0.01701834
GALNT14,-0.043888144,-0.13634668,0.0032432687,0.20696323,0.103706144,0.031020606
GALNT3,-0.04526124,-0.15544324,0.012928164,0.28826645,-0.021546397,0.052017324
GAS1,0.026403695,0.2346078,-0.010630092,0.012550737,-0.13048358,-0.07346008
GCNT1,0.064610645,0.060232744,0.08142295,-0.013203297,0.006907855,0.019009674
GHR,-0.023525907,0.07217017,-0.0029132825,0.30552575,-0.12404769,0.082800254
GIMAP4,0.2948966,-0.008638491,0.0015195649,-0.050717387,0.0173229,0.19082013
GIMAP7,0.2859424,0.012589291,0.00040901772,-0.026142856,0.03745056,0.19621903
GJA1,-0.005906463,0.050366327,0.103147045,0.16096453,-0.0032940966,-0.13904989
GLDN,0.017719861,-0.06485325,-0.0010015037,0.30276102,-0.26447445,-0.0050358805
GM2A,0.10581097,-0.12808189,0.031291503,0.10899178,-0.017302465,-0.1888163
GNPTAB,0.15108934,-0.07851967,0.04787551,0.1529656,-0.0969567,-0.3457624
GPC1,-0.11628075,0.03889016,0.017575564,0.15602599,0.07138169,0.008768293
GPC2,0.015462282,-0.001392223,0.1740616,0.08285255,0.18679824,-0.011363874
GPM6B,0.0100114755,0.00046657788,0.15404977,0.18484278,0.07534878,0.011827624
GPR137B,0.12608577,-0.078700826,-0.0014416822,0.13880213,-0.07719088,-0.38553217
GPRASP2,0.005785588,0.040722154,0.069384664,0.18308917,0.06507217,0.07899208
GUCY1A2,0.06676502,0.18079056,0.01675079,0.06021793,0.10521689,0.00094142783
GZMB,0.21774407,-0.0084192455,0.0043375827,-0.08809646,0.00024070306,0.066514015
HAPLN1,-0.048913676,0.23354402,0.010192237,0.029571058,0.1840849,0.004696491
HAS2,0.0018442612,0.23455384,0.08290858,-0.05521708,0.1388544,-0.0042229365
HCK,0.20444441,-0.11533418,0.0731523,0.005824319,-0.049917005,-0.043010708
HERC5,0.14131665,-0.10661191,0.090741836,0.07202516,-0.24436119,0.0139474515
HERC6,0.15817937,-0.060645975,0.028825317,0.011899015,-0.3061675,0.08229839
HES4,-0.001746544,-0.088448614,0.080412544,0.23587203,-0.02028548,0.015159683
HEY1,-0.013761677,-0.17674352,0.08800684,0.22076495,0.050369248,0.006279073
HEY2,0.0044991365,-0.0981967,0.0014207942,0.2951422,-0.19283791,-0.06959556
HEYL,0.06522016,-0.0006040653,0.009763675,0.23943374,0.0380377,-0.0107707055
HK2,-0.009448249,0.08279303,0.18858385,-0.14285298,0.030332586,-0.021055622
HMOX1,0.21599868,0.023357024,0.056100376,-0.114790834,0.0342267,-0.05593455
HOXA5,-0.029030345,-0.043761555,0.103130616,0.18541977,-0.0039212382,-0.005080621
HOXB8,-0.040202733,-0.048185438,0.013003911,0.13806547,0.04235158,0.046912044
HOXD13,-0.062207166,-0.10997801,0.18971324,0.17878138,-0.07194533,0.08656769
HRH1,0.018481368,0.24819984,0.07983121,0.037109315,-0.016651625,0.0005240016
HS3ST3A1,0.0012434064,0.12780736,0.11865706,0.057577305,0.08496645,-0.006897991
HSPA12B,0.039264284,0.25401026,-0.004494277,0.09626576,0.14263761,0.00079194066
HSPA2,-0.00540313,-0.038172286,0.13249412,0.19019039,-0.16213472,0.036721565
HSPB6,-0.049572036,0.19903056,0.023712797,0.003651557,0.0121835135,0.014304192
HSPB8,-0.07463091,0.04638374,-0.0024144328,0.04026758,-0.15382704,0.027683644
HYOU1,0.010676356,-0.07639056,0.23495841,0.04757041,-0.03474506,0.0073283385
IBSP,0.001295366,-0.16876337,-0.0020998614,0.2643633,0.3308055,-0.090162925
ID1,-0.10500161,-0.06773185,0.058906287,0.052251056,0.10147094,-0.0010361475
IER5L,0.002185784,0.15567078,-0.012535143,-0.08088731,-0.007657781,-0.007822548
IGF2BP2,-0.0046015177,-0.012249184,0.09352042,0.05099069,0.08175998,0.004501959
IGF2BP3,0.032860473,0.009234698,0.14899834,0.0305748,0.26793382,0.0063614533
IGFBP4,0.14193639,0.20583607,-0.010765154,0.1517473,0.0073350463,-0.0058973418
IGFBP5,-0.005517401,0.15879847,0.11672368,0.16587786,0.054768708,-0.020577189
IL10RA,0.31829417,0.0014325888,-0.0019910978,0.0047692084,0.0026152334,0.07259648
IL11RA,0.0021598372,0.23181659,0.0019062612,0.08365034,0.21257496,0.028890159
IL1R1,0.013866373,0.07192162,-0.03254058,0.19672804,-0.3118532,-0.02428143
IL1R2,0.12796623,-0.04380012,0.004360951,-0.07384773,-0.13657027,-0.15676431
IL21R,0.19261818,-0.034753595,0.00199464,0.04551177,0.018501258,-0.081537895
IL2RB,0.2460778,-0.0046409187,0.046214804,0.0020800524,-0.005363739,0.13149157
INHBB,0.010931565,0.1360654,-0.0354086,-0.04151482,-0.0040951143,-0.004471009
INSIG1,0.058639396,-0.077068105,0.09598317,0.078846335,-0.09854516,-0.33008605
IRF8,0.31322682,0.03238063,-0.0003199492,0.004301397,0.029670121,0.18246408
IRX2,-0.027578222,0.0006417157,0.08597916,0.097227305,0.09366377,0.052595485
ISG20,0.19294037,0.024994297,0.064834006,-0.114832975,-0.17223978,0.1024605
ISLR,0.0006576111,0.20635663,0.001138519,0.10757143,0.08438893,-0.0049703787
ITGA10,-0.0409029,-0.09979638,0.10152819,0.26872468,0.007080696,-0.012077069
ITGA11,-0.0017145043,0.19048479,0.001637611,0.08987123,-0.16729254,-0.16405192
ITGA2,0.1045451,-0.08877775,0.06359094,0.16072212,-0.059965014,-0.29439288
ITGA4,0.114043385,-0.044008102,0.16178647,0.00020370637,0.19119757,0.10766372
ITGAL,0.3053937,-0.014932442,0.040876053,-0.028100802,0.0062997364,0.11469475
ITGAM,0.29233456,0.043309066,0.010695763,-0.07828127,0.08841085,-0.0019751445
ITGB2,0.31276578,0.001689628,0.00045452084,-0.06196427,-0.0010489135,0.03075455
JDP2,0.07728517,-0.032478787,-0.0011198776,0.18335027,-0.09387874,-0.37708378
JPH1,-0.04261501,0.10053895,-0.00034595438,0.052232042,0.11136408,0.11677467
KAZALD1,-0.09166469,-0.080075614,0.017622111,0.22483894,0.18038177,0.13126768
KCNG1,-0.054388776,-0.021432946,0.11700784,0.073090285,0.13042147,0.004873904
KIF20A,0.0017580595,-0.032434344,0.38224348,-0.022882551,-0.06860718,0.012549857
KIT,-0.00045680188,0.036395494,0.06812093,0.23875289,-0.02113788,0.09091166
KLK4,0.010561218,-0.14971863,-0.02918253,0.20056112,-0.03266497,-0.064624995
KNTC1,0.0035256906,-0.032287512,0.33304808,0.009220603,-0.064429626,0.0019112946
LAMB3,0.040086433,-0.089496315,0.01804237,0.11061719,-0.13279231,-0.06259251
LAMC3,-0.05190051,0.03953552,-0.01907334,0.29773223,-0.09048863,0.052395355
LAYN,0.017891621,0.15328723,0.026830906,0.051537637,-0.13725941,-0.0014979136
LCP2,0.30646628,-0.027420446,7.3882795e-05,0.019528933,-0.037105914,0.0046562133
LDLR,-0.027103625,0.07364058,0.19308522,0.0144150425,-0.12601933,-0.007564544
LEF1,-0.04234307,0.023248022,0.12182414,0.2687507,-0.03469839,-0.0015149807
LIFR,0.00017444523,-0.19522065,0.109751225,0.28227904,-0.15049666,-0.0033570877
LOX,3.6012014e-05,0.100800924,0.00923094,0.045899317,0.110089816,-0.0047342675
LRIG3,-0.00732541,0.25509968,0.09182331,0.036991537,0.011564146,0.006106951
LRP4,-0.008095154,-0.15605932,0.12613165,0.2928661,0.0045486656,0.013084025
LRRC15,0.0010556375,0.087946475,-0.0024739136,0.15321465,-0.10904456,-0.13601068
LRRC17,-0.0008420163,0.2085181,0.011720596,0.07973741,0.13600087,-0.033948194
LRRC25,0.28694817,-0.06624439,0.0016223415,-0.03338958,0.06783073,-0.15994637
LRRC32,0.080921225,0.23282966,0.0023004513,0.02493134,-0.060214978,-0.004960294
LRRN1,0.0007390265,0.054969586,0.026647532,0.2175994,0.10825943,0.01426155
LRRN3,-0.013973809,0.100980096,0.08314613,0.1667611,0.2461636,-0.020853866
LSAMP,-0.017093515,0.066261455,0.014360711,0.10912049,0.02391173,-0.0009202744
LSP1,0.11641634,0.24116753,-0.06289229,-0.0075279335,0.012253005,0.0066911313
LTBP2,0.05572458,0.055556852,-0.059327684,0.21491349,-0.20857248,0.0009857065
LTBP4,-0.016833138,0.21400629,-0.07431387,0.14704548,0.0034548214,0.034182902
LUM,-0.0047925715,0.20741272,-0.079218745,0.10716514,-0.1796226,-0.043336593
LXN,0.0043789144,-0.11581242,-0.015016894,0.15253882,-0.15993388,-0.010421078
MAB21L2,0.002107381,-0.049489748,-0.07674755,0.14312293,-0.066490725,-0.0016384141
MAF,0.12074621,0.22856516,0.014827812,0.022916254,0.053234443,0.061460618
MAMDC2,0.0017189981,-0.12095159,0.047102034,0.29856816,-0.013978892,-0.061354853
MAP2,-0.02069336,-0.15147062,0.09932618,0.2652502,-0.15362978,0.06197017
MAPK13,0.15319459,-0.0058733155,0.027234795,0.0013055857,0.2135428,-0.23230577
MATN3,0.022525473,0.12874275,0.07560737,0.10994559,-0.0020862084,0.004887861
MET,0.086534366,0.046117917,0.042822808,-0.011628678,-0.094653614,-0.21927392
MFAP2,-0.049417384,0.16332802,0.014321678,0.123055555,0.105985716,-0.12870781
MFAP4,0.0033019749,0.3368237,-0.01417261,-0.0063288035,0.07288229,0.0029101355
MGLL,0.021997027,-0.094451986,-0.055657044,0.2860339,-0.04198173,0.06362582
MGST1,0.14294319,0.0024891498,0.013552442,-0.112281375,0.043674987,0.093438685
MMP11,0.04514333,0.07056548,0.00405053,0.046808094,-0.1285375,-0.02600236
MMP12,0.08996925,-0.04491378,0.0034114372,-0.011811512,0.0012730223,-0.16992962
MMP13,0.053061493,-0.10171938,0.011799614,0.17571902,0.11843994,-0.21420008
MMP2,-0.00055333483,0.28731257,-0.02026232,0.100245334,0.00714997,-0.0027217371
MMP9,0.08911126,-0.15146531,0.016758574,0.17004907,-0.012300078,-0.3803622
MRC2,-0.0028490315,-0.11208938,0.06650643,0.3062053,0.018406652,-0.09703698
MSR1,0.2868091,0.059186246,0.023680845,-0.09333538,0.008196495,0.14437492
MTMR11,-0.03627831,0.16205615,-3.4561846e-05,0.12713012,-0.10959427,0.022184838
MTSS1,0.09318139,-0.20171443,0.061796617,0.20996982,0.073658116,-2.4855339e-05
MXRA8,-0.053259425,-0.037234697,0.0040810523,0.22651039,0.0022314466,-0.016512912
MYH10,0.0017670543,0.10711004,0.12331368,0.13087608,0.018107366,0.0103890365
MYLK,0.0028648695,0.088166915,0.0044338135,0.22492345,-0.20572884,0.11648288
MYOM1,0.012732362,-0.012310437,-0.02224982,0.1553113,0.0854423,0.029920595
NAALAD2,0.010726267,-0.075761504,-0.009467755,0.22038038,-0.036927793,-0.0051507414
NCAM1,-0.066773795,-0.12563339,0.07932022,0.29288217,0.064382434,-0.004153141
NDN,9.492362e-05,-0.0015055242,0.0018795939,0.0790933,0.06287583,0.06408187
NDRG2,-2.4153023e-06,0.017400455,-0.10442137,0.15912068,0.013425378,0.1209004
NETO2,-0.00044784058,-0.042528946,0.17744997,-0.010608328,0.10966932,0.024637047
NEXN,0.0029762175,0.16822523,-0.04829548,-0.0484858,0.1473331,0.07779407
NFIX,-0.09793935,0.25911582,0.030229114,0.14301383,-0.109925926,0.093180045
NFKBIZ,0.084699236,0.16789705,0.006426413,-0.038196456,-0.077981055,0.015678382
NGEF,-0.09101311,0.05115343,-0.034485586,0.2061774,0.0013834694,0.06984451
NID2,0.04333787,0.2574513,0.14468616,-0.053106677,0.030003184,-0.07972373
NINJ2,-0.00061154616,-0.0013882966,-0.024320852,0.22454017,-0.0745683,-0.025234174
NKD2,-0.06299398,-0.0054679746,-0.004780156,0.27106375,-0.18741228,-0.0025519952
NOTCH3,-0.0016759302,0.044404298,0.072708756,0.29491547,-0.19737017,-0.043775123
NPNT,-0.008783231,0.023082813,0.07662367,0.24690844,0.0019032119,0.027194774
NQO1,0.033737764,-0.060939718,0.022695513,-0.04418174,-0.20395766,0.044111237
NR4A2,-0.021451216,0.11663925,0.012746825,-0.041994512,0.0011764228,0.027878752
NRIP3,0.08061974,0.054405745,0.059769616,0.051683165,0.15545462,-0.26863238
NRXN2,-0.009378783,0.10772368,-0.004099542,0.19161797,-0.046188124,0.017107408
NT5E,0.0060763424,0.08746175,-0.018458303,0.122819304,-0.29240003,-0.1702891
OAS3,0.14623226,-0.01977747,0.095658906,0.024028497,-0.29606065,0.1155833
OGN,-0.06792673,0.26884052,0.01848785,0.052759416,0.060230102,-0.010300184
OMD,-0.07574832,-0.011933317,0.005292807,0.30222425,0.06483723,-0.006905115
OSCAR,0.14813365,-0.123261385,-0.028454678,0.0914389,0.08302297,-0.39855474
OSMR,0.11528443,0.16894932,-0.0015731873,0.027978083,-0.10299893,-0.16831262
PALM,-6.843976e-05,0.13626409,-0.11164086,0.14230698,0.14127237,0.13243853
PAQR8,0.058291167,-0.02627951,0.089476086,0.17906176,-0.03178437,-0.008591064
PCDH12,0.10245104,-0.00085398735,-0.0007623833,0.23060395,-0.023643257,0.00038785159
PCSK5,-0.000885134,0.13318929,-0.01813248,0.19200657,-0.01868158,-0.0023804572
PDE7B,0.034720372,0.16874398,-0.022203412,0.16038151,-0.19263953,-0.0075941817
PDGFRL,-0.010177262,0.182685,-0.04605611,0.17810445,-0.124783054,-0.004356828
PDLIM1,0.012727099,0.18276893,-0.0905451,-0.07969293,-0.019481484,-0.009663221
PDZRN3,-0.025417406,0.26846033,-0.00018060468,-0.0064345496,0.15068726,0.00032427962
PFKFB3,0.07416509,0.04091452,0.084532216,-0.050420348,-0.19526193,-0.034482416
PHOSPHO1,-0.0498325,-0.18815437,-0.00088358595,0.28784603,0.30456603,0.007739982
PI15,0.018986104,0.26557776,0.00059098547,0.018809523,0.035130206,-0.022753999
PIR,0.0009797806,-0.10304399,0.0059166956,-0.002886287,-0.17193355,0.029301401
PITX2,-0.06376204,0.047414027,0.062336992,0.0760786,-0.0011887581,0.07612215
PKIA,0.064746305,0.051449023,0.00073312863,0.0310406,0.11706005,-0.17310111
PLAG1,0.018355757,0.047947876,0.047436014,0.07965043,0.23134352,0.008486976
PLAU,0.15162686,0.15459497,0.07299026,-0.16250464,-0.14960863,-0.117449015
PLCB1,0.0011234833,0.23166299,0.045765575,0.06155521,0.11470852,0.09025464
PLEK,0.3062665,-0.06006444,0.012432342,-0.06679345,-0.007857411,-0.09246312
PLEK2,0.0002082251,-0.018975254,0.15608981,-0.013290946,0.1383592,-0.0008807778
PLEKHA4,0.031516947,0.11139032,-0.0014190087,0.09259402,-0.010235057,0.031318463
PLEKHG4,-0.0894553,0.15133753,0.075559996,0.04444985,0.050038904,-0.017417584
PLTP,0.10226749,0.06112483,0.024216715,0.08478,0.25384563,0.0013562343
PLXDC1,0.012718425,-0.013188222,-0.0048109884,0.25104633,-0.27731052,-0.0027061335
PMP22,-0.0019905532,0.22611868,0.020434037,-0.011232326,-0.005427068,-0.008861704
PODN,0.036480997,0.33810812,-0.042843465,0.0016625385,0.08563631,-0.016823102
PODXL2,-0.0016434945,-0.029703073,0.07089565,0.07505073,0.34963626,-0.001421863
POSTN,-0.007430151,0.2831323,0.0002059746,-0.0028564383,0.1220257,-0.06578119
PPARG,0.1418673,-0.056136955,0.07161449,0.04943003,-0.009071641,0.043344166
PPFIA2,-0.033224903,-0.16202092,0.001884718,0.3072874,-0.12227313,0.019588139
PPFIA4,-0.07649825,0.07021604,-0.010344192,0.14624098,-0.0073307105,0.008372213
PRDM8,-0.0062419036,-0.004735111,0.012362631,0.1473476,-0.18298677,-0.063371696
PRICKLE1,0.032219898,0.2367025,0.041157972,0.011245618,0.21232018,0.0017255784
PRICKLE2,0.0145777445,0.32393458,-0.004103948,0.010644576,0.008671636,-0.051522594
PRND,0.09633436,0.041494418,0.0010948075,0.23273268,0.02453606,-0.0035202783
PROS1,0.072425306,0.086426884,-0.0069565983,0.2055681,0.04278952,-0.05203005
PRPH,-0.06086546,-0.062322095,0.08082129,0.09023311,0.021219939,0.1367744
PRSS23,0.051012386,0.23736198,-0.04284517,0.015604457,-0.15539895,-0.05692841
PRSS35,-0.03735478,0.07496787,-0.0033636317,0.19368725,0.027611786,0.03275128
PSAT1,-0.050192457,0.0019395868,0.2597532,-0.042228263,-0.010433899,0.117127106
PTGDS,-0.003136024,0.0843875,0.011679696,0.15274395,0.13427714,0.078326
PTGER4,0.1315692,0.12823321,-0.020764433,-0.001129606,-0.21575056,0.050002277
PTGES,-0.010208567,0.09308205,0.05782367,-0.028395183,0.13940722,0.0047742003
PTGFR,-0.0014860512,0.30062813,-0.003671136,0.050188463,-0.11809652,-0.007697957
PTGFRN,-0.043071628,0.11857643,0.138013,0.19637717,-0.27966693,0.0152195245
PTGS1,0.16813448,0.12815826,-0.00852886,0.094465695,0.16721287,-0.105640724
PTGS2,-0.0026318145,0.07985174,0.12554556,-0.056258142,0.034015883,-0.09272812
PTK7,0.0016297115,0.14991315,0.17296691,0.024005631,0.044700496,-0.041563854
PTPN22,0.1509423,-0.13737714,0.010255837,0.108741164,0.0013245345,-0.38436997
PTPRE,0.25490716,-0.036057487,-0.0034775184,0.045473643,-0.01148758,-0.21920702
PTPRG,0.09342149,0.16662809,0.065053105,0.20270184,-0.008165234,-0.005103726
PTPRZ1,-0.0028802126,-0.15984975,0.07318086,0.2615241,0.2126048,0.0020291803
QPCT,-4.237545e-05,-0.12495986,0.01216258,0.18455687,0.07937696,-0.024494642
RAB20,0.24038093,-0.038990684,0.00095775444,-0.058902178,0.009476758,0.0049421485
RAC2,0.20528796,-0.13486789,-0.0006404982,0.04730052,0.0063818246,-0.3273973
RAC3,-0.06497824,0.07667976,-0.015072285,0.015994338,0.18303332,0.0049227555
RARB,0.009726053,-0.19002688,0.08848112,0.24998711,0.007945563,0.015758682
RARRES2,0.09649603,0.2318603,-0.06486527,-0.028034475,0.10603338,0.009385738
RASD1,0.00054192636,0.14634022,0.0177553,0.015292309,0.011520807,-0.051370706
RGS1,0.2062703,0.011030728,0.00223015,-0.10967992,0.025892075,0.04340906
RGS2,0.10468378,0.07655691,0.0022292195,-0.057947747,-0.12180029,-0.046166785
RGS4,0.0968448,-0.05298219,0.058367155,0.12279907,-0.10222209,-0.35501713
RGS5,0.07151318,0.16982564,-0.057724778,0.20546119,0.027782235,0.04647207
RHBDL2,-0.058056194,-0.21198949,0.047714345,0.30799735,0.12161698,0.06024986
RHPN2,-0.07148504,-0.080582656,0.08713311,0.18133481,0.24650474,0.12836619
RNF150,0.00956147,0.15719678,0.07467365,0.14726228,0.17549634,0.001349009
ROR1,0.003456496,0.27990907,0.02592616,0.06863034,-0.015439628,0.0011255561
ROR2,-0.0023603155,0.2727144,0.11881625,-0.046710238,0.20182817,0.003093489
RSAD2,0.14058079,-0.06947399,0.086747214,0.0343602,-0.21002576,0.1451575
RTN4RL1,-0.032488305,0.012799555,0.0038302175,0.16441783,0.12064298,0.022079006
S100A16,0.09873277,0.21972258,-0.08839567,-0.004077917,0.002869562,-0.008910835
SCARA5,0.048917,0.13901602,-0.0016926465,0.18455108,0.0046238643,-0.072925925
SCD,-0.03445111,-0.07005768,0.16966997,0.05708042,-0.07039416,0.036012053
SCRN1,0.0006963683,-0.015468721,0.07193147,0.1261017,-0.025929337,0.002640506
SDK2,-0.07356358,-0.11135198,0.07897656,0.33344808,0.10362527,0.05466231
SELENBP1,0.0077311196,0.084810324,0.009895445,0.14445816,0.18730664,0.15194666
SEMA3A,-0.00095505925,0.21774866,0.08786243,-0.014496552,0.1692279,-0.0076021613
SEMA3B,-0.045604616,0.07952342,-0.014599186,0.17196347,0.33941513,0.0020411513
SEMA4B,0.06922726,-0.20052882,0.11046063,0.1931031,-0.01518099,-0.09425172
SEMA6A,0.040501356,0.14575812,0.028669693,0.1512572,0.17914337,0.017319907
SERPINA1,0.23726904,0.02130533,0.0018823743,-0.16515943,0.074507646,0.070930146
SERPINE1,0.08905635,0.17277099,-0.00207594,-0.14580107,-0.14702569,-0.07030139
SERPINI1,0.0040261494,-0.06793433,0.10557514,0.0836276,0.004565341,0.008566177
SERTAD4,-0.030668676,0.25504804,0.032930616,0.09997517,-0.007124303,0.006730967
SETBP1,-0.05379885,0.10619926,0.057168808,0.31505698,-0.2182753,0.0631765
SGCA,-0.004541907,0.0037326827,-0.050038323,0.15106946,0.053461585,0.0817948
SIX4,-0.00028959106,0.28408724,0.123629965,-0.094370596,0.10915309,-0.024811173
SKP2,-0.04619167,-0.02531418,0.30498734,0.12631366,-0.004938913,0.059651967
SLAMF8,0.30626327,0.011557307,0.048861645,-0.036979415,-0.048031505,0.047860056
SLC11A1,0.2572176,0.005268755,0.05281512,-0.15098801,0.008164714,0.06841059
SLC16A3,-0.04877496,0.023964075,0.022139752,-0.07462253,0.020625701,-0.12980017
SLC1A3,0.067442246,-0.014335577,0.13197136,0.09949767,-0.044047244,-0.019739103
SLC20A2,0.0076509234,-0.06356317,-0.002244714,0.23597114,-0.089232914,-0.0014944972
SLC29A1,9.2847695e-05,-0.14343901,0.022066105,0.23386303,-0.2430956,-0.03842147
SLC29A4,-0.058022264,-0.10213749,0.064232066,0.260787,0.03479712,-0.008423595
SLC36A2,-0.017614303,-0.18948519,0.055015877,0.3163356,0.2650485,0.055121962
SLC38A5,-0.0036531899,0.12977885,0.0067632347,-0.15324044,0.030609341,-0.0026014952
SLC7A5,-0.02990529,-0.022682704,0.2140443,-0.015575816,-0.02480616,0.046249855
SLC7A8,0.18820277,0.13233133,0.05555131,-0.035685025,-0.01796984,0.02129563
SLC8A3,-0.06928095,-0.16660504,0.08564827,0.32243377,0.23386954,0.05780763
SLCO4A1,0.09915337,-0.08186413,-0.0024851542,0.025871428,0.0017737207,-0.32276112
SLIT2,0.007902314,0.035482652,0.04000245,0.32553497,0.08715119,-0.01587217
SLIT3,-0.015008944,0.063308366,0.03498122,0.28720495,0.03794956,-0.041311834
SMOC2,-0.014848461,0.29374307,-0.011402239,0.12076888,0.006807064,-0.04744951
SMPD3,-0.015084341,-0.17227672,0.06952638,0.30598596,0.31269407,0.010964316
SNCAIP,-0.006581912,-0.094451785,0.09073927,0.23585199,0.0033779803,0.067052215
SNTB1,0.010171964,0.12938657,0.06763674,0.13024428,-0.055702787,0.011591385
SNX10,0.16291435,-0.13446125,7.866958e-05,0.033443257,-0.015629927,-0.35399798
SOST,-0.0045299456,-0.16165999,-0.0010296459,0.29807356,0.35325676,0.028279852
SOX18,0.06881273,0.01009126,-0.09510921,0.10156746,0.11994749,-0.0005019032
SOX7,0.11433987,0.058755882,-0.010682306,0.20913331,0.023571756,0.02425302
SPARCL1,0.07671064,0.16607228,-0.061893977,0.10059913,-0.016118562,0.05406438
SPI1,0.25449055,-0.12516376,-0.0009012533,0.03406508,-0.0015313159,-0.25433588
SPOCK2,0.17140329,-0.016884495,-0.009834995,0.17691757,0.015356476,0.060653005
SPON1,-0.064764574,0.20707318,0.004599023,0.14204608,0.089323826,0.014614517
SPP1,0.15403946,-0.15495391,-0.010891041,0.14165625,0.16698132,-0.25057596
SQLE,-0.05156193,-0.10802273,0.161633,0.0062745344,-0.078221574,0.027801124
SRPX2,0.051887777,0.10271637,-0.0111082215,0.009350402,-0.23922539,-0.14863946
ST3GAL6,0.13821495,-0.14640397,0.00088954373,0.12718907,0.08456677,-0.15202847
ST8SIA1,0.005236468,0.033660308,0.06265056,0.20528379,0.024617363,-0.0016844659
STC2,-0.025394885,0.0016823693,0.011571475,0.013530984,-0.101281375,0.016049143
STEAP2,0.07255877,0.14430238,0.0666998,-0.07517287,0.11128839,-0.0047058193
STEAP3,0.0012895218,-0.15541223,0.0012736685,0.2184338,0.09111182,-0.016592417
STK32B,0.026548903,0.21352534,-0.009002907,0.07633403,0.07838753,-0.045600336
SULF1,0.069601394,0.13105862,-0.012033163,0.15394758,-0.21362847,-0.11904351
SULF2,0.053459432,0.13179375,0.07845397,-0.0086698085,-0.09240557,0.008250619
SUPT3H,0.010009236,-0.13391745,0.028658288,0.10239462,-0.17042871,-0.0064954446
SV2A,-0.04164474,0.005996084,0.13927707,0.17864183,-0.0020277817,-0.0120809795
SYT12,0.03211565,-0.11340094,-0.010991414,0.22623274,0.2618664,-0.051621154
SYTL2,-0.048333928,-0.010156916,0.016752364,0.1599056,-0.0033256598,0.015620665
TBX2,-0.046052497,-0.1408507,0.002137711,0.32995757,-0.016178872,0.024474913
TBX3,-0.0952228,0.033967428,0.03867274,0.25624788,-0.10264688,0.04061264
TCIRG1,0.15190999,-0.13723932,0.00012366394,0.10549204,0.0049336674,-0.39356345
TFAP2A,-0.017208561,0.0050833654,0.097422116,0.0693072,0.093908094,0.05179046
TFRC,0.0061915335,-0.037069272,0.18518798,0.057884537,-0.050660122,-0.16736022
TGFB3,0.0014823682,0.27836952,0.09305113,0.010409752,0.037776135,-0.0957564
TGFBI,0.06209943,0.23196478,0.09434366,-0.00788025,0.13849975,-0.12634183
TGM2,0.22123568,0.0060079014,0.0049953866,0.009110525,-0.0073012016,-0.0008997471
THBS2,0.023683012,0.34368834,-0.0042195013,-0.012505176,0.0998859,-0.076892585
THBS3,-0.00912514,0.2770505,-0.002226854,0.038100034,0.15663125,0.004493212
THY1,0.015437393,0.30142388,-0.0052067107,0.009243437,0.017378157,-0.007215339
TIAM1,0.094673626,0.02098955,0.15033291,0.17330372,0.044364046,-0.2744616
TM4SF1,0.12948939,0.18272209,-0.0866306,-0.022078177,-0.017285023,-0.002873811
TMEM100,0.044238865,0.14819957,-0.013059914,0.169692,-0.0060529998,-0.0033908684
TNC,-0.002453631,0.10973937,0.1325108,0.19165878,-0.12235687,-0.04680292
TNFAIP6,0.060104404,0.26707143,0.0010101957,0.0042331354,0.12080453,-0.02115594
TNFAIP8L3,-0.07534109,0.11529933,0.09570745,0.13082577,0.009200083,0.03898387
TNFRSF11A,0.15253493,-0.11941095,0.0016785584,0.15050985,0.006060998,-0.36144322
TNFRSF11B,-0.032342233,0.07769677,0.062085785,0.1449023,0.13953756,0.12297295
TNFRSF12A,0.05401894,0.13531189,0.013692528,-0.210335,-0.051561538,-0.14665397
TNFRSF19,-0.0010667485,0.102001235,0.14386499,0.14599547,0.12963137,-0.046679202
TNFSF13B,0.27803332,0.044542737,-0.006619234,-0.084351785,0.002413764,0.18296553
TNN,-0.083768,0.18531388,0.005319503,0.09239706,0.1530382,-0.0006015822
TNS1,0.05452309,0.3200699,-0.0030728024,0.04920337,-0.033519313,-0.0014609034
TP53INP1,0.13243313,-0.01645347,-0.0045886054,0.20517235,0.014228386,-0.0011553069
TPM2,0.021946002,0.06239525,0.0025889948,-0.095157705,-0.07300776,-0.023945265
TSC22D3,0.007172363,0.044629145,-0.0758816,0.11650159,-0.17119405,0.029664766
TUB,-0.107921556,0.08689126,0.05825548,0.16256295,0.060721606,0.08491861
UNC5B,-0.013377949,-0.14184128,0.11793156,0.3343818,-0.06372221,-0.005917745
VANGL2,-0.0024417615,-0.0005473023,0.13175863,0.21285029,0.016604919,0.028054329
VCAM1,0.13981357,0.16994412,0.0003880211,0.10521444,-0.05967137,-0.0050142575
VDR,0.08246284,-0.028924989,0.1460212,0.19788556,0.09682238,-0.08412023
WNT5A,-0.0077651683,0.06476062,0.14542456,0.03898595,-0.035364546,-0.06438842
XPR1,0.10417915,-0.13555592,0.115600474,0.17332931,-0.012949071,-0.29560855
ZNF521,-0.0020407797,0.33537698,0.03980583,0.04516157,0.0275567,0.044054095
