,Factor1,Factor2,Factor3,Factor4,Factor5,Factor6,Factor7,Factor8,Factor9,Factor10,group
DOG2::100_0514_tumor,-0.9838978,-0.22844441,-0.026668904,1.648424,1.9897827,-0.4775887,-0.23631746,1.2249546,-0.25775978,-1.8126909,DOG2
DOG2::101_0518_tumor,3.1140547,1.542485,-1.7104024,1.24504,2.231322,-0.16869919,-0.47667974,1.6916822,0.34669393,-0.18527079,DOG2
DOG2::102_0619_tumor,4.797093,2.095216,-2.0893998,-0.6438265,0.09205024,0.704261,-0.46037182,0.8307781,1.4404731,-0.27726075,DOG2
DOG2::103_0639_tumor,0.38436967,-1.7316505,-0.72935283,1.1244956,-1.9121202,2.045566,0.23815744,-1.372395,0.7220773,0.5051474,DOG2
DOG2::104_0702_tumor,-0.24274531,-0.74894965,1.0876333,2.6889443,0.7158609,-0.6690147,-0.8497872,0.42452294,-0.10001605,0.33919477,DOG2
DOG2::105_0710_tumor,-0.1917017,-0.45830065,0.75307417,0.3921221,-1.8412759,-0.6507292,-0.46582174,-0.93547297,1.3660012,-2.1582794,DOG2
DOG2::106_0716_tumor,-3.6738596,2.2369354,0.078883216,1.2385446,-0.5231728,1.1424867,-0.44845614,-1.5963051,-1.111879,-0.69866323,DOG2
DOG2::107_0719_tumor,-4.2559447,-1.379273,0.4064219,-0.17399348,1.59694,-0.23256046,7.0791116e-06,1.1617376,1.3163923,-0.43125314,DOG2
DOG2::108_0720_tumor,-2.0842118,-2.999136,-0.6510931,0.026885392,0.31781584,-1.3474063,0.40516922,0.12610285,0.6123203,1.4149213,DOG2
DOG2::109_0721_tumor,0.78367054,-2.6932018,1.9832033,1.7241876,0.14627534,-0.986922,0.61106366,-0.6403674,-0.15392116,0.94137985,DOG2
DOG2::10_0512__Tumor,-1.0603974,0.4458126,3.1870663,0.6332769,1.0734369,-2.9760492,0.5791029,2.6811166,0.81991136,-0.57815737,DOG2
DOG2::110_0522_tumor,2.5480747,-1.395259,-1.5281221,0.41688272,2.1629345,-0.6911672,0.38510144,-0.81046593,0.24390069,-2.0967584,DOG2
DOG2::111_1708_tumor,-1.1188165,3.9452767,-0.11999046,-1.5022308,0.35206386,0.88420737,0.04056161,-0.8085655,-0.13171136,-1.2800317,DOG2
DOG2::112_0502_tumor,0.44222096,-2.203713,-0.6963616,0.8711848,-3.4430714,0.25941214,0.5870903,0.57448363,1.3691492,-1.6930611,DOG2
DOG2::113_1010_tumor,-0.04784356,-1.2460597,-3.2319496,0.44478476,0.8480784,-1.2448889,0.19055697,-2.7495532,0.9129367,2.7877417,DOG2
DOG2::114_1704_tumor,2.696228,4.41153,-0.9340246,-0.4441777,0.3394089,1.630399,0.07142383,1.6113431,-0.22088748,0.6808436,DOG2
DOG2::115_2318_tumor,-0.9865011,-2.6453156,2.5469677,-0.0827187,0.108903274,-1.2523417,-0.1228872,0.12188946,-0.4729309,2.5024436,DOG2
DOG2::116_0506_tumor,-0.6662167,1.721113,-1.5343399,1.9128494,-0.7439838,-0.5509773,1.0601315,-0.73298156,-0.20780246,-0.13536955,DOG2
DOG2::117_1011_tumor,-5.074177,-2.4397018,0.4072198,-1.7403306,3.3390315,-2.7182348,0.32419184,0.5062646,-1.8665686,-2.499968,DOG2
DOG2::118_2304_tumor,-2.495654,-0.36629373,-0.10938197,0.45838067,-3.1528423,0.27942345,0.70478606,0.2861804,0.14867015,-3.3968718,DOG2
DOG2::119_0516_tumor,-2.813676,0.4710366,0.992278,-2.0716336,-0.47753963,0.11783819,0.54177713,0.23791096,-1.1896896,-1.9821502,DOG2
DOG2::11_0602__Tumor,-1.6035538,-0.31115058,-1.0307224,-0.42844415,1.0756094,0.6568247,0.9285579,-1.3380738,2.2168477,-0.55973834,DOG2
DOG2::120_2306_tumor,1.1973956,0.69849366,-1.6515689,-0.71567416,0.018441008,0.5471768,1.0001943,-1.2989783,1.3876717,-1.6545409,DOG2
DOG2::121_2322_tumor,-1.8704942,-2.7374303,2.4178886,-0.5917076,-1.5251254,1.1668427,0.23758507,0.32747406,0.37070394,0.9488238,DOG2
DOG2::122_0504_tumor,-3.030356,-1.7875471,-1.8980488,1.3670504,2.2783644,-0.3150995,0.98996294,1.0541474,1.7811571,-1.0472708,DOG2
DOG2::123_2316_tumor,2.7183633,-1.5221277,0.1633633,0.23998939,2.506203,0.023627248,-0.38602826,-0.94513965,1.1813184,0.012039392,DOG2
DOG2::125_2004_tumor,0.36862677,1.7064455,2.7538712,-2.424068,0.119542256,-0.66027606,-0.36447296,0.7471567,0.6571213,-1.056412,DOG2
DOG2::126_0228_tumor,-3.2177322,3.2992504,-1.2748897,0.42928803,0.25844368,0.6522558,-0.42446548,-1.5306116,-0.96088135,1.679435,DOG2
DOG2::127_2010_tumor,-2.017138,-0.17524305,0.22102815,-2.2207382,0.17838567,-1.0153903,0.43498367,-1.0243988,0.9374155,-0.13714626,DOG2
DOG2::128_1023_tumor,4.7651744,2.946134,-4.141333,-1.1184701,0.30872515,-1.5512087,-0.81983346,1.8288653,1.305298,1.1430109,DOG2
DOG2::129_1414_tumor,0.40179345,-1.3056788,0.6782695,0.42456916,1.9262117,-0.29097372,0.3044051,0.37929827,0.42573223,-0.17327632,DOG2
DOG2::12_0608__Tumor,-4.692799,0.34951568,0.36932364,0.62117195,3.1231778,0.034402866,-0.15338533,0.46740258,0.14375947,-1.0208718,DOG2
DOG2::131_2012_tumor,-1.1327322,-0.9011825,0.9253298,0.0050386633,-5.694122,0.95944273,-1.3401496,-1.7018825,-1.3565985,-0.46074748,DOG2
DOG2::132_1025_tumor,-5.7336435,4.4170938,-0.6979228,-0.9929381,0.074382775,-0.35005602,-0.1356173,0.33124304,0.13935095,-0.10302792,DOG2
DOG2::133_0907_tumor,2.6985323,3.4275112,0.6006392,-2.7881675,-2.003963,-0.15042642,0.38445595,2.5017288,-1.94867,0.36900973,DOG2
DOG2::134_2208_tumor,-0.29610217,-0.70130634,-0.39666176,-1.387997,-0.09112166,-0.5997265,0.34490272,-0.45059612,2.0197823,-1.8746756,DOG2
DOG2::135_0102_tumor,-3.6928709,-4.5398192,-1.1645621,2.0093203,0.33882532,-0.11627615,1.0242454,0.108266376,0.2749425,-0.63696057,DOG2
DOG2::136_0105_tumor,0.06333783,-3.5365927,0.6788989,0.09422031,0.34289727,0.30835646,0.05876633,-1.8921578,0.33720422,0.22521248,DOG2
DOG2::137_0106_tumor,3.0968714,-1.3778981,-0.89286625,0.034973375,-4.3868885,-0.052388087,-0.42472962,-0.21316576,-0.17864299,-0.030800426,DOG2
DOG2::138_0314_tumor,-2.5818968,2.8568256,-1.4010245,0.626069,-4.9822197,0.8450643,-0.2438038,-0.9521106,0.2997553,0.48520026,DOG2
DOG2::139_0733_tumor,-1.028168,0.40126672,-4.350997,-0.7559931,-3.4112644,-1.96223,-0.30975685,1.0782859,2.0156705,0.8010556,DOG2
DOG2::13_0613__Tumor,-4.8630776,-1.3617624,-1.5414943,-0.9162946,3.1885684,1.2377537,0.93694425,0.048741557,1.3767211,1.7410984,DOG2
DOG2::140_0905_tumor,2.8226728,5.228954,-2.3949106,-1.5139014,-2.42631,-0.24411702,0.49872264,1.8738989,-0.42806745,0.7114213,DOG2
DOG2::141_1707_tumor,1.6497064,-1.8486809,-0.48324445,1.0155475,-3.922819,1.3056787,-1.0384545,1.621432,0.256817,-1.6826226,DOG2
DOG2::142_1710_tumor,-0.14080247,1.6669537,-0.026379177,1.2762889,0.83933514,0.7941426,0.5273183,-0.8221714,-0.13682038,0.8767815,DOG2
DOG2::143_1916_tumor,3.1495738,3.4341803,-1.8440478,-0.13384019,0.9233581,0.07405783,0.27483046,2.2048626,1.4529803,0.8572196,DOG2
DOG2::14_0614__Tumor,6.586103,-1.3633313,-1.0712658,-0.95018196,1.4345416,-1.366262,-0.93131906,-1.3146417,0.6487634,0.73233104,DOG2
DOG2::15_0615__Tumor,2.4878669,-0.6390282,1.4620578,-0.026154311,0.6285219,0.774552,-0.5546398,-0.38142985,-0.25734922,0.8119879,DOG2
DOG2::16_0211_tumor,-0.41626418,1.9742159,0.41681263,-1.2690563,-3.0725424,-1.1750771,0.33379686,3.6351533,0.91630733,-0.47942263,DOG2
DOG2::16_0616__Tumor,-0.10699412,2.7143304,-1.1600993,1.1582408,0.43939477,0.022057261,-0.21119988,0.07718843,-0.5637722,0.067514054,DOG2
DOG2::17_0226_tumor,-0.13527505,-2.8820066,0.26074842,1.2589324,2.1024344,0.8489005,-0.49203366,-1.6453346,0.7140022,0.048776664,DOG2
DOG2::17_0620__Tumor,0.5111659,-1.1774569,-0.6171473,0.90534735,0.8473933,-0.073772684,-0.028802793,0.15217286,0.7858631,-1.0207508,DOG2
DOG2::18_0301_tumor,-1.7530544,0.5957438,-3.8947532,1.038316,0.44886798,-3.754074,0.30509445,0.6229183,-2.0289829,3.557645,DOG2
DOG2::19_0303_tumor,-1.2423301,2.1257253,-1.3578045,-1.6558778,5.1810727,0.33243915,-0.081950165,-0.3137271,1.3469465,0.6154191,DOG2
DOG2::19_0621__Tumor,-1.828076,-0.5927362,1.027107,-1.1784214,1.5415331,0.30871364,-0.6712607,-0.86557233,-0.87270737,-2.3092012,DOG2
DOG2::1_0201_tumor,-0.38797292,2.4948142,3.0090714,-2.9562624,2.207527,0.2064775,0.38332784,-0.5116127,-1.1607127,-0.9524432,DOG2
DOG2::1_0202_tumor,-0.027666787,0.25140914,0.69214666,-1.071705,-2.7992034,1.84163,0.48655438,2.0813024,0.41235694,-1.7433608,DOG2
DOG2::20_0307_tumor,2.9969807,5.9178114,-0.37041634,-1.7835871,-2.6592274,0.23976988,0.26215377,3.0348215,-1.1613294,1.5734093,DOG2
DOG2::21_0311_tumor,7.0581408,2.2214906,-2.6720793,-1.2446017,-0.92460465,-1.4082046,0.084734276,-0.41515023,-0.72547454,0.21213397,DOG2
DOG2::21_0631__Tumor,-1.2459232,-1.579099,2.390651,0.38101786,1.2575277,-0.65358627,0.4122075,1.2777739,0.8847641,0.64782315,DOG2
DOG2::22_0317_tumor,4.767989,1.8469111,-0.9139546,-0.7919597,0.98853177,0.9253241,0.20042683,-0.6729331,0.3550438,-0.2814152,DOG2
DOG2::22_0640__Tumor,-1.2425504,-1.718968,0.33993697,0.1722183,1.776576,1.3180994,-0.89151686,-0.77629435,-0.24711564,-2.0990522,DOG2
DOG2::23_0329_tumor,1.0439669,-1.9270079,-0.6856239,2.4049811,1.7492466,-2.3618636,-0.29410887,1.2203614,1.0154561,-0.8390719,DOG2
DOG2::23_0642__Tumor,2.4318235,-0.7134866,1.700882,-1.0195491,2.167436,0.8109967,-0.40502208,-1.2880111,-0.9898912,-0.5398051,DOG2
DOG2::24_0405_tumor,-0.053289626,3.9530497,-2.0710778,1.5488156,1.3012213,-0.010129694,-0.7823176,0.55249894,0.67849535,0.2114323,DOG2
DOG2::24_0704__Tumor,-2.1967494,0.64336175,3.4656332,-0.9612068,-0.8306895,-0.20418611,0.3049441,2.7015698,1.5196656,1.2677783,DOG2
DOG2::25_0505_tumor,-0.2519285,1.8431954,-2.1963875,2.2036288,0.36548626,-1.8764062,-0.28736746,1.0830112,-1.5178325,1.9607996,DOG2
DOG2::25_0706__Tumor,2.5679026,-0.6614674,1.9451176,-0.03756566,0.47198692,1.4249991,-0.33627638,-1.1809734,0.54429466,0.5187999,DOG2
DOG2::26_0509_tumor,2.0869312,-0.32316193,-0.010835177,1.1652268,1.1088032,-0.5609697,-0.42403027,0.062026806,-0.2738587,-1.6627908,DOG2
DOG2::26_0722__Tumor,0.22037163,0.47323442,0.46969694,-1.7987225,1.322675,-0.036542576,-0.04121516,0.08179773,-0.013109786,-0.40267625,DOG2
DOG2::27_0511_tumor,0.58043873,-1.5008824,1.9074475,0.8511352,-0.37438762,-0.2868777,-0.3392734,0.56114775,0.011487155,0.613181,DOG2
DOG2::27_0723__Tumor,-0.72738427,-1.4417053,0.65268147,1.7111127,-1.7391244,1.7815578,-0.12304115,-1.9793345,-0.8356644,2.4656649,DOG2
DOG2::28_0513_tumor,1.2761767,0.4865396,-0.8534403,-0.11922966,1.024329,0.9632483,-0.179372,-1.5758567,-1.8530414,-1.0662012,DOG2
DOG2::28_0725__Tumor,-3.367777,0.13791437,0.678517,1.2327639,2.2757661,0.66158473,-0.15108995,0.9069492,0.6842328,-0.3027315,DOG2
DOG2::29_0515_tumor,0.41971546,0.305766,3.4923644,0.25917664,-0.22480263,-1.7642254,-0.7581691,1.4824061,-1.0125593,-1.8878708,DOG2
DOG2::29_0729__Tumor,-2.6087358,-5.6434007,-1.4446335,2.9708736,-3.979798,1.2611309,0.21460739,-0.612643,-1.4163129,2.0603929,DOG2
DOG2::2_0203_Tumor,2.7043939,-2.1469636,-0.40493172,-3.9636953,3.8161438,-2.8355591,0.087374955,-3.545662,-1.1867162,-0.2540427,DOG2
DOG2::2_0209__Tumor,-2.7394736,-1.92059,1.3602024,-0.005692117,0.96728057,-0.24995078,0.2427735,0.9727293,0.6742487,-0.97448,DOG2
DOG2::30_0517_tumor,-1.1553682,-1.8162993,0.31775564,-0.74863183,0.9974853,0.3403619,-0.1421614,-0.206542,0.5453119,-1.2780097,DOG2
DOG2::30_0814_RNAla_Ter__tumor,-1.4482301,-2.7446847,1.4025654,1.684486,0.2119194,0.14581428,0.80375594,-1.1625496,0.16377527,0.95272547,DOG2
DOG2::31_0519_tumor,1.5064895,-0.5586196,1.7459172,-0.1713121,-3.4322553,-0.45234406,0.20461784,-0.16061407,1.1759441,1.0872893,DOG2
DOG2::32_0523_tumor,4.5270762,2.5497565,-2.2152972,0.12823275,-1.1343313,0.44806182,-0.011142352,-0.74517995,-0.4645219,0.34710857,DOG2
DOG2::32_0904__Tumor,-1.917267,0.2589985,0.40961972,0.7573582,-0.43762156,1.6796703,-0.106775746,0.97732306,-0.7498764,-1.5619624,DOG2
DOG2::33_0524_tumor,2.6205032,-0.26007107,0.30838695,1.7534382,-2.3585396,0.86921597,-0.27252632,2.936593,-0.15911418,0.31461784,DOG2
DOG2::33_1002__Tumor,0.45451695,-4.432627,0.73294324,-0.1173107,1.2056985,0.340022,0.72481734,-2.3802013,-0.05586712,1.9173645,DOG2
DOG2::34_0601_tumor,1.2428218,-2.4199731,0.9425041,-0.056056432,-4.867293,1.9056053,0.14670381,-0.8011021,-0.9343524,1.6873133,DOG2
DOG2::34_1004__Tumor,0.74703455,0.016476788,1.3137157,1.5198369,0.07280232,0.7876263,-0.119806886,0.59763956,-1.1234417,0.80308855,DOG2
DOG2::35_0603_tumor,6.5799575,-1.6528375,-0.8615389,-2.6303284,2.9012506,-1.7555965,0.095545374,-0.38045764,1.7432765,2.4391656,DOG2
DOG2::35_1007__Tumor,-1.7712178,-2.357337,0.672323,-0.46531394,2.271906,-0.6546258,-0.5434026,-0.41539,0.034006502,-0.2516266,DOG2
DOG2::36_0607_tumor,-1.0982922,1.5411949,1.5131202,-0.38745865,2.2123713,-0.76371676,-0.4134388,-0.23763064,-1.6640451,-1.4580244,DOG2
DOG2::36_1014__Tumor,2.458515,-4.3417687,0.7941182,2.0832317,1.361807,-1.7870785,-1.2070054,1.0259688,0.17258242,-0.2889773,DOG2
DOG2::37_0625_tumor,5.4831104,0.9426407,-3.6691582,0.4927708,-0.661426,-1.7072489,-0.7825707,-1.9483205,-1.642557,0.6997309,DOG2
DOG2::37_1015__Tumor,3.0862212,-0.025217047,1.2554407,-1.6785846,2.8907316,-0.4581013,0.53523076,1.1972635,0.552093,0.5944082,DOG2
DOG2::38_0630_tumor,-1.9441506,3.734105,0.7452581,0.08746138,-0.8578752,-0.52728534,-0.8761221,-2.875844,-0.99786025,0.061948065,DOG2
DOG2::38_1016__Tumor,-3.627412,1.0590659,-0.6681275,1.0249012,0.72387445,1.3841423,-0.5556212,-0.5223143,0.17484312,-1.4743934,DOG2
DOG2::39_0701_tumor,-1.3757586,-3.4913414,2.49695,0.9576337,-2.0294435,1.1023661,1.0465361,0.4495545,-0.2888245,2.6475904,DOG2
DOG2::39_1103__Tumor,-4.557056,1.9237428,-2.0877962,-0.32265761,-1.1379092,2.5963778,0.5143952,-1.4980135,0.88048846,-0.37564757,DOG2
DOG2::3_0207_Tumor,3.5570395,-3.2690508,2.3028338,-0.4508723,-1.4434446,0.3060322,-0.55127484,-1.143473,-0.14326571,2.47389,DOG2
DOG2::3_0212__Tumor,0.100243695,-0.29081017,2.7498631,0.4912439,0.50566304,-0.23337425,-0.19610515,0.91712517,-1.2286735,-1.6213083,DOG2
DOG2::40_1101_tumor,2.3173962,-0.18799241,-4.0845676e-05,2.3368585,-0.7735717,-0.84907115,0.16523051,2.5350225,0.5686141,0.01866885,DOG2
DOG2::40_1107__Tumor,1.8350567,-3.0349846,2.0919838,0.975326,-2.751981,2.3676424,0.104892455,-1.5319495,-1.2483819,2.160251,DOG2
DOG2::41_1407__Tumor,0.4520032,5.986584,0.36601877,-2.1037593,-1.6681212,0.7875185,-0.026661756,2.3238766,0.032779302,0.6454402,DOG2
DOG2::41_2007_tumor,-4.0099745,3.6272795,1.0948985,-2.4680476,-0.7546451,-0.902506,-0.14485952,0.35677797,-0.13560715,-0.77922,DOG2
DOG2::42_0715_tumor,1.2392565,-1.986944,-2.6951647,-2.152545,0.7903656,-1.9738581,0.45502105,-0.7619367,-0.94637126,0.8365195,DOG2
DOG2::42_1409__Tumor,-3.9780538,2.0651467,-2.0199099,1.7541465,0.7792995,0.9316493,0.051317364,-1.2787436,0.32591626,0.8667215,DOG2
DOG2::43_1401_tumor,2.0410097,-1.5749676,0.7610609,1.3114678,0.45163822,-0.878069,0.014233184,-0.64516705,-0.24594066,-0.008795118,DOG2
DOG2::43_1410__Tumor,-5.4087877,2.4101326,-1.7773664,-1.2988895,-3.7032468,-0.10878766,0.83941984,-1.0453552,0.09975676,-1.8943934,DOG2
DOG2::44_0713_tumor,2.7897937,-0.65745306,2.864628,0.33995757,-1.6821374,-0.46783623,0.08404423,0.17747216,-0.9020774,1.6697956,DOG2
DOG2::44_1412__Tumor,-3.5148797,3.05706,0.119163945,-0.8257994,3.6386056,0.59286237,0.33144432,-0.97872275,0.73660576,-0.37291384,DOG2
DOG2::45_1024_tumor,-1.876277,1.0745302,1.425756,0.19641773,-1.8613286,0.55456007,1.1095951,2.1426213,-0.89317167,1.3873272,DOG2
DOG2::46_1405_tumor,4.7163644,-3.001458,-1.17935,0.31648007,1.0326272,-1.8207508,-0.642704,0.6070906,0.49217907,-0.9090583,DOG2
DOG2::46_1703__Tumor,-1.6631691,-0.8201443,0.29004896,-0.72018766,2.5379171,0.84971744,0.37206396,-2.453598,1.0680442,-1.2388034,DOG2
DOG2::47_1709__Tumor,8.621141,-1.7163961,-3.762064,-4.2757425,-4.022512,-4.524569,-0.6310162,-0.6893007,0.6456428,0.8554695,DOG2
DOG2::47_2321_tumor,1.9277725,2.511954,-1.1124383,0.26249504,1.5960652,-0.57242906,0.38703024,-1.4166367,-1.603531,0.67011285,DOG2
DOG2::48_0705_tumor,0.83690757,2.696014,-0.48025963,1.0722069,-0.35443464,1.7003231,-0.49567097,1.1096169,-1.4609791,-1.4156697,DOG2
DOG2::48_1712__Tumor,2.0720472,-1.6888268,3.0200765,1.3068129,-0.9574268,0.058603216,-0.18469805,0.8918995,-0.79084355,0.9401647,DOG2
DOG2::49_1803__Tumor,3.4932394,2.8660157,2.2650683,-2.4116106,-0.20578066,-0.22433001,0.31839034,1.9563009,-0.4523298,0.86785084,DOG2
DOG2::49_1903_tumor,-1.9293313,3.5992837,-0.6206218,-0.10627323,-3.5259633,1.2137506,-0.021437626,1.9175787,0.2360915,-0.06618055,DOG2
DOG2::4_0214__Tumor,-0.8731522,-0.7504125,-0.61126333,-0.79901886,1.725433,-2.3291817,0.2293064,0.12352372,0.6236323,0.18757954,DOG2
DOG2::4_0215_Tumor,-4.5549884,1.4188663,-2.5200167,-1.9244106,1.7754557,-1.0036912,0.29877526,-1.4223101,0.25220653,-1.4669621,DOG2
DOG2::50_0703_tumor,-0.8609995,-0.10038388,2.0055034,1.0438849,0.20565565,0.9392078,-0.4371033,0.7143542,-0.4144223,-2.0644503,DOG2
DOG2::50_1805__Tumor,-1.3479494,0.33737576,1.4971321,0.7513944,2.2912443,0.57523096,-0.38914686,-0.43269062,-0.013226258,-1.7657746,DOG2
DOG2::51_0803_tumor,3.5813048,1.2967442,0.00022078418,0.021847054,-0.8511491,2.2729685,-0.6101324,1.1498948,0.36431804,-0.23338734,DOG2
DOG2::51_1902__Tumor,0.890081,-1.97024,-1.3018115,0.29198572,-4.4074664,-0.33945775,-0.76458496,1.2983139,-1.6797495,-1.288783,DOG2
DOG2::52_2006__Tumor,2.654788,2.4318585,0.4570125,-1.5558627,-0.12315623,1.1821097,-0.18635075,1.9035417,-0.71050495,-0.5503053,DOG2
DOG2::52_2317_tumor,0.36423993,-0.5012053,-0.83355844,4.017009,-2.7059114,-1.0667516,0.025786072,1.5704089,-0.5299196,2.3618805,DOG2
DOG2::53_0717_tumor,-1.1846529,-0.846981,1.8578157,-0.89993155,-0.95299065,0.7336603,0.7125654,-0.69186145,0.51080894,1.3433644,DOG2
DOG2::53_2011__Tumor,-2.714021,-1.1743487,2.0071316,-0.15075245,0.8374262,0.69260925,0.24942988,0.6583019,0.70317394,-0.36251926,DOG2
DOG2::54_1013_tumor,-1.2826464,-4.968213,0.36606136,2.8134391,-3.2619617,0.4925121,0.18166667,1.7673246,-0.4119702,1.1450814,DOG2
DOG2::54_2303__Tumor,0.8018982,5.232902,-0.5088368,-0.8458577,-2.9959087,2.604048,0.1651613,1.7452543,-1.020146,0.38260615,DOG2
DOG2::55_2307_tumor,2.5355132,1.8993946,-0.11815567,-0.23861101,0.10999598,0.82658327,0.3965151,-1.2180734,-1.3289245,-2.2473807,DOG2
DOG2::55_2308__Tumor,1.0374507,3.369402,-1.0128242,-1.7100054,-4.353036,0.09339005,0.56883156,1.4415925,-1.0298663,-0.86164427,DOG2
DOG2::56_1001_tumor,0.28620932,-2.077805,-0.88351357,-2.8728523,4.455982,-0.35145253,0.10341613,-2.2434287,0.37433827,0.54010415,DOG2
DOG2::57_0709_tumor,-2.7252326,-4.178864,0.77636963,-0.75359774,0.81161416,-1.1241926,0.5293921,-0.4735887,-0.5264317,0.59074897,DOG2
DOG2::58_1104_tumor,-4.204983,1.0274637,0.3676181,-1.2628392,3.8016021,-0.100316234,-0.27143693,-0.7304767,-0.7115877,-2.3946815,DOG2
DOG2::59_1003_tumor,-2.3186748,3.6645033,-1.9491519,0.38449788,0.7618773,0.78418195,0.23626532,-0.66464794,1.3762519,0.99486387,DOG2
DOG2::5_0220__Tumor,0.94695807,-1.2409043,-3.2511296,2.6892269,0.39959198,-1.0109701,-0.35429388,-0.47597173,1.7095547,-2.3541346,DOG2
DOG2::5_0817_Tumor,-1.761809,2.8349822,1.0039476,-3.2689304,1.2164831,1.1509072,0.36944798,0.8069349,1.0900165,0.05763901,DOG2
DOG2::60_1415_tumor,-0.05261708,-0.3534667,0.5604529,-0.34673616,3.5764613,0.9933284,0.7141947,1.0450879,1.3841784,-0.4457596,DOG2
DOG2::61_1005_tumor,-3.7354193,-1.0796547,1.7676148,-0.38285246,-1.160253,-0.5111818,0.55974275,-2.4568677,-0.17129761,3.3617187,DOG2
DOG2::62_2003_tumor,-1.2009413,-3.3395336,-0.26479957,0.032084536,2.199674,0.30485,-0.6418489,-0.7588709,-0.95269585,-0.720256,DOG2
DOG2::63_1411_tumor,-7.311446,-0.64990675,-1.4275608,-0.8330457,1.4905512,1.2651246,0.44593033,-2.0741818,0.24800704,-0.7679533,DOG2
DOG2::64_1009_tumor,-6.223253,-0.75820065,-1.2641934,-1.9777579,0.9675315,-0.819372,-0.28045663,-2.8994536,1.9786865,1.1131123,DOG2
DOG2::65_2009_tumor,-2.7858596,0.11582346,-0.13793796,-2.9528842,2.2547596,-1.1713641,-0.5698045,-0.9301615,1.3658266,1.0083902,DOG2
DOG2::66_0206_tumor,4.0979967,-1.7746173,0.28730595,2.8411717,-3.299972,1.0984399,-0.4659653,0.059458524,-1.0140542,-0.13382302,DOG2
DOG2::67_1909_tumor,5.701537,0.24821803,0.069293424,-0.25291845,0.82035315,-0.483845,0.30153176,1.4836004,0.25114536,-0.2018546,DOG2
DOG2::68_0210_tumor,4.201399,4.3427463,-1.2991756,-0.018319387,-1.1267436,0.30440757,-0.0717031,2.315861,-0.5273799,0.8090974,DOG2
DOG2::69_0222_tumor,-0.3260046,-1.8584877,-0.17844534,2.5084748,-1.3839123,-0.4618058,0.18011144,2.2988312,0.017504212,-0.764121,DOG2
DOG2::6_0305__Tumor,-4.382647,2.4396186,-0.31066304,-1.8731506,0.4329617,1.435873,0.11752081,-0.9334791,-0.081363425,-1.6245303,DOG2
DOG2::6_1012_Tumor,-4.2407613,-0.42378953,3.6652353,-0.60002154,-6.090578,-1.030066,0.26685768,0.58152515,-0.1454768,2.123969,DOG2
DOG2::70_0225_tumor,3.132144,-0.6091614,-0.59672916,0.5786901,1.9943495,0.26086003,-0.39632514,1.1288316,-0.6323599,-0.9213037,DOG2
DOG2::71_0643_tumor,0.2464665,-1.5289422,0.8976273,2.5431612,1.5353608,-1.3081877,-0.7038793,0.33652988,-1.6558485,-2.0580015,DOG2
DOG2::72_0732_tumor,2.9026809,-1.7462424,1.8400872,-0.11624831,-3.8003662,1.2517021,-0.8083817,-2.5485008,-1.2234263,1.9184701,DOG2
DOG2::73_0813_tumor,-0.97304744,-1.4960506,2.5536573,-0.039207477,0.5581304,0.12770519,0.37611818,0.24659611,0.6378264,-0.17516443,DOG2
DOG2::74_0815_tumor,1.977593,-1.7687571,0.9083387,-0.1608833,1.1797451,-1.451374,0.22364698,2.426807,-0.6569172,0.011039232,DOG2
DOG2::75_0819_tumor,0.7841913,0.03923417,0.18548733,1.1810387,-1.9406515,-0.5833696,0.4597501,0.294753,-1.0657456,2.2200105,DOG2
DOG2::76_1106_tumor,3.352133,3.731134,-0.74346083,0.091066256,1.3609606,-1.7679633,-0.69811803,-1.6069381,-2.4233174,-0.31105107,DOG2
DOG2::77_1417_tumor,2.567387,-4.8027177,-0.1419859,2.068038,-0.08911565,-0.28512862,-0.24042143,-0.31100714,0.46485382,2.1718996,DOG2
DOG2::78_1419_tumor,0.18163282,-2.456074,2.8236995,-0.14154117,-2.977747,1.8128701,0.048371978,-0.90057266,-0.813193,2.4947386,DOG2
DOG2::79_1713_tumor,2.3172896,-2.0311463,0.8409383,2.426504,-3.5438077,-0.19122936,0.33891082,0.32743493,-0.105126716,1.0212034,DOG2
DOG2::7_0309__Tumor,-0.62352055,-0.44368672,-1.4269906,1.7948428,2.6387453,0.19674157,-0.57834214,-0.6192974,0.06658899,-2.1157618,DOG2
DOG2::7_1022_Tumor,-7.8594966,0.0067458064,-1.6754901,0.01743467,1.3016361,0.46135476,-0.17092487,-2.1234035,1.0076796,0.4970979,DOG2
DOG2::80_1806_tumor,3.105353,0.3579395,-1.7203188,2.6940413,1.8804469,-0.32537425,-0.84390366,0.57269675,-0.6194918,-1.6944131,DOG2
DOG2::81_1904_tumor,1.9381859,6.0883875,-1.7847393,-1.1680839,-1.457166,0.69898236,0.22877161,2.453262,-0.6919059,1.3581258,DOG2
DOG2::82_1905_tumor,-2.4276397,0.23278534,-0.015811434,-1.0075479,-2.4906626,2.215951,-0.06756738,-1.1228368,-0.73677087,-2.5578,DOG2
DOG2::83_1907_tumor,-0.5863971,-2.311318,0.6409561,0.5427698,2.3373477,0.47102946,0.48985294,0.9269874,0.5354266,-0.53587466,DOG2
DOG2::84_1908_tumor,3.4867182,2.6866672,-1.1760633,2.1154385,1.4971191,-0.113323726,0.56179684,0.8446837,-0.611854,-0.37722278,DOG2
DOG2::85_2205_tumor,-1.1814753,0.1701759,2.4638782,0.035602354,-0.46774027,1.2784368,-0.62964225,-2.4586322,-0.56609005,0.5578248,DOG2
DOG2::86_2215_tumor,0.8809259,-1.6739126,-0.8779274,1.3773751,2.553906,-1.2543256,0.42506808,-0.063463055,1.8409514,0.83995956,DOG2
DOG2::87_0204_tumor,2.6187377,-2.029232,1.5348502,-0.6481164,0.3482974,1.0000045,-0.36072838,-0.06252967,1.0353911,1.8807588,DOG2
DOG2::88_0712_tumor,-4.641226,0.25290936,-1.413873,-1.2616534,2.0263026,-3.6600623,0.11436999,-0.6792777,-0.9229593,-0.38637206,DOG2
DOG2::89_0216_tumor,1.2575809,1.8598331,-2.2587295,1.9235715,1.1189553,0.10321069,-0.19700797,-0.5462409,0.28766507,0.63760763,DOG2
DOG2::8_0335__Tumor,5.150859,5.301107,-1.6747059,-1.3802685,-2.732023,0.41429144,0.19133201,1.8187947,0.2954713,1.0343696,DOG2
DOG2::8_2202_Tumor,-2.8640494,2.577572,-0.15460855,-1.1778563,1.1093256,2.0427957,0.10895073,1.900213,0.58783716,0.002798682,DOG2
DOG2::90_0224_tumor,0.5329641,-1.2343103,1.9668074,1.4263387,0.5100022,0.8239923,-0.6155629,-0.5072032,1.1467836,-0.40510315,DOG2
DOG2::91_0402_tumor,-3.049768,0.46878788,2.0744166,-0.6994499,2.3254974,-0.89405876,-0.1750259,-0.24801157,-2.257238,-3.1994076,DOG2
DOG2::92_0404_tumor,-0.031724658,2.5377274,-1.4708531,-2.0083363,0.96379143,1.1645634,-0.02825509,-1.4519978,-0.46760407,-0.16092588,DOG2
DOG2::93_0406_tumor,-0.135504,3.0331335,-1.2591354,1.6656199,1.0911285,0.17003094,-0.48790938,0.33813375,1.4104093,-0.42779142,DOG2
DOG2::94_0410_tumor,-1.3609748,-4.318578,1.5294354,1.6861657,0.5744407,-0.34013715,-0.28703457,-0.45882347,-0.53563946,0.74419194,DOG2
DOG2::95_0411_tumor,1.540345,-0.963138,1.1024262,2.6290984,-3.5332978,1.7439774,-0.39240652,-1.2112757,-1.7179663,1.1215324,DOG2
DOG2::96_0606_tumor,-0.9902894,0.499828,-2.271017,0.1682005,0.41933292,0.3407709,0.6745945,-1.6987625,1.3324324,-1.9382049,DOG2
DOG2::97_0618_tumor,-3.1729498,-3.6603894,-0.43774712,-0.73269093,0.68774974,1.3365357,0.53464675,-1.4854509,-0.6564801,1.130286,DOG2
DOG2::98_0306_tumor,-1.0359374,-1.9527454,0.7796363,0.44694293,2.7388985,-0.8024638,0.5263443,-1.3472762,0.4753473,-0.8562806,DOG2
DOG2::99_0318_tumor,-0.46206725,-0.76424986,0.836242,-3.9552946,-1.5627341,0.46851704,0.45139575,0.5666594,2.4211311,1.7569158,DOG2
DOG2::9_0510__Tumor,4.9087086,-1.58204,-0.66539866,-2.9323986,-0.37417948,-1.3730687,0.6615614,-1.0812482,-0.07787503,-1.076646,DOG2
DOG2::9_2312_Tumor,-1.4367169,-1.0888727,1.8723147,1.9308964,-1.8607796,0.2213469,-1.0409158,1.2889097,0.16363811,0.16920872,DOG2
TARGET_OS::TARGET-40-0A4HLD,-2.0476365,0.607713,-1.015333,0.35209367,0.26029348,-2.3300264,0.604969,-0.4383817,-1.061013,0.07771524,TARGET_OS
TARGET_OS::TARGET-40-0A4HMC,1.6721176,-1.8541858,-0.77691436,0.8076278,-1.8634282,-1.3754733,0.29863456,-0.027130742,-0.46823177,-1.5472449,TARGET_OS
TARGET_OS::TARGET-40-0A4HX8,0.083421275,0.17562413,3.0784218,0.050779603,2.300443,-0.72659576,0.27737638,-0.31389457,-2.1622784,-1.5680785,TARGET_OS
TARGET_OS::TARGET-40-0A4HXS,-0.38983303,0.9012816,-0.053010568,-0.38657686,-1.3275735,1.0409397,-0.16609782,-1.9159027,-0.23128027,-0.11615977,TARGET_OS
TARGET_OS::TARGET-40-0A4HY5,-0.52458185,1.9547728,-1.1662351,1.180599,1.9177489,-1.0229564,0.70574605,-0.42703387,-0.62524927,0.6440002,TARGET_OS
TARGET_OS::TARGET-40-0A4I0Q,-0.6985943,3.3288007,0.26191437,0.8339239,-0.38363743,1.1861503,-0.09344604,-0.7323681,0.059678353,0.4331094,TARGET_OS
TARGET_OS::TARGET-40-0A4I0S,5.829394,-0.37343726,0.12817854,4.124532,-2.539468,-0.25907627,-0.14683883,0.7089916,-0.40723616,-0.23445371,TARGET_OS
TARGET_OS::TARGET-40-0A4I0W,-0.46568087,2.5199358,-0.110451035,0.53075945,-2.535282,-2.7319803,-0.5781397,0.79928297,1.5759125,0.61984026,TARGET_OS
TARGET_OS::TARGET-40-0A4I3S,0.9143339,2.6081665,0.7523462,-0.4634374,1.2547168,-1.2600346,0.42477733,-0.09364367,-1.5039654,-0.345165,TARGET_OS
TARGET_OS::TARGET-40-0A4I42,-0.28287765,-2.35896,-0.49064547,-0.98119706,0.7483173,2.1992536,0.0132824,1.1104779,-1.6947104,-0.17862673,TARGET_OS
TARGET_OS::TARGET-40-0A4I48,3.6723068,-0.110050686,2.3577044,-0.78430736,0.11760522,0.75203216,0.8569005,-0.25151446,-0.06261132,-0.65291667,TARGET_OS
TARGET_OS::TARGET-40-0A4I4E,-2.7681222,3.0625167,1.8657444,-0.40489283,-0.44997275,-0.8205094,0.84833634,0.46273583,-0.77881193,-0.67383844,TARGET_OS
TARGET_OS::TARGET-40-0A4I4M,3.3992927,-1.1120288,1.2228616,-1.7866457,-1.0259957,-0.9648147,0.1790919,0.7938684,1.005194,-0.35052508,TARGET_OS
TARGET_OS::TARGET-40-0A4I4O,-0.16990486,0.6683501,0.6929176,1.62641,2.3280976,0.08172062,-0.25170767,-2.5607061,-0.8556767,-0.42878357,TARGET_OS
TARGET_OS::TARGET-40-0A4I5B,3.75408,-0.4913516,2.4692717,-0.94763935,3.3947992,1.096961,0.06048751,0.305696,-0.96591175,-0.47051293,TARGET_OS
TARGET_OS::TARGET-40-0A4I65,-0.8051805,-0.15218577,-0.23687722,0.6933183,0.6259846,1.09416,0.24511474,0.58480155,-0.008212521,-0.4331624,TARGET_OS
TARGET_OS::TARGET-40-0A4I6O,-1.7909106,4.018549,-0.5326514,2.049587,-0.11593355,-0.5504006,-0.018223504,-0.6616491,-0.52803475,1.2908949,TARGET_OS
TARGET_OS::TARGET-40-0A4I8U,0.2652747,-0.9729667,0.28951997,0.4959454,-2.133418,-0.25103107,-0.86118644,-1.0545359,-0.40804812,-1.7805284,TARGET_OS
TARGET_OS::TARGET-40-0A4I9K,0.81848794,-1.2477324,1.0071412,3.1001596,-1.1249325,1.7343887,0.500735,-0.29082713,-0.2500183,0.65877473,TARGET_OS
TARGET_OS::TARGET-40-PAKFVX,-1.5894088,-4.6135006,-3.816232,0.9292613,-1.9877964,-0.37944797,1.3828522,2.1790848,0.35444522,-0.10521548,TARGET_OS
TARGET_OS::TARGET-40-PAKUZU,-0.9541643,-0.54541636,0.3073446,-2.2283697,-1.5182302,0.17394835,0.25883886,1.6648597,0.93957394,0.144048,TARGET_OS
TARGET_OS::TARGET-40-PAKXLD,-4.2712483,2.4151375,0.3661771,-0.7345715,-0.025710627,-0.34568432,-0.42302224,-0.42835164,-0.02443922,0.10199559,TARGET_OS
TARGET_OS::TARGET-40-PAKZZK,0.7956907,0.17901842,1.0027533,-1.930049,-1.2927681,0.9207289,-0.16428609,-0.28411523,0.62631005,0.23077299,TARGET_OS
TARGET_OS::TARGET-40-PALECC,0.36598733,-2.4424965,-1.6027503,1.3052943,-1.007712,-0.40316933,0.8534124,1.3059465,1.060114,-0.24581775,TARGET_OS
TARGET_OS::TARGET-40-PALFYN,2.9478524,1.8232794,0.46663105,0.48742467,-1.0641959,-1.6191015,0.9931148,-0.114321634,1.1868105,0.062078435,TARGET_OS
TARGET_OS::TARGET-40-PALHRL,-1.9244193,-2.3770304,-3.4963162,-0.51404893,-2.2190933,-2.1271105,0.75331914,-1.4488629,1.695619,-1.2761929,TARGET_OS
TARGET_OS::TARGET-40-PALKDP,-2.7533205,-0.53093374,-0.1430353,-2.376613,2.2497993,1.0686578,-0.73889863,1.2922369,-0.13367753,1.890814,TARGET_OS
TARGET_OS::TARGET-40-PALKGN,1.9521194,0.21910731,0.7862465,-0.78616524,-2.679369,-2.390538,1.2082297,-1.4242816,2.2786503,-1.8992078,TARGET_OS
TARGET_OS::TARGET-40-PALWWX,0.7903203,2.7134173,-0.9686604,2.2346227,1.7323455,-2.1163447,0.3407132,-1.3919666,0.76410824,1.0621741,TARGET_OS
TARGET_OS::TARGET-40-PALZGU,1.6228439,-1.5264317,1.4200826,-1.8330804,1.935497,0.921328,0.11572583,0.14974262,0.7743333,0.29921097,TARGET_OS
TARGET_OS::TARGET-40-PAMEKS,-0.6229525,4.329892,1.6312417,2.5271766,2.3694904,-1.5952024,-0.86247444,1.1268332,1.178833,1.8564448,TARGET_OS
TARGET_OS::TARGET-40-PAMHLF,-0.19679427,2.4585013,1.4432485,0.3138757,0.41300613,1.9744684,-0.19166805,-1.1167439,0.36434656,0.40797764,TARGET_OS
TARGET_OS::TARGET-40-PAMHYN,0.18454589,-0.18161191,-0.48472723,-0.86981875,-1.9721068,0.29447517,-1.22948,-1.1915957,1.5286028,-0.23315173,TARGET_OS
TARGET_OS::TARGET-40-PAMJXS,0.71639836,-1.6949326,0.32774186,2.399178,2.8392227,1.4566185,0.97042817,1.335595,-0.60305667,-0.20327884,TARGET_OS
TARGET_OS::TARGET-40-PAMLKS,-4.361771,-1.9279093,-4.3722916,-3.7304177,-2.1286118,-2.6621006,-0.11918186,-0.9557276,0.214588,-0.8329676,TARGET_OS
TARGET_OS::TARGET-40-PAMRHD,1.4882755,-2.3722625,0.9318496,-0.9213607,0.124315634,0.8904519,-0.61940974,1.6171415,-0.43062952,-0.8093793,TARGET_OS
TARGET_OS::TARGET-40-PAMTCM,-5.3398356,2.3870037,-1.2389876,0.7266579,1.2148418,-0.51485574,-0.041856382,-0.86498874,0.23713264,0.49603993,TARGET_OS
TARGET_OS::TARGET-40-PAMYYJ,-0.41669372,-0.922979,-0.36121687,0.02353093,-0.27007797,1.598712,0.86443555,0.40225744,-0.79324037,-0.37436476,TARGET_OS
TARGET_OS::TARGET-40-PANGPE,0.43236777,0.16661292,0.8161229,1.9936839,0.9355933,1.1509284,-0.3162208,0.4849228,0.1131674,-0.32662815,TARGET_OS
TARGET_OS::TARGET-40-PANGRW,-0.4788168,-0.4058585,-1.178149,1.9039665,-3.0819504,-0.68577564,-0.27519578,0.67259014,0.06825186,-1.149195,TARGET_OS
TARGET_OS::TARGET-40-PANMIG,-1.508413,3.0359733,-0.080273286,1.9742228,-2.0551536,0.5445577,-0.19447142,-0.54687184,1.0232064,-0.06384386,TARGET_OS
TARGET_OS::TARGET-40-PANPUM,-1.7036028,1.5407337,2.7435355,0.5485634,0.3678017,0.71319574,0.6748443,0.12441357,-0.5688804,-0.84629375,TARGET_OS
TARGET_OS::TARGET-40-PANSEN,-0.05433364,3.0771394,1.2877201,0.9290963,1.3190882,0.35761347,-0.8635638,-1.4459307,-0.4494758,0.3984292,TARGET_OS
TARGET_OS::TARGET-40-PANVJJ,0.7404712,3.4818778,0.9857291,1.9090198,-0.20882514,-0.17159116,-0.7993656,-1.2401148,0.17238544,0.8339361,TARGET_OS
TARGET_OS::TARGET-40-PANXSC,2.469368,-0.95315945,-0.036611423,-0.87485784,-1.0784414,-1.5352088,-0.39402717,-0.87641686,0.54945207,-1.1691884,TARGET_OS
TARGET_OS::TARGET-40-PANZHX,3.3304956,-1.0679482,-0.28696427,1.8143289,-0.19194506,-0.1451947,0.9139411,0.9409526,0.45115092,-0.3803786,TARGET_OS
TARGET_OS::TARGET-40-PANZZJ,0.19036065,1.1832892,-1.4662706,-0.23424028,-1.8321755,0.27018347,0.25651458,-1.2272488,1.6551585,-0.6534975,TARGET_OS
TARGET_OS::TARGET-40-PAPFLB,1.0679446,-0.62710613,-0.56865275,0.35577834,4.1109233,0.58667684,-0.59092236,-2.2744207,-1.3329085,-0.3295968,TARGET_OS
TARGET_OS::TARGET-40-PAPIJR,3.5204031,-1.6057937,0.17707455,1.3160665,-0.87747246,-1.1795878,0.25418326,0.81491673,0.36399078,-1.0331255,TARGET_OS
TARGET_OS::TARGET-40-PAPKWD,-3.164657,-3.2120159,-2.6318128,-2.0730639,0.5340058,-0.5437278,0.11050995,0.7633717,-1.3037403,0.17067385,TARGET_OS
TARGET_OS::TARGET-40-PAPNVD,-0.24795754,-1.381119,1.2461158,-2.0453146,1.1674298,-1.0651467,-0.039114997,1.1069804,-2.139079,-0.3693689,TARGET_OS
TARGET_OS::TARGET-40-PAPWWC,0.39276755,-2.9560444,0.39315706,-1.1862984,-0.38033473,0.46851268,0.25880995,1.1538837,-0.46029028,-0.19752583,TARGET_OS
TARGET_OS::TARGET-40-PAPXGT,2.230052,-1.9012597,-0.82864505,-3.1438725,-1.7719914,0.68428165,-0.3444446,-1.2898531,1.2700891,1.2850797,TARGET_OS
TARGET_OS::TARGET-40-PARBGW,-0.34567046,-2.7146356,-2.152097,-2.999963,-3.6142735,0.040880945,-0.2912939,2.0850086,0.8272548,-0.057709996,TARGET_OS
TARGET_OS::TARGET-40-PARDAX,-0.5445303,-2.7577567,0.094757795,-2.3905034,2.0909836,2.258643,-0.056422215,0.97027946,-1.6105584,0.39764407,TARGET_OS
TARGET_OS::TARGET-40-PARFTG,1.5934063,-1.0839316,1.024963,-2.7436278,0.09712314,2.5551722,-0.19670537,0.19983084,0.56249446,0.7242168,TARGET_OS
TARGET_OS::TARGET-40-PARGTM,-0.64051527,-2.6646068,-0.8050718,3.1390154,1.6314285,1.0361886,0.34483677,1.3976973,0.21476099,1.1561615,TARGET_OS
TARGET_OS::TARGET-40-PARJXU,-2.4085927,4.22089,0.77625275,1.749299,0.7672325,0.079913035,0.6519096,0.79047745,-0.11678477,2.4228785,TARGET_OS
TARGET_OS::TARGET-40-PARKAF,-0.6657759,-2.1325336,0.2839464,1.2798531,0.15556087,1.8668368,-0.18311319,1.6696557,-0.31893903,-0.057613973,TARGET_OS
TARGET_OS::TARGET-40-PASEBY,2.0054877,-1.7889885,0.9767795,-0.51144516,0.91557354,0.39114982,-0.20886764,0.06625601,0.8520507,0.397438,TARGET_OS
TARGET_OS::TARGET-40-PASEFS,-3.6976295,2.201599,1.8152641,-1.932355,1.750341,-3.862187,-1.3377414,0.2994783,-2.919222,-0.3186275,TARGET_OS
TARGET_OS::TARGET-40-PASFCV,4.9710336,2.4841616,1.0026581,2.5581582,0.3543762,-1.0323932,-0.9182292,-1.5530285,0.7470702,0.7855047,TARGET_OS
TARGET_OS::TARGET-40-PASKZZ,-0.13215604,2.540431,1.5031769,2.211922,-0.013233159,0.92956877,-0.47562763,0.16203378,0.3557736,-0.41910177,TARGET_OS
TARGET_OS::TARGET-40-PASNZV,2.9436018,-2.8811939,0.0057163476,-1.2335149,2.0606482,2.7081847,-0.42122057,-0.012882452,-0.9534834,0.0061505428,TARGET_OS
TARGET_OS::TARGET-40-PASRNE,2.680073,-1.5415819,0.7938673,-0.2599751,1.360371,1.1665664,-0.6459578,1.0609547,-0.6480986,0.13758896,TARGET_OS
TARGET_OS::TARGET-40-PASSLM,-1.7631773,0.3685881,-0.38455597,1.4676278,3.1460013,0.63443893,0.007456954,0.18781695,-1.6750388,-0.06924168,TARGET_OS
TARGET_OS::TARGET-40-PASUUH,1.1176252,-2.1714144,-3.1384614,-2.898051,-1.1148242,-1.2766052,0.12633736,-3.1527615,-0.008649313,-1.1218079,TARGET_OS
TARGET_OS::TARGET-40-PASYUK,6.4595327,1.1586117,1.1428875,-0.5585667,-0.069836244,-0.7692414,-0.17097789,-0.44143474,-0.7257981,0.070705034,TARGET_OS
TARGET_OS::TARGET-40-PATAWV,-0.722574,3.26649,-0.10256376,1.3680567,2.296502,-1.9803706,-0.39489803,-0.34344202,0.4642726,2.0298388,TARGET_OS
TARGET_OS::TARGET-40-PATEEM,0.42865914,0.19432771,2.0488775,-0.6982254,0.15988706,0.91287166,-0.006753675,0.81268674,-0.7325067,0.10071615,TARGET_OS
TARGET_OS::TARGET-40-PATJVI,2.4388068,1.7763596,-0.79330474,-0.56495875,0.7725798,-3.3608956,0.24840233,-0.03282091,0.5589005,2.2320971,TARGET_OS
TARGET_OS::TARGET-40-PATKSS,-5.04205,1.061361,-0.22714606,0.3413313,1.0530667,0.6251589,-0.155762,-1.4064333,-1.1998472,-0.596375,TARGET_OS
TARGET_OS::TARGET-40-PATMIF,4.342348,-0.34622878,0.40333736,0.14001966,1.1677935,-0.8190647,0.0239803,-0.35676435,1.3564537,0.12517801,TARGET_OS
TARGET_OS::TARGET-40-PATMPU,0.10372266,-3.1729362,-0.2658905,-1.157643,2.3947687,2.5835986,-0.5627523,1.0243704,-0.8735784,0.23495746,TARGET_OS
TARGET_OS::TARGET-40-PATMXR,-0.12932624,-2.3005762,0.17970678,-2.5406208,2.385991,2.9849117,-0.2792475,0.57651037,-1.3823619,0.08028211,TARGET_OS
TARGET_OS::TARGET-40-PATPBS,1.3124908,-0.9794134,0.027618691,3.3211362,2.3363528,1.648593,-0.054060012,1.2250406,-0.9428885,0.50913423,TARGET_OS
TARGET_OS::TARGET-40-PATUXZ,-1.1347663,-1.4279344,0.16567726,-2.6703684,0.3724532,1.0312749,-0.20255345,0.87619615,-1.9518702,0.021770975,TARGET_OS
TARGET_OS::TARGET-40-PAUBIT,0.68930167,3.3186588,1.2360852,1.7492275,-0.42029214,-0.010128215,0.11556153,-2.111558,0.67524916,0.088349484,TARGET_OS
TARGET_OS::TARGET-40-PAUTWB,4.061622,-1.1339208,2.3774776,-0.7824832,-0.5587431,0.25160533,-0.14173935,0.32501006,1.0624439,-1.1268932,TARGET_OS
TARGET_OS::TARGET-40-PAUTYB,-0.08747348,-3.2269163,-2.6611063,-3.1698678,-2.9605656,0.5891058,0.13208339,-0.08408114,0.91635877,-0.61677647,TARGET_OS
TARGET_OS::TARGET-40-PAUUML,-4.441205,2.3584216,0.035348028,-0.21885455,1.8813761,0.6195174,-0.3034843,-0.49268523,-0.73845595,0.2433955,TARGET_OS
TARGET_OS::TARGET-40-PAUVUL,-2.272246,-3.0418172,-2.4101129,-2.1911516,-0.2254355,-0.121382,-0.06490944,1.2145461,0.119736195,0.72351384,TARGET_OS
TARGET_OS::TARGET-40-PAUXPZ,-4.1645017,-1.6354434,-2.0388467,-0.3077676,-4.1010647,-0.25566292,0.3655397,0.93989176,1.0477103,-0.11601903,TARGET_OS
TARGET_OS::TARGET-40-PAUYTT,-5.3906302,0.659894,-1.0536709,-2.1390455,-2.787575,-1.3935554,-0.46912864,0.66967994,2.4799912,0.4315376,TARGET_OS
TARGET_OS::TARGET-40-PAVALD,-7.0083137,1.7781297,-1.2027122,0.5584825,0.60225385,0.183017,0.42610165,-1.3419424,-0.36829028,0.33792245,TARGET_OS
TARGET_OS::TARGET-40-PAVCLP,1.7293754,0.015630987,-0.008708782,1.6851332,-0.19576116,0.35578975,0.77190757,-0.23367546,1.4316343,-0.4927337,TARGET_OS
TARGET_OS::TARGET-40-PAVDTY,-1.0558193,-1.3055453,-2.138746,-0.319098,-3.59902,-1.0251651,-0.16399759,-0.034718465,1.6664153,-0.3085864,TARGET_OS
TARGET_OS::TARGET-40-PAVECB,-1.3453968,3.9658306,0.97351867,2.4181771,-3.2098026,-1.0345939,-0.41075525,0.03262381,0.5674039,0.3587098,TARGET_OS
GSE21257::GSM530667,0.33921647,-0.5110386,0.9086658,3.2313595,0.67836446,-0.2836521,-0.45410848,0.69364154,0.83065164,-0.8834688,GSE21257
GSE21257::GSM530899,-2.9437413,1.7048751,-0.9701464,2.4162474,0.30434084,-1.291366,-1.8284515,0.2182322,0.39853665,-0.08654479,GSE21257
GSE21257::GSM531283,-3.6838953,-2.476753,0.4240736,0.5817577,2.5911546,1.3729559,-1.0258894,2.3820503,0.55964196,0.40619725,GSE21257
GSE21257::GSM531284,-1.7618427,2.090251,0.007436998,1.729338,1.2443521,-0.8216771,-2.066373,-1.1646335,1.3655196,0.4305278,GSE21257
GSE21257::GSM531285,-2.052389,-2.5696769,-1.4427638,-1.4148457,0.6264061,0.7570847,-1.676737,0.6952478,-0.67741245,0.09420538,GSE21257
GSE21257::GSM531286,-4.020261,3.3715107,0.72943276,-0.60835636,-0.8458696,0.63049465,-1.105322,0.29799858,0.5271751,0.092924945,GSE21257
GSE21257::GSM531287,0.5809487,0.12245831,1.1954064,-0.25962806,-1.0174632,1.3414131,-1.1684253,0.081431575,-0.63217574,-0.8190624,GSE21257
GSE21257::GSM531288,1.1429727,3.395023,2.3688,-0.5190837,-0.56584394,-0.7522173,-0.25890833,0.80276865,0.68434685,0.5774219,GSE21257
GSE21257::GSM531289,-3.4291418,-0.38287368,0.7129259,0.1459317,0.49900424,1.2481226,-2.6601655,-0.3720408,0.7850383,0.026358858,GSE21257
GSE21257::GSM531290,-4.8918247,-2.6615152,-2.245519,-3.3433115,2.7542448,0.83658874,-2.9441488,0.7112444,-0.65469027,1.9538536,GSE21257
GSE21257::GSM531291,0.41680372,0.011730443,0.4403399,-2.0633202,-0.7867647,-0.11880407,-0.86984575,1.6396924,-0.61980724,0.17038178,GSE21257
GSE21257::GSM531292,0.39847565,0.51076424,0.72163,-1.1136693,-1.6147934,0.38092148,-2.3869002,-0.8983349,0.9792752,-0.054463036,GSE21257
GSE21257::GSM531293,0.3934528,-1.6678277,1.2547379,0.08735531,-0.14197607,1.155689,-1.1660291,1.8296692,-0.279954,-1.1935661,GSE21257
GSE21257::GSM531294,-1.9714613,-0.23250756,-0.7886361,-2.0745747,1.3052435,-1.3189236,-2.6214292,0.9701012,-0.44858107,0.116244495,GSE21257
GSE21257::GSM531295,-3.0574293,0.9405763,1.1886641,-1.4698114,0.604552,1.9072416,-2.0370631,0.30712008,-0.18391494,0.035849538,GSE21257
GSE21257::GSM531296,0.8385952,-1.8803815,-0.006646152,2.2348144,0.7298921,0.87187034,-2.5877721,0.6280915,0.0373779,-0.5215276,GSE21257
GSE21257::GSM531297,-0.42555043,3.0925853,0.92975307,2.228515,-0.7315963,0.400649,-2.198077,0.76860344,0.45784292,0.2639148,GSE21257
GSE21257::GSM531298,-4.895221,2.2717056,2.1296556,-1.8738863,-3.0568514,-3.197323,-1.1523073,0.3983295,-1.4936925,-0.6856901,GSE21257
GSE21257::GSM531299,-2.8682888,2.4351556,0.9643376,-0.4338864,0.7177543,-0.2025483,3.0291655,0.2753744,0.845531,-0.12636271,GSE21257
GSE21257::GSM531300,-2.034291,-1.4177703,-0.57212526,0.565612,0.23806496,1.1772225,3.6629124,1.4741402,0.82521415,0.3257733,GSE21257
GSE21257::GSM531301,-0.27059743,0.5938541,1.9035467,-0.1109546,1.6190604,-0.45239538,2.6954303,0.3317198,0.47655132,-0.42037854,GSE21257
GSE21257::GSM531302,3.8046346,1.0244038,1.7015977,-1.5811037,-2.5792181,-2.6603222,3.25031,-0.7165181,-1.0326082,-0.013250374,GSE21257
GSE21257::GSM531303,4.498456,-1.262082,-1.9264733,2.6409082,-1.1080459,-1.3586789,4.138042,-0.3981182,-0.25694662,0.97522676,GSE21257
GSE21257::GSM531304,2.4152348,1.6886415,-0.8329,0.94826794,-1.0673387,-1.7985977,4.347131,-0.2428048,0.43373445,1.0458276,GSE21257
GSE21257::GSM531305,4.284032,1.7459092,0.41067275,0.5991757,-3.1771715,-0.88319147,3.8539119,-1.4725947,-0.6190503,0.60109586,GSE21257
GSE21257::GSM531306,-0.29577318,-2.8061419,-2.342028,-2.5207791,2.6908588,-0.27134708,0.9996593,-0.29156822,-0.5152051,0.6381967,GSE21257
GSE21257::GSM531307,2.0387218,1.3439711,0.72580296,1.0261931,-0.5096512,0.41304636,-2.0447376,-0.7123196,0.35254455,0.49068287,GSE21257
GSE21257::GSM531308,-0.30802712,-2.6683803,-1.6709332,1.8072753,1.392439,-0.7837517,2.0468097,0.10384989,0.24136831,-0.4904872,GSE21257
GSE21257::GSM531309,4.094033,0.99408686,1.4618518,-1.0784912,-2.9487433,0.7572541,2.470854,-1.494326,1.0520948,-0.6909995,GSE21257
GSE21257::GSM531310,2.0334623,-1.8529216,-0.45770764,-0.5782918,0.9508895,1.2403772,1.777871,-0.91621816,-0.8130657,-0.74952817,GSE21257
GSE21257::GSM531311,0.44079188,-0.28781226,-1.3428032,3.8779812,1.1480106,-2.009702,2.396746,1.1016319,0.47308284,0.008331578,GSE21257
GSE21257::GSM531312,-1.9119707,-3.2063065,-1.5381854,-1.0185201,0.5849764,0.65124756,2.0635757,0.33987752,-0.04711845,0.26501063,GSE21257
GSE21257::GSM531313,2.3339949,0.7481217,-0.6677969,0.9931214,1.0085994,-2.7532637,1.031801,-1.7362939,-0.09035422,-0.102276996,GSE21257
GSE21257::GSM531314,-0.3419604,1.848812,0.39102766,-0.34379128,-0.2785175,-0.04626839,1.5205163,-0.36247241,-0.06860382,0.26185945,GSE21257
GSE21257::GSM531319,-0.16995099,-2.7115405,-0.74445283,-0.59305817,0.23246843,1.0308257,-2.292714,0.79593736,0.37389556,0.5191065,GSE21257
GSE21257::GSM531320,1.506425,0.58355236,0.77754414,1.0227237,-1.5782964,1.7801974,1.6284583,-0.90280235,0.18943924,-0.8043065,GSE21257
GSE21257::GSM531321,5.749502,-0.42560118,-0.69019324,0.7656027,-2.0960026,-0.5885855,-2.099716,-0.7194165,0.60062176,0.15636425,GSE21257
GSE21257::GSM531322,1.2160783,-3.0365562,-0.3670563,-0.042408105,0.5750216,1.7594815,-0.29096872,-0.42834464,-1.0290082,0.008265259,GSE21257
GSE21257::GSM531323,2.0853112,2.0261447,0.53394294,0.94830525,-0.971292,0.70464337,1.1982348,-1.3142793,0.55921817,-0.41373077,GSE21257
GSE21257::GSM531324,2.2464018,-1.2260811,0.93648565,-1.1075476,-0.7529373,1.819149,2.0803957,-0.15079917,-0.7469408,-1.5022959,GSE21257
GSE21257::GSM531325,-1.6850547,1.895364,0.47180653,0.1361688,0.8412036,0.8071046,1.9574883,-0.26040438,0.3191417,-0.3253717,GSE21257
GSE21257::GSM531326,0.38448578,-2.5020835,-0.76422524,-1.6172539,-0.362775,1.9486068,-2.5512707,1.1085371,-0.7999652,0.18541354,GSE21257
GSE21257::GSM531327,-3.798232,-2.6336813,-2.2139342,-3.6901126,1.7057618,0.9292538,-3.7063665,1.1789643,-0.9533036,0.84744567,GSE21257
GSE21257::GSM531328,0.7929466,1.9943777,-0.6274018,1.1535653,-0.014271618,-1.8649505,-3.2417748,0.028560821,0.3018224,1.4826355,GSE21257
GSE21257::GSM531329,-6.520661,0.027787242,-0.7551095,-0.6592389,0.49538198,-0.851975,-3.3694203,-0.93820745,-0.8840657,-0.078953885,GSE21257
GSE21257::GSM531330,3.4641373,-0.15834947,-0.7620792,1.1523101,-0.03466604,-0.06417697,2.3140628,-0.34458688,0.061385214,0.018579857,GSE21257
GSE21257::GSM531331,-1.5354624,1.0185486,0.8170843,0.006058129,-2.1909227,0.5474147,2.1076012,-1.4003617,-0.44600788,-1.0361603,GSE21257
GSE21257::GSM531332,1.7757573,2.4453464,1.4335812,-0.55984765,-0.38819233,0.13169394,2.2929137,0.03237065,-0.5021737,-0.6752285,GSE21257
GSE21257::GSM531333,2.683465,1.365629,-0.055609252,0.57483625,-0.13101953,-1.2819669,-0.4218888,-1.2917242,0.7105698,-0.22550586,GSE21257
GSE21257::GSM531334,-0.7898356,0.6448946,-0.05397744,-0.7772023,0.14551145,-0.13763292,0.7461077,-0.8241848,-0.7536941,-0.27138576,GSE21257
GSE21257::GSM531335,2.7163007,1.511258,0.44318643,-0.15391468,0.7106526,-1.9695337,-2.5268643,-0.604195,0.013380731,0.4353439,GSE21257
GSE21257::GSM531351,0.85063726,-2.1023774,-1.5389225,1.5008291,0.86561346,-0.040713556,-2.1422796,0.18347554,0.8608613,0.16611767,GSE21257
GSE21257::GSM531352,0.13758913,-2.7670815,-0.60636544,-0.7673629,1.6903944,1.2030156,1.2859558,0.5788891,-0.7675248,-0.42861015,GSE21257
