,Factor1,Factor2,Factor3,Factor4,Factor5,Factor6,group
DOG2::100_0514_tumor,-0.956971,0.3453065,1.2890787,-0.8973187,2.4540317,-1.421943,DOG2
DOG2::101_0518_tumor,2.4913251,2.0309143,-0.008781615,-2.3472314,1.4244155,-0.6359852,DOG2
DOG2::102_0619_tumor,4.20267,1.305279,-2.0762477,-1.4413613,-0.9260355,-1.4500657,DOG2
DOG2::103_0639_tumor,1.304698,-1.3926506,-0.5929609,1.359602,0.015654663,0.76844263,DOG2
DOG2::104_0702_tumor,-0.045705363,0.53322387,0.74818945,-0.16261974,2.7933865,0.57508546,DOG2
DOG2::105_0710_tumor,0.3205435,-0.5450985,-1.4957894,-0.06717683,0.30214557,-1.1647074,DOG2
DOG2::106_0716_tumor,-2.5134807,1.8039153,0.47107288,1.0135468,-0.5127676,-0.9265791,DOG2
DOG2::107_0719_tumor,-4.532591,-1.499565,1.4227148,-0.80990905,1.0015053,-0.93595845,DOG2
DOG2::108_0720_tumor,-2.16787,-2.5282328,-0.15035972,-1.0133312,0.8318019,1.4642984,DOG2
DOG2::109_0721_tumor,1.2602522,-1.5051352,0.4884438,0.47850052,1.7495866,2.4992208,DOG2
DOG2::10_0512__Tumor,-2.231221,1.6566403,0.85792804,-0.20695399,2.5446365,0.90183586,DOG2
DOG2::110_0522_tumor,3.0806682,-1.2263937,0.78405416,-1.7084966,0.56139314,-1.602959,DOG2
DOG2::111_1708_tumor,-0.9360331,2.5722978,0.64467555,0.17838822,-2.5090256,-1.749315,DOG2
DOG2::112_0502_tumor,0.4834604,-2.130208,-3.00709,0.33480227,1.804542,-1.1901436,DOG2
DOG2::113_1010_tumor,0.2674887,-1.6242754,-0.282425,-3.5600097,-1.5599191,2.4569695,DOG2
DOG2::114_1704_tumor,1.7952248,3.751078,-0.5538285,0.13757111,-0.8311172,-1.1375297,DOG2
DOG2::115_2318_tumor,-1.279099,-1.526641,0.95040315,0.95477694,0.54526997,3.5350022,DOG2
DOG2::116_0506_tumor,-0.44280326,2.0173252,-0.8590137,-0.61121625,0.6154902,0.38738093,DOG2
DOG2::117_1011_tumor,-5.281935,-2.5418148,2.9298904,-1.6992985,0.8790731,-1.9769822,DOG2
DOG2::118_2304_tumor,-1.9614011,-0.6548873,-1.8927064,1.2664605,1.5333089,-2.88026,DOG2
DOG2::119_0516_tumor,-2.9020207,-0.1525722,0.7498251,1.538389,-1.1019442,-1.8597324,DOG2
DOG2::11_0602__Tumor,-1.4225633,-1.2789575,0.83229584,-1.4310602,-1.2492406,-0.43288988,DOG2
DOG2::120_2306_tumor,1.6307827,-0.11263571,-0.43392092,-1.0370951,-1.3800439,-1.7417345,DOG2
DOG2::121_2322_tumor,-1.8864051,-2.137725,0.41668174,2.5596056,0.46776715,1.4235914,DOG2
DOG2::122_0504_tumor,-3.3282692,-1.4270502,1.5067128,-2.4841394,2.227066,-1.2740878,DOG2
DOG2::123_2316_tumor,3.0426362,-1.254846,1.7382748,-1.0352395,-0.3517512,0.72265744,DOG2
DOG2::125_2004_tumor,-0.22931021,1.311941,0.5869248,1.2900898,-1.6245939,-0.5113484,DOG2
DOG2::126_0228_tumor,-2.7749257,2.4858499,0.5538849,-0.78090024,-1.5530138,0.15628578,DOG2
DOG2::127_2010_tumor,-2.2628329,-0.89573246,0.5411882,-0.7560917,-2.4130845,0.30594006,DOG2
DOG2::128_1023_tumor,3.364434,2.108094,-3.5274014,-4.1144767,-1.026134,-0.38455123,DOG2
DOG2::129_1414_tumor,0.22646984,-0.68940026,1.6285058,-0.40162405,0.86593956,0.6989664,DOG2
DOG2::12_0608__Tumor,-4.66542,0.30174035,3.3091362,-0.9479563,0.9338336,-1.118821,DOG2
DOG2::131_2012_tumor,-0.2433188,-1.2341119,-3.408371,3.0154624,-0.4757544,-0.055897146,DOG2
DOG2::132_1025_tumor,-6.3980217,3.218517,0.34354243,-0.8650357,-1.4557524,-1.5068741,DOG2
DOG2::133_0907_tumor,1.4062876,2.693001,-1.9548099,1.6727792,-1.6786898,-0.5833573,DOG2
DOG2::134_2208_tumor,-0.37088618,-1.3794554,-0.13071673,-0.8597204,-1.0312606,-1.2357037,DOG2
DOG2::135_0102_tumor,-3.1119668,-3.4407423,1.2651205,-0.6312454,2.9225118,0.32016048,DOG2
DOG2::136_0105_tumor,0.8191299,-3.1690419,0.6964858,0.33807364,-0.06859106,1.0879488,DOG2
DOG2::137_0106_tumor,3.2404313,-1.0679265,-4.0156937,1.3239963,0.18294628,0.15166427,DOG2
DOG2::138_0314_tumor,-2.1671786,1.928183,-3.6567934,0.8871199,-1.1238092,0.12332523,DOG2
DOG2::139_0733_tumor,-2.177113,-0.41453558,-5.024503,-2.7752032,-0.30823848,-0.17500164,DOG2
DOG2::13_0613__Tumor,-5.0810914,-2.1904607,3.0179794,-1.7610245,-0.97863644,0.11087406,DOG2
DOG2::140_0905_tumor,1.3678435,4.3910017,-3.6139772,-0.65781796,-1.5883824,-0.4886497,DOG2
DOG2::141_1707_tumor,1.8960071,-1.5402803,-3.4012024,1.8634588,2.3209808,-1.5565099,DOG2
DOG2::142_1710_tumor,-0.030761788,1.8171144,1.0880517,0.11608341,-0.015715564,0.85589933,DOG2
DOG2::143_1916_tumor,1.8496314,3.3240318,-1.0735719,-1.7651238,-0.26657674,0.33111206,DOG2
DOG2::14_0614__Tumor,6.6325684,-1.7119166,-1.0384471,-2.2686012,-1.4774549,0.8271337,DOG2
DOG2::15_0615__Tumor,2.6011176,-0.10938451,0.6117819,1.2526546,-0.08924994,0.9122186,DOG2
DOG2::16_0211_tumor,-2.1170523,1.9675106,-2.8974338,0.4738212,0.7202685,-0.44066477,DOG2
DOG2::16_0616__Tumor,-0.10315514,2.8269866,-0.06332671,-0.8547188,0.21172705,-0.30352908,DOG2
DOG2::17_0226_tumor,0.74366117,-2.4632275,2.2859166,-0.45184293,0.5646957,0.63067806,DOG2
DOG2::17_0620__Tumor,0.6269989,-0.9910051,0.13457423,-0.9019473,1.2141962,-0.6497626,DOG2
DOG2::18_0301_tumor,-2.291997,0.60225415,-1.8059059,-3.937687,0.23736207,2.8483026,DOG2
DOG2::19_0303_tumor,-1.6401486,1.2083329,3.2594106,-2.7319844,-2.3593373,-0.7290507,DOG2
DOG2::19_0621__Tumor,-1.1458144,-1.0629529,2.0247805,0.5446952,-0.58870804,-2.6076376,DOG2
DOG2::1_0201_tumor,-0.45834246,1.6626519,2.7754946,1.5433811,-2.9856095,-1.0552632,DOG2
DOG2::1_0202_tumor,-0.60631925,-0.3653581,-1.7562926,2.272499,0.62562305,-2.2255445,DOG2
DOG2::20_0307_tumor,1.2529254,5.303431,-3.3791838,0.9615915,-1.5472517,-0.0953088,DOG2
DOG2::21_0311_tumor,6.6600943,1.8277211,-3.100031,-1.8131247,-1.5571573,0.18992645,DOG2
DOG2::21_0631__Tumor,-1.7851261,-0.4606063,1.5682333,0.3381805,1.5120436,1.3193196,DOG2
DOG2::22_0317_tumor,4.8516264,1.4214375,0.0629422,-0.37112793,-1.6159393,-0.3869549,DOG2
DOG2::22_0640__Tumor,-0.52610505,-1.8139005,2.2634811,0.6156059,0.58224434,-2.287518,DOG2
DOG2::23_0329_tumor,0.82311636,-0.49184164,-0.15243068,-2.8464205,3.4282286,0.14874764,DOG2
DOG2::23_0642__Tumor,2.9400034,-0.9154168,2.3721864,1.0931257,-1.2602397,-0.42339906,DOG2
DOG2::24_0405_tumor,-0.48850325,3.8065739,-0.11570918,-2.3176646,0.4206318,-0.64155227,DOG2
DOG2::24_0704__Tumor,-3.5301397,1.139228,0.22426693,1.9966965,0.5994049,1.4269654,DOG2
DOG2::25_0505_tumor,-0.7952852,2.5799236,-1.1882149,-2.01328,1.5539459,1.9037195,DOG2
DOG2::25_0706__Tumor,2.9497344,-0.5632412,1.0185331,1.4112699,-0.77464074,0.7846214,DOG2
DOG2::26_0509_tumor,2.2883296,0.29452088,0.45691356,-0.34431705,1.3667775,-1.0465558,DOG2
DOG2::26_0722__Tumor,0.06951152,-0.18162985,1.0783603,-0.16176672,-1.3864601,-0.9088699,DOG2
DOG2::27_0511_tumor,0.76200336,-0.64292634,0.14289892,1.1169327,1.368376,1.0259624,DOG2
DOG2::27_0723__Tumor,0.14480072,-0.9720767,0.5162584,2.3075683,-0.2545362,2.6769717,DOG2
DOG2::28_0513_tumor,2.0870981,-0.15979736,0.7186982,0.38744095,-1.0948129,-1.7689114,DOG2
DOG2::28_0725__Tumor,-3.2726998,0.4889428,2.7794895,-0.14237957,1.5505617,-0.47964495,DOG2
DOG2::29_0515_tumor,0.18734983,1.1418213,0.31776094,1.445275,1.8976384,-1.0148025,DOG2
DOG2::29_0729__Tumor,-1.4633064,-4.5700855,-1.9987296,1.7102622,2.594466,3.3842483,DOG2
DOG2::2_0203_Tumor,3.6723309,-3.3614748,2.1992624,-2.6049817,-4.6964364,1.0055717,DOG2
DOG2::2_0209__Tumor,-3.0004513,-1.6159589,1.4741161,0.050905883,1.6225939,-0.7750504,DOG2
DOG2::30_0517_tumor,-0.85705924,-1.7930597,1.3129783,-0.1552535,0.01619217,-1.3962337,DOG2
DOG2::30_0814_RNAla_Ter__tumor,-0.91435194,-1.7367129,1.4025186,0.87276655,1.2637693,2.4420438,DOG2
DOG2::31_0519_tumor,1.3151629,-0.030404039,-2.2055383,1.5621228,-0.2899963,2.2602744,DOG2
DOG2::32_0523_tumor,4.705591,2.3634431,-1.8918686,-0.4380779,-1.2677577,-0.2005466,DOG2
DOG2::32_0904__Tumor,-1.7483355,0.22841366,0.5749246,1.5391942,1.4596194,-1.9199402,DOG2
DOG2::33_0524_tumor,1.9173182,0.6712326,-2.528939,1.5056301,2.9463797,0.29761556,DOG2
DOG2::33_1002__Tumor,1.3349326,-3.8148532,1.9084182,0.2512802,-0.708107,3.0026197,DOG2
DOG2::34_0601_tumor,1.888316,-2.2591195,-2.403622,3.896543,-0.38780785,1.4957297,DOG2
DOG2::34_1004__Tumor,0.739236,0.74852604,0.3772589,1.2876084,1.3600594,0.97304064,DOG2
DOG2::35_0603_tumor,5.738689,-2.1080847,0.16559635,-3.1372285,-2.3797524,2.9736924,DOG2
DOG2::35_1007__Tumor,-1.5831738,-2.236015,2.0507858,-0.8473655,0.068012446,0.20633623,DOG2
DOG2::36_0607_tumor,-1.0083694,1.2180209,2.1990862,0.33691365,-0.3498629,-1.4649702,DOG2
DOG2::36_1014__Tumor,2.6398606,-2.8992212,0.4013367,-1.050019,3.7699385,0.28523043,DOG2
DOG2::37_0625_tumor,6.002439,0.7666452,-2.6669362,-1.9148806,-1.234527,0.9562817,DOG2
DOG2::37_1015__Tumor,2.2844644,0.09137172,2.1066198,-0.29081786,-0.7154797,0.45626968,DOG2
DOG2::38_0630_tumor,-1.0218736,3.0441463,0.14492007,0.18067543,-2.4560704,0.3027223,DOG2
DOG2::38_1016__Tumor,-3.0262861,0.55399907,1.4782859,-0.13021626,0.39828563,-2.0373158,DOG2
DOG2::39_0701_tumor,-1.2518562,-2.3000212,0.0015152675,2.6799757,1.573945,3.2802835,DOG2
DOG2::39_1103__Tumor,-3.8452158,0.23862222,-0.2026904,0.25076,-1.8030505,-1.885162,DOG2
DOG2::3_0207_Tumor,4.0906553,-2.3275998,-0.51779926,1.9416869,-0.73632234,3.0280056,DOG2
DOG2::3_0212__Tumor,-0.0014076321,0.2543864,1.3380828,1.7740904,1.6717532,-1.1448618,DOG2
DOG2::40_1101_tumor,1.4411341,1.1065522,-1.7186693,-0.4414487,3.3933072,0.65017605,DOG2
DOG2::40_1107__Tumor,2.9351501,-2.2720654,-0.48673156,3.7886508,-0.031036789,2.7624388,DOG2
DOG2::41_1407__Tumor,-0.9962299,5.105177,-1.8014212,0.97821057,-2.0025644,-0.5884232,DOG2
DOG2::41_2007_tumor,-4.33046,2.6270833,0.34541973,0.46311447,-2.3969262,-1.2670919,DOG2
DOG2::42_0715_tumor,1.087078,-2.4837837,-0.4496606,-2.2464874,-2.0184474,1.1588078,DOG2
DOG2::42_1409__Tumor,-3.5426278,1.6346215,0.74128604,-1.2940735,-0.2590031,-0.49907959,DOG2
DOG2::43_1401_tumor,2.4585137,-0.51707286,0.4777525,-0.15009533,1.2261424,1.2185998,DOG2
DOG2::43_1410__Tumor,-5.249047,0.81994015,-2.1188614,0.5413053,-2.0253072,-2.3352537,DOG2
DOG2::44_0713_tumor,2.7774377,0.5118385,-0.58124834,2.3759782,0.28946266,2.3564098,DOG2
DOG2::44_1412__Tumor,-3.443801,1.9809523,3.4688148,-1.3577107,-2.001874,-1.1449454,DOG2
DOG2::45_1024_tumor,-2.7494977,1.5467589,-0.4269938,2.111132,1.044361,0.78024715,DOG2
DOG2::46_1405_tumor,4.585763,-2.219489,-0.82668775,-1.831464,1.6257387,-0.042418506,DOG2
DOG2::46_1703__Tumor,-0.7013385,-1.4970638,2.9309242,-0.3882475,-1.7154825,-0.8743967,DOG2
DOG2::47_1709__Tumor,7.6137953,-2.8500066,-7.2357397,-3.5855386,-3.386802,1.841652,DOG2
DOG2::47_2321_tumor,2.252782,2.307014,1.200797,-1.1798862,-1.3786016,0.09773238,DOG2
DOG2::48_0705_tumor,0.83874255,2.5316875,-0.0517162,1.412228,1.1430118,-2.4714918,DOG2
DOG2::48_1712__Tumor,2.1124027,-0.1994798,0.045541253,2.2425067,2.062584,1.842416,DOG2
DOG2::49_1803__Tumor,2.3694942,2.6324344,-0.4367294,1.6510748,-1.6716002,0.35875767,DOG2
DOG2::49_1903_tumor,-2.85197,3.058169,-2.858722,1.4771538,0.24529599,-1.3688707,DOG2
DOG2::4_0214__Tumor,-1.3609385,-0.93683493,0.46903652,-2.7388883,-0.2816601,0.47093353,DOG2
DOG2::4_0215_Tumor,-4.2458663,0.0053939903,1.0457612,-2.9716787,-2.3761663,-1.9502901,DOG2
DOG2::50_0703_tumor,-0.4763101,0.27113736,1.2441319,1.5532789,1.8832762,-1.7350051,DOG2
DOG2::50_1805__Tumor,-0.8586607,0.6863947,2.7408102,0.5035673,0.73412055,-1.413101,DOG2
DOG2::51_0803_tumor,3.3002834,0.929129,-1.253881,1.3477795,0.17569265,-1.5859716,DOG2
DOG2::51_1902__Tumor,0.8537937,-1.7450811,-4.0337048,1.1381854,1.67157,-1.0815045,DOG2
DOG2::52_2006__Tumor,1.9309329,1.9417832,-0.30760184,1.4579912,-0.78501076,-1.6198888,DOG2
DOG2::52_2317_tumor,0.010938972,1.3237195,-3.0537322,-0.49678552,4.049555,2.5439417,DOG2
DOG2::53_0717_tumor,-1.100967,-0.7882713,0.53496546,2.0225892,-1.326629,1.671317,DOG2
DOG2::53_2011__Tumor,-2.8266685,-0.9774024,1.8938498,1.0229799,0.74004275,-0.2378446,DOG2
DOG2::54_1013_tumor,-1.1060032,-3.2754776,-1.9524524,1.7226287,4.2706785,2.351225,DOG2
DOG2::54_2303__Tumor,0.0043029375,4.2081347,-2.2612169,2.55931,-1.067918,-1.3918597,DOG2
DOG2::55_2307_tumor,3.1347444,1.4514892,0.1228471,0.88635415,-0.69963634,-2.5064309,DOG2
DOG2::55_2308__Tumor,0.2544074,2.3923774,-3.818602,1.4637266,-1.1238227,-1.5030326,DOG2
DOG2::56_1001_tumor,0.7228037,-3.2272515,3.0532227,-2.1572273,-3.1654172,-0.03922836,DOG2
DOG2::57_0709_tumor,-2.3757617,-3.8628526,1.3745048,-0.6019782,0.22729123,1.06808,DOG2
DOG2::58_1104_tumor,-3.7464707,0.2653381,3.6667862,-0.6717733,-0.80144167,-3.1623864,DOG2
DOG2::59_1003_tumor,-2.5377624,2.712628,0.50589025,-1.8921838,-1.2983707,-0.22650114,DOG2
DOG2::5_0220__Tumor,1.4113885,-0.8055501,-1.5509729,-3.2678246,2.364103,-1.5763853,DOG2
DOG2::5_0817_Tumor,-2.5056617,1.5272061,1.7634346,0.7577994,-3.01002,-1.1200917,DOG2
DOG2::60_1415_tumor,-0.38712886,-0.45112723,2.7713623,-0.6504086,0.3927043,-0.7097763,DOG2
DOG2::61_1005_tumor,-3.3560438,-1.1267895,1.0984993,0.83015025,-2.164285,4.2818036,DOG2
DOG2::62_2003_tumor,-0.5184453,-3.0403407,2.1133435,-0.13171214,0.48045066,-0.84013945,DOG2
DOG2::63_1411_tumor,-6.797518,-1.8009952,2.221668,-0.8267269,-1.655525,-1.2215619,DOG2
DOG2::64_1009_tumor,-5.6631293,-2.0295703,1.2057292,-2.3609033,-3.2595115,0.06668785,DOG2
DOG2::65_2009_tumor,-3.067989,-1.3085698,1.5212121,-1.9047167,-3.3360734,-0.23356476,DOG2
DOG2::66_0206_tumor,4.732932,-0.35144383,-2.6249478,2.181415,2.9617682,0.7939227,DOG2
DOG2::67_1909_tumor,5.0553885,0.87537223,-0.71000123,-0.31468427,0.6081288,0.27397814,DOG2
DOG2::68_0210_tumor,3.1323285,4.340843,-2.351947,-0.21477188,0.026990766,-0.13720404,DOG2
DOG2::69_0222_tumor,-0.75417954,-0.6256569,-1.2809461,0.08867503,4.1110873,-0.21806192,DOG2
DOG2::6_0305__Tumor,-4.2071376,0.62189966,1.3674545,0.6404772,-2.433523,-2.5931723,DOG2
DOG2::6_1012_Tumor,-4.8598814,-0.051838618,-2.9508383,3.931988,-0.032864626,2.8706656,DOG2
DOG2::70_0225_tumor,3.0137587,-0.30871436,0.5120481,-0.8114325,1.3563652,-1.1117442,DOG2
DOG2::71_0643_tumor,0.82853866,-0.119925894,1.0164524,-0.03989054,3.3643742,-1.1705871,DOG2
DOG2::72_0732_tumor,4.0836735,-1.4092109,-1.7681233,3.1980195,-1.6626939,2.4082792,DOG2
DOG2::73_0813_tumor,-0.994245,-0.97383255,1.6329244,1.4620264,0.6523859,0.7976851,DOG2
DOG2::74_0815_tumor,1.1939534,-0.88883364,0.13545324,-0.258694,2.0662103,-0.03444512,DOG2
DOG2::75_0819_tumor,0.50536,0.35071674,-2.0986834,0.30670366,0.85774803,2.2525442,DOG2
DOG2::76_1106_tumor,3.718276,3.2226975,-0.007822794,-1.1167122,-1.6753532,-0.53761744,DOG2
DOG2::77_1417_tumor,3.034115,-3.3800883,-0.45130068,-0.45371082,1.906408,3.2768524,DOG2
DOG2::78_1419_tumor,0.86542445,-1.8453288,-0.36054623,3.9160964,-0.8024356,2.8676453,DOG2
DOG2::79_1713_tumor,2.5164356,-0.47272977,-2.5093706,1.520744,2.3646889,2.5376196,DOG2
DOG2::7_0309__Tumor,0.11849682,-0.54250365,1.3032422,-1.8681132,1.4948492,-2.2593555,DOG2
DOG2::7_1022_Tumor,-7.433994,-1.444676,1.4998214,-2.0809555,-1.4974228,-0.0795384,DOG2
DOG2::80_1806_tumor,3.2417874,1.0900589,-0.21107647,-1.4990866,2.6563334,-1.7321573,DOG2
DOG2::81_1904_tumor,0.3905396,5.368859,-2.6173894,-0.3737551,-1.4038466,-0.38956782,DOG2
DOG2::82_1905_tumor,-1.5694635,-0.7155812,-0.47815412,2.630954,-0.93987244,-3.3655655,DOG2
DOG2::83_1907_tumor,-0.69000596,-1.7479923,2.0040648,-0.050420165,1.7024317,-0.10213383,DOG2
DOG2::84_1908_tumor,3.2523544,3.5217698,0.33750156,-1.2917243,1.7038523,-0.13778739,DOG2
DOG2::85_2205_tumor,-0.055359304,0.27261442,1.5295506,2.614929,-1.5329989,1.0675457,DOG2
DOG2::86_2215_tumor,0.6910932,-0.94338465,1.299331,-2.4506295,1.0850427,1.8286022,DOG2
DOG2::87_0204_tumor,2.6970968,-1.8018633,0.5298911,0.9671084,-0.5651377,1.6733751,DOG2
DOG2::88_0712_tumor,-4.9424605,-0.17374589,1.0164194,-3.1764688,-1.2861384,0.02568917,DOG2
DOG2::89_0216_tumor,1.6393377,1.9300334,-0.4589941,-1.8686115,0.1970598,0.24309106,DOG2
DOG2::8_0335__Tumor,3.5915632,4.5302153,-4.414023,-0.25023574,-1.8647141,-0.073386684,DOG2
DOG2::8_2202_Tumor,-3.5503728,1.7578814,1.6496874,0.5686576,-0.62027514,-1.4054211,DOG2
DOG2::90_0224_tumor,1.0911181,-0.53015274,1.3044488,0.9029263,1.3527877,0.30652404,DOG2
DOG2::91_0402_tumor,-2.6011498,0.45901996,2.931909,0.70396185,0.36177438,-2.775859,DOG2
DOG2::92_0404_tumor,0.19256885,1.0812224,0.7255338,-0.48755223,-3.2517245,-1.3868638,DOG2
DOG2::93_0406_tumor,-0.4253748,3.0543911,0.09081488,-1.8004469,0.7963764,-1.1196251,DOG2
DOG2::94_0410_tumor,-0.8006395,-3.135549,1.5220761,0.74505806,2.3498256,1.843043,DOG2
DOG2::95_0411_tumor,2.5991802,0.282559,-1.1601886,3.471686,1.4166621,2.0408204,DOG2
DOG2::96_0606_tumor,-0.12335189,-0.29691002,-0.13072963,-1.3840666,-0.80937463,-2.0176816,DOG2
DOG2::97_0618_tumor,-2.641423,-4.2316823,1.865572,0.6162776,-0.9794423,1.1256939,DOG2
DOG2::98_0306_tumor,-0.41737667,-1.4170002,2.7861667,-0.8984306,0.50204116,0.04408352,DOG2
DOG2::99_0318_tumor,-1.2559838,-1.9553446,-1.1212823,0.85662466,-3.3140788,1.122942,DOG2
DOG2::9_0510__Tumor,4.9995413,-2.260905,-1.282306,-0.46330252,-2.3566384,-0.21323724,DOG2
DOG2::9_2312_Tumor,-1.2784139,0.17552792,-0.93941945,1.2939527,2.8237095,0.65116644,DOG2
TARGET_OS::TARGET-40-0A4HLD,-2.6345944,0.66475827,-0.24351253,-1.3787147,0.17886598,0.36900586,TARGET_OS
TARGET_OS::TARGET-40-0A4HMC,2.0062115,-1.8958293,-2.5288222,-0.52363765,1.4744606,-0.98150414,TARGET_OS
TARGET_OS::TARGET-40-0A4HX8,0.460271,0.37265235,2.8187869,0.76883113,0.5631815,-0.58153033,TARGET_OS
TARGET_OS::TARGET-40-0A4HXS,0.32649484,0.5559498,0.25316182,1.4538487,-1.8476466,0.7884038,TARGET_OS
TARGET_OS::TARGET-40-0A4HY5,-0.67190266,2.320121,1.3724632,-1.1571608,0.029966451,1.0943266,TARGET_OS
TARGET_OS::TARGET-40-0A4I0Q,-0.5187101,3.1103303,0.42536616,1.0465974,-0.85582286,-0.1447659,TARGET_OS
TARGET_OS::TARGET-40-0A4I0S,5.7286177,1.3989539,-3.246014,0.6180107,4.053104,0.63015115,TARGET_OS
TARGET_OS::TARGET-40-0A4I0W,-1.196419,2.9418147,-3.0625443,-1.2893713,0.29230538,0.477446,TARGET_OS
TARGET_OS::TARGET-40-0A4I3S,0.6631578,2.33581,0.5544736,-0.36690643,-0.998471,-0.084587336,TARGET_OS
TARGET_OS::TARGET-40-0A4I42,-0.31519988,-2.8864744,0.5755585,1.3098507,0.40084374,-1.0742159,TARGET_OS
TARGET_OS::TARGET-40-0A4I48,3.7225547,0.16733675,0.1924461,1.567812,-0.39771035,-0.39640516,TARGET_OS
TARGET_OS::TARGET-40-0A4I4E,-3.2443125,3.09292,0.7915403,1.2165097,-0.40289256,-0.04974361,TARGET_OS
TARGET_OS::TARGET-40-0A4I4M,2.906407,-1.0436237,-1.5928215,0.31887677,-0.40989944,0.06196994,TARGET_OS
TARGET_OS::TARGET-40-0A4I4O,0.78926456,1.3680924,2.4415932,-0.31239522,-0.31741667,-0.06978323,TARGET_OS
TARGET_OS::TARGET-40-0A4I5B,3.960517,-0.21937424,3.0745997,1.0714961,-0.37681928,-0.2546909,TARGET_OS
TARGET_OS::TARGET-40-0A4I65,-0.711588,0.0994182,0.9747893,0.4201725,1.293543,-0.96282995,TARGET_OS
TARGET_OS::TARGET-40-0A4I6O,-1.8306326,4.2575774,0.09640071,-0.4543262,-0.30339774,0.935818,TARGET_OS
TARGET_OS::TARGET-40-0A4I8U,0.9022856,-0.8267281,-1.3199159,0.48122534,0.73037744,-1.1283585,TARGET_OS
TARGET_OS::TARGET-40-0A4I9K,1.3888792,0.11498596,0.094931714,2.0463262,2.7477643,1.7221854,TARGET_OS
TARGET_OS::TARGET-40-PAKFVX,-2.1034837,-4.873218,-2.9621391,-1.6093509,3.2172742,-0.030300114,TARGET_OS
TARGET_OS::TARGET-40-PAKUZU,-1.3807718,-0.8321166,-0.7437722,1.2425996,-0.643488,-0.24610727,TARGET_OS
TARGET_OS::TARGET-40-PAKXLD,-4.3152666,1.7607248,0.39615142,-0.04649346,-1.5844297,-0.31874242,TARGET_OS
TARGET_OS::TARGET-40-PAKZZK,0.76967967,-0.20954216,-0.73779476,1.5465555,-1.9493774,-0.3334878,TARGET_OS
TARGET_OS::TARGET-40-PALECC,0.048804324,-1.7852786,-1.6009476,-0.821347,2.6779423,0.2489605,TARGET_OS
TARGET_OS::TARGET-40-PALFYN,2.4711058,2.2408047,-1.4822515,-0.5283268,0.12131726,0.6842524,TARGET_OS
TARGET_OS::TARGET-40-PALHRL,-1.5353652,-3.0050418,-3.0484533,-2.7892025,-0.27407768,-0.72569585,TARGET_OS
TARGET_OS::TARGET-40-PALKDP,-3.1248326,-1.1535075,1.8964181,-0.26560763,-1.7798886,0.5780816,TARGET_OS
TARGET_OS::TARGET-40-PALKGN,2.0074542,0.2465638,-2.7643287,-0.9847171,-0.84637034,-0.5236737,TARGET_OS
TARGET_OS::TARGET-40-PALWWX,0.8153488,3.2536814,0.33454236,-2.638446,-0.22320934,0.9963074,TARGET_OS
TARGET_OS::TARGET-40-PALZGU,1.6280113,-1.6974081,2.0242653,0.37164837,-1.1752424,0.36086467,TARGET_OS
TARGET_OS::TARGET-40-PAMEKS,-1.4825184,5.3253508,1.6193794,-1.1643804,1.1360023,1.6364913,TARGET_OS
TARGET_OS::TARGET-40-PAMHLF,0.13103917,2.2481956,1.8491161,1.7153515,-1.4719368,0.3659938,TARGET_OS
TARGET_OS::TARGET-40-PAMHYN,0.49377203,-0.785238,-1.4423909,-0.2392804,-1.433361,-0.2974682,TARGET_OS
TARGET_OS::TARGET-40-PAMJXS,0.69026333,-0.54068804,2.4808152,0.35662797,3.5596068,0.2985704,TARGET_OS
TARGET_OS::TARGET-40-PAMLKS,-4.4834957,-3.8594906,-3.4008355,-3.2685168,-3.2433817,-1.604141,TARGET_OS
TARGET_OS::TARGET-40-PAMRHD,1.3756152,-2.2194228,0.394025,1.1358575,0.9705847,-1.0542912,TARGET_OS
TARGET_OS::TARGET-40-PAMTCM,-5.1331983,1.8976498,1.6345952,-1.4315622,-0.7071176,0.32050017,TARGET_OS
TARGET_OS::TARGET-40-PAMYYJ,-0.32409862,-1.2469004,0.2804308,0.872675,0.48308545,-0.94313914,TARGET_OS
TARGET_OS::TARGET-40-PANGPE,0.6974097,1.2246459,1.6399715,0.8168634,2.0498052,0.019598212,TARGET_OS
TARGET_OS::TARGET-40-PANGRW,-0.4386789,0.12587942,-2.8794043,-0.08379896,2.5316455,-0.94340724,TARGET_OS
TARGET_OS::TARGET-40-PANMIG,-1.4036381,3.0922058,-1.3238796,0.35334605,0.52473956,-0.12983191,TARGET_OS
TARGET_OS::TARGET-40-PANPUM,-1.6696721,1.9008869,1.7166812,1.7600745,0.6526806,-0.06696345,TARGET_OS
TARGET_OS::TARGET-40-PANSEN,0.32991147,3.0313323,1.7692441,0.11554581,-1.1914349,-0.11668012,TARGET_OS
TARGET_OS::TARGET-40-PANVJJ,0.7933115,3.9986312,0.25671774,0.5266232,-0.30187872,0.78876054,TARGET_OS
TARGET_OS::TARGET-40-PANXSC,2.72621,-0.99014586,-1.7343647,-0.9719093,-0.57146716,-0.6878101,TARGET_OS
TARGET_OS::TARGET-40-PANZHX,3.1350043,0.03361605,-0.4630198,-0.19422667,2.7830205,0.17755905,TARGET_OS
TARGET_OS::TARGET-40-PANZZJ,0.39110914,0.48741767,-1.5967674,-0.6694091,-1.0758624,-0.99293303,TARGET_OS
TARGET_OS::TARGET-40-PAPFLB,2.123619,-1.057732,3.127087,-1.470918,-1.0090141,-0.76893306,TARGET_OS
TARGET_OS::TARGET-40-PAPIJR,3.3779056,-0.7077491,-1.8399515,-0.5413281,2.2178254,-0.0018564705,TARGET_OS
TARGET_OS::TARGET-40-PAPKWD,-3.2783363,-4.0135703,-0.22934012,-1.4213113,-0.506037,0.08409856,TARGET_OS
TARGET_OS::TARGET-40-PAPNVD,-0.5817499,-1.6052333,1.1563783,0.24021643,-0.7327476,-0.06149624,TARGET_OS
TARGET_OS::TARGET-40-PAPWWC,0.10019062,-3.1341538,-0.32591435,0.9847418,0.60492414,0.14264078,TARGET_OS
TARGET_OS::TARGET-40-PAPXGT,2.299898,-3.075346,-1.7197093,0.16865033,-3.3055866,0.9614945,TARGET_OS
TARGET_OS::TARGET-40-PARBGW,-1.0408108,-3.8467069,-3.7227757,0.20156144,-0.7277356,-0.93879545,TARGET_OS
TARGET_OS::TARGET-40-PARDAX,-0.42220417,-3.3989544,2.353333,0.9649576,-0.8085684,-0.4742957,TARGET_OS
TARGET_OS::TARGET-40-PARFTG,1.5347772,-1.9058582,0.91672593,1.8175035,-2.3641303,-0.21512216,TARGET_OS
TARGET_OS::TARGET-40-PARGTM,-0.8601212,-1.4343783,0.97697085,-0.6548254,4.02276,1.6079377,TARGET_OS
TARGET_OS::TARGET-40-PARJXU,-3.0199187,4.332525,1.0578929,0.66047215,0.104686216,1.2332305,TARGET_OS
TARGET_OS::TARGET-40-PARKAF,-0.6947841,-1.5156168,0.37327063,1.1864989,2.7585027,-0.089129955,TARGET_OS
TARGET_OS::TARGET-40-PASEBY,1.9534918,-1.499637,0.68735725,0.14858381,-0.0054422356,0.79885703,TARGET_OS
TARGET_OS::TARGET-40-PASEFS,-3.8965003,2.0339205,1.7269471,-0.95011944,-2.0318854,-0.24031475,TARGET_OS
TARGET_OS::TARGET-40-PASFCV,5.266939,3.4496498,-0.68237376,-0.65642697,0.22149603,1.1025872,TARGET_OS
TARGET_OS::TARGET-40-PASKZZ,0.07292597,3.3072143,0.59758353,1.0300282,1.5161948,-0.46609294,TARGET_OS
TARGET_OS::TARGET-40-PASNZV,3.6424766,-3.2737613,2.3324587,1.1807672,-0.468995,-0.45583102,TARGET_OS
TARGET_OS::TARGET-40-PASRNE,2.8561604,-1.284196,0.9031037,1.0102419,0.6308607,-0.19779436,TARGET_OS
TARGET_OS::TARGET-40-PASSLM,-1.6302251,0.67973983,2.9480057,-0.40021738,1.2841336,-0.48550838,TARGET_OS
TARGET_OS::TARGET-40-PASUUH,1.8223898,-3.7012665,-2.1917882,-2.2229705,-3.318506,-0.957721,TARGET_OS
TARGET_OS::TARGET-40-PASYUK,6.317272,1.4333979,-0.72394353,0.27729648,-0.7983534,0.43869707,TARGET_OS
TARGET_OS::TARGET-40-PATAWV,-1.1925254,3.6351593,1.5848881,-2.3830628,-0.45594138,2.1278546,TARGET_OS
TARGET_OS::TARGET-40-PATEEM,0.29971328,0.3561229,1.0960025,1.9490399,-0.1553437,0.37747,TARGET_OS
TARGET_OS::TARGET-40-PATJVI,1.6608957,1.5821102,-0.83822805,-2.9337192,-1.7340231,2.1972182,TARGET_OS
TARGET_OS::TARGET-40-PATKSS,-4.3445573,0.5179404,1.8500346,0.38117486,-0.9402858,-0.644849,TARGET_OS
TARGET_OS::TARGET-40-PATMIF,4.3516235,0.22080818,0.12710066,-1.1301435,-0.0069227084,0.32938093,TARGET_OS
TARGET_OS::TARGET-40-PATMPU,0.4362621,-3.4392161,2.0385897,0.65508443,0.13705516,-0.68172055,TARGET_OS
TARGET_OS::TARGET-40-PATMXR,0.045353875,-3.294531,2.6975045,1.240785,-1.5186712,-1.0532546,TARGET_OS
TARGET_OS::TARGET-40-PATPBS,1.3869082,0.4428844,1.9938141,0.47606793,3.7843292,0.426433,TARGET_OS
TARGET_OS::TARGET-40-PATUXZ,-1.3729019,-2.5426028,0.42683643,1.2034831,-1.5857334,-0.8440819,TARGET_OS
TARGET_OS::TARGET-40-PAUBIT,0.9675411,3.8290546,-0.306864,0.3404377,-0.65337175,0.44389844,TARGET_OS
TARGET_OS::TARGET-40-PAUTWB,4.0916405,-0.80972975,-0.36654782,1.035122,0.088364854,-0.48223236,TARGET_OS
TARGET_OS::TARGET-40-PAUTYB,-0.05446774,-4.6006083,-2.8940115,-0.04446638,-1.894612,-1.1950322,TARGET_OS
TARGET_OS::TARGET-40-PAUUML,-4.1514316,1.8018785,2.3494103,-0.13769194,-1.2749511,-0.50010103,TARGET_OS
TARGET_OS::TARGET-40-PAUVUL,-2.6104367,-3.8306243,-1.0223607,-1.0145532,-0.35999238,0.15018322,TARGET_OS
TARGET_OS::TARGET-40-PAUXPZ,-4.4184217,-1.877979,-3.5454614,0.23170751,1.0145417,-0.17770061,TARGET_OS
TARGET_OS::TARGET-40-PAUYTT,-6.113795,-0.14497067,-2.3254545,-0.73480076,-1.5100411,0.07009812,TARGET_OS
TARGET_OS::TARGET-40-PAVALD,-6.793803,1.0167997,1.6275475,-0.8923186,-0.9603849,0.5078665,TARGET_OS
TARGET_OS::TARGET-40-PAVCLP,1.9015887,0.64397997,-0.29474467,0.104225166,1.404986,0.21604894,TARGET_OS
TARGET_OS::TARGET-40-PAVDTY,-1.3050234,-1.5060027,-3.5318651,-0.5248285,0.12292987,-0.5314624,TARGET_OS
TARGET_OS::TARGET-40-PAVECB,-1.5678878,4.618959,-2.1719918,0.6808128,1.1241688,0.43517405,TARGET_OS
GSE21257::GSM530667,0.44881907,0.79892004,0.5477307,-0.2513089,3.6506143,0.028015459,GSE21257
GSE21257::GSM530899,-2.9909642,2.256136,-0.006401588,-1.5658689,1.682527,-0.10502471,GSE21257
GSE21257::GSM531283,-4.215239,-2.1073785,2.6292813,0.17501596,2.4903078,0.31457195,GSE21257
GSE21257::GSM531284,-1.7143278,2.6925983,0.7658079,-1.255863,0.026919536,0.6268428,GSE21257
GSE21257::GSM531285,-2.1581073,-3.3407495,0.40471828,-0.13410941,-0.5332797,-0.46160775,GSE21257
GSE21257::GSM531286,-4.111579,2.795748,0.49950463,0.9041572,-1.4490181,-0.8067635,GSE21257
GSE21257::GSM531287,0.8723179,-0.006194255,-0.18618512,1.9898145,0.15443794,-1.1946589,GSE21257
GSE21257::GSM531288,0.46790072,4.012937,-0.09582929,1.0102887,-0.7245333,0.9236659,GSE21257
GSE21257::GSM531289,-2.9976087,-0.47723696,2.2471228,0.6526555,-0.32390374,0.1748003,GSE21257
GSE21257::GSM531290,-5.266866,-4.4112296,2.0740542,-1.3931727,-2.7636354,0.35685536,GSE21257
GSE21257::GSM531291,-0.35452753,-0.15959755,-0.74203926,1.1256266,-0.6280456,-0.41544545,GSE21257
GSE21257::GSM531292,0.5212234,0.17135024,-0.6779664,1.3974417,-2.0220904,0.14628409,GSE21257
GSE21257::GSM531293,0.2935735,-1.330927,0.4799036,1.530063,1.9831414,-1.5000054,GSE21257
GSE21257::GSM531294,-2.4858308,-0.7694741,0.28261188,-1.1572754,-1.55257,-0.7395781,GSE21257
GSE21257::GSM531295,-3.1159818,0.3331056,2.0018377,2.1888044,-1.4430978,-0.7729364,GSE21257
GSE21257::GSM531296,1.0624762,-1.1287031,0.55043,0.17505921,2.6573946,-0.4372979,GSE21257
GSE21257::GSM531297,-0.6780474,3.864592,-0.07549778,1.080988,1.3497094,-0.17324902,GSE21257
GSE21257::GSM531298,-5.7251625,1.4112626,-1.6125854,1.0326586,-1.772068,0.67689466,GSE21257
GSE21257::GSM531299,-3.0568519,2.3072693,1.1974939,-0.1711636,-0.2941676,0.13691282,GSE21257
GSE21257::GSM531300,-2.1653092,-1.5795319,0.09677197,-0.32123467,1.8825547,-0.09753699,GSE21257
GSE21257::GSM531301,-0.30277604,1.0181099,1.8025229,0.010276153,0.61029625,0.52027404,GSE21257
GSE21257::GSM531302,3.3749735,0.96069866,-2.8875232,0.5013735,-1.5467346,0.6881995,GSE21257
GSE21257::GSM531303,4.645211,0.06925696,-2.6544855,-1.9391259,2.4924717,2.3657901,GSE21257
GSE21257::GSM531304,2.1632013,2.4978728,-2.4804103,-1.3898582,0.61813504,0.69642544,GSE21257
GSE21257::GSM531305,4.2016063,2.0483851,-3.3597345,0.71090394,-0.6119406,1.1697187,GSE21257
GSE21257::GSM531306,-0.23139945,-3.8783345,1.0012223,-2.1960325,-1.8982486,0.27360472,GSE21257
GSE21257::GSM531307,2.362369,2.0349715,0.11180422,1.0187864,-0.19455256,0.29231036,GSE21257
GSE21257::GSM531308,-0.11491395,-2.204993,0.05952837,-2.3940852,2.3650773,0.34677342,GSE21257
GSE21257::GSM531309,4.3363786,0.644988,-2.0919454,1.8540199,-1.7091305,0.22247784,GSE21257
GSE21257::GSM531310,2.705398,-2.2558124,0.9145517,0.41050535,-0.26804125,-0.606627,GSE21257
GSE21257::GSM531311,0.09200357,1.3523589,-0.56322944,-2.8386352,4.217401,0.9631506,GSE21257
GSE21257::GSM531312,-1.8789674,-3.7915273,-0.12009199,-0.93542325,0.15147944,0.5050855,GSE21257
GSE21257::GSM531313,2.6215053,1.1201568,-0.21118215,-2.894307,-0.23820269,0.71909744,GSE21257
GSE21257::GSM531314,-0.4728269,1.7334471,0.23254603,0.28176337,-0.9282325,0.21427046,GSE21257
GSE21257::GSM531319,-0.25139597,-2.979872,0.5024361,-0.106401704,0.2447888,0.20451751,GSE21257
GSE21257::GSM531320,2.2184303,0.74056226,-0.5922803,1.4168968,0.41973698,-1.1627498,GSE21257
GSE21257::GSM531321,5.8263555,-0.107028134,-3.1289544,-0.32913765,0.006018141,0.48683393,GSE21257
GSE21257::GSM531322,1.9368054,-3.2097445,1.3694472,1.0036687,0.3331639,0.16483858,GSE21257
GSE21257::GSM531323,2.5446427,2.3742573,-0.5768196,0.5250498,-0.3344107,-0.46261114,GSE21257
GSE21257::GSM531324,2.701897,-1.6342965,-0.045200408,2.3048508,-0.12620169,-1.3535895,GSE21257
GSE21257::GSM531325,-1.3406622,1.7168382,1.6590285,0.46821874,-0.29205593,-0.08095805,GSE21257
GSE21257::GSM531326,0.22497508,-3.1034904,-0.031875905,1.4617395,-0.35689676,-1.0355726,GSE21257
GSE21257::GSM531327,-4.3585715,-4.167883,1.0149593,-0.6823285,-2.3655005,-0.9466508,GSE21257
GSE21257::GSM531328,0.19364545,2.3601837,-1.1439452,-1.6544684,-0.1743528,0.64289266,GSE21257
GSE21257::GSM531329,-6.4204454,-0.9691047,0.96312726,-0.45051685,-1.3182838,-0.03862148,GSE21257
GSE21257::GSM531330,3.7739117,0.1967585,-0.6997859,-0.35561502,0.9260356,0.57135737,GSE21257
GSE21257::GSM531331,-0.79994637,0.6231777,-0.5299338,1.4559641,-0.72440886,-0.7101441,GSE21257
GSE21257::GSM531332,1.629802,2.5017443,-0.06052479,1.2224716,-0.79338163,-0.49627402,GSE21257
GSE21257::GSM531333,2.8807392,1.5370667,-0.6619096,-0.9084018,-0.679864,0.20256391,GSE21257
GSE21257::GSM531334,-0.5174672,0.34481364,0.47781512,0.19785118,-1.2508236,-0.5262578,GSE21257
GSE21257::GSM531335,2.5637794,1.6730659,-0.24022864,-1.059184,-0.9920124,0.3194075,GSE21257
GSE21257::GSM531351,0.850226,-1.6127648,-0.03338833,-1.6709889,1.5484062,0.015247695,GSE21257
GSE21257::GSM531352,0.21161251,-2.9667587,1.6236968,-0.052406996,0.49906898,-0.8455209,GSE21257
