,Factor1,Factor2,Factor3,Factor4,Factor5,Factor6,Factor7,Factor8,Factor9,group
DOG2::100_0514_tumor,-0.9654072,0.48084912,0.19168065,2.0816097,1.3274596,-2.16442,-0.02922341,0.4900147,0.06966284,DOG2
DOG2::101_0518_tumor,2.2620318,0.97086257,-1.200557,0.7506362,1.2068605,-2.390225,-0.08469136,-1.4696738,-0.38440308,DOG2
DOG2::102_0619_tumor,3.585754,-0.12578659,-0.44931003,-0.99156487,-0.5050243,-2.4799497,-0.9101575,-1.2894647,-0.011939004,DOG2
DOG2::103_0639_tumor,0.89052063,-0.1032292,1.5702116,0.45421594,-1.312474,1.340545,-1.6421086,-1.1025276,0.13583131,DOG2
DOG2::104_0702_tumor,-0.14370447,1.6598735,-0.5751935,2.2423246,1.2621784,0.60380244,0.08272233,0.78420013,-0.47994557,DOG2
DOG2::105_0710_tumor,0.24093446,-0.020535257,-0.030820355,0.3204886,-1.041481,-0.36632603,-0.97740346,1.3409637,2.1012073,DOG2
DOG2::106_0716_tumor,-2.85039,1.6029516,0.38546008,-1.1320375,-0.5213227,-0.4212132,-1.8039502,0.4790202,-1.055948,DOG2
DOG2::107_0719_tumor,-4.0215855,-0.8276603,0.47064033,1.1694938,0.46901372,-0.4542914,0.8643276,-0.89534265,1.6529118,DOG2
DOG2::108_0720_tumor,-1.5414445,-1.7618444,-1.0984819,1.5693997,0.19787644,1.4864918,0.9226247,-1.5160166,1.1926986,DOG2
DOG2::109_0721_tumor,1.3103957,0.27939516,-0.050851807,1.712095,0.6737434,2.6566477,-0.17804576,0.31407955,1.206035,DOG2
DOG2::10_0512__Tumor,-0.9248654,1.5026425,-0.4584862,1.0589242,1.0745271,0.28793207,3.4491696,0.9640784,2.9703102,DOG2
DOG2::110_0522_tumor,2.487201,-1.4277587,0.20400257,1.1162759,1.802403,-1.8013493,-1.3867651,0.009100772,0.7125511,DOG2
DOG2::111_1708_tumor,-1.3090723,0.8396618,-0.047969874,-3.141683,0.13899435,-1.574937,-0.86004615,0.3362719,-0.20410323,DOG2
DOG2::112_0502_tumor,0.71108997,-0.406544,0.9160464,1.7090105,-2.7231653,-0.5651594,-0.5435948,0.8507611,2.0442276,DOG2
DOG2::113_1010_tumor,0.09948326,-1.5657024,-2.8538725,-0.14415763,0.72776276,1.8976281,-2.211771,-3.2031906,0.31915852,DOG2
DOG2::114_1704_tumor,1.7076125,1.8538449,0.1702946,-2.0754457,-0.6039073,-2.157756,0.46024695,-1.1174089,-0.97579473,DOG2
DOG2::115_2318_tumor,-0.5735242,-0.62453514,-0.50274813,0.85078233,0.42616642,3.3747554,1.5628387,0.41112757,-0.20016126,DOG2
DOG2::116_0506_tumor,-0.12619713,1.5709734,-0.99444175,-0.15493354,-0.7499522,-0.48989224,-0.37952474,-0.70695263,0.5848577,DOG2
DOG2::117_1011_tumor,-4.7913184,-2.4789863,0.06804602,1.3457791,2.371579,-1.5409119,2.0454516,2.399135,0.22721133,DOG2
DOG2::118_2304_tumor,-2.023077,0.42154035,0.9062117,0.90703064,-2.3715296,-1.7385024,-0.88624805,1.650261,1.5977095,DOG2
DOG2::119_0516_tumor,-2.5513115,-0.58041805,1.2496705,-1.2460928,-0.5214671,-0.9436017,0.61990076,1.6512573,0.87189615,DOG2
DOG2::11_0602__Tumor,-1.5259514,-0.7763064,0.36097062,-0.6475279,0.234006,-0.10743196,-2.013693,-0.96481735,2.0775638,DOG2
DOG2::120_2306_tumor,0.9721433,-0.7588258,0.03488105,-1.1152027,-0.3906772,-1.4946542,-2.045366,-0.60554343,1.7663102,DOG2
DOG2::121_2322_tumor,-1.6270807,-0.5590003,1.6245418,0.6876828,-1.1059577,2.389587,0.6103432,0.31870043,0.36816284,DOG2
DOG2::122_0504_tumor,-3.0047812,-0.63065404,0.021924349,2.3859305,1.0395913,-1.712041,-0.7884056,-1.4284831,2.0911825,DOG2
DOG2::123_2316_tumor,2.471163,-1.0710975,0.28130054,0.50745225,2.638248,0.61628234,-0.613971,-0.63639206,0.811038,DOG2
DOG2::125_2004_tumor,0.11924984,0.13614286,0.7683519,-2.228632,-0.115809165,-0.33658123,2.3238578,0.7685675,1.9368241,DOG2
DOG2::126_0228_tumor,-3.2068589,1.0848151,-1.6197555,-1.6959717,0.30888796,-0.4780174,-1.6024468,-0.27685857,-3.167188,DOG2
DOG2::127_2010_tumor,-1.8214912,-1.6627803,-0.5752323,-1.5476692,-0.008904287,0.99612445,-0.042439606,-0.22784817,1.3516587,DOG2
DOG2::128_1023_tumor,3.332428,-0.5419059,-3.1880171,-1.0418254,-0.8859557,-2.934615,0.6791198,-2.5833504,-0.34195033,DOG2
DOG2::129_1414_tumor,0.38345957,-0.06671402,0.5944242,0.95350343,1.331938,0.59223676,0.6195817,-0.31153437,1.2442595,DOG2
DOG2::12_0608__Tumor,-4.4527216,0.17281929,0.008208255,0.6080476,2.505657,-1.166941,0.28879818,0.8686312,0.35159102,DOG2
DOG2::131_2012_tumor,-0.57490927,-0.19667524,0.41618282,0.11424888,-3.4899528,1.5048258,-0.97812986,2.8377075,-2.4177012,DOG2
DOG2::132_1025_tumor,-5.8929453,1.6101308,-1.1830078,-2.456545,-0.27173945,-1.6578051,0.49584857,-0.6940704,-0.52170223,DOG2
DOG2::133_0907_tumor,2.076151,0.59243864,-0.21119057,-2.5559576,-1.6411268,-0.9704241,3.1047952,0.7524924,-0.7491133,DOG2
DOG2::134_2208_tumor,-0.08703715,-1.2937576,0.2867556,-0.5616855,-0.14287128,-0.68529534,-0.61933523,-0.70684713,2.7733037,DOG2
DOG2::135_0102_tumor,-2.7520983,-0.8940226,1.0455573,3.4136386,0.23588315,0.8660638,-0.3882337,-0.22929786,1.5461679,DOG2
DOG2::136_0105_tumor,0.42914763,-1.7448827,0.5856641,1.1176327,0.6217012,2.0441782,-1.3913581,0.4518272,0.4256659,DOG2
DOG2::137_0106_tumor,3.0643313,-0.50661576,-0.03179169,0.53497237,-3.3226993,0.5628348,-0.30808327,0.3611929,-0.9012775,DOG2
DOG2::138_0314_tumor,-2.0465875,1.889484,-0.89668244,-1.3826528,-4.1552734,0.04662071,-1.6688281,-0.57499987,-0.8084031,DOG2
DOG2::139_0733_tumor,-1.4747404,-1.0141917,-2.7559147,0.32591927,-3.8193188,-1.216554,0.19898878,-2.0330415,0.8888167,DOG2
DOG2::13_0613__Tumor,-4.858039,-1.7028613,0.6884708,-0.13844922,1.7542332,0.3833175,-0.12631087,-2.5531762,0.34472442,DOG2
DOG2::140_0905_tumor,1.9599613,1.7885119,-2.136948,-2.5440443,-2.2659032,-1.9178115,1.4528006,-0.7669925,-0.253093,DOG2
DOG2::141_1707_tumor,1.5275806,0.07332115,1.4175572,2.5165734,-3.0189588,-1.1516416,0.054375425,1.2954297,-1.2031018,DOG2
DOG2::142_1710_tumor,0.036746148,1.6851094,-0.085852526,-0.6026166,0.5214021,0.7186516,-0.8294999,-0.5393521,0.04420854,DOG2
DOG2::143_1916_tumor,2.1051111,1.5309104,-1.1682482,-1.0526619,-0.28010416,-2.22645,0.5104823,-2.8163445,0.8254802,DOG2
DOG2::14_0614__Tumor,5.9110575,-2.4024236,-1.1578851,-0.13096675,1.6561763,0.42406884,-0.27091643,-1.0145812,-0.09845362,DOG2
DOG2::15_0615__Tumor,2.3010519,0.21890855,0.6008628,-0.06736972,0.87002444,1.2376044,0.61657524,0.8804285,-0.46718192,DOG2
DOG2::16_0211_tumor,-1.035479,0.99064046,-0.6641754,-0.21731973,-3.0391483,-1.505712,2.8709364,-0.60953933,1.0683057,DOG2
DOG2::16_0616__Tumor,-0.21280429,1.7541012,-1.1101042,-0.41418767,0.43692106,-1.3489468,-0.16232006,-0.615314,-0.9756688,DOG2
DOG2::17_0226_tumor,0.054378353,-1.0939003,0.78989375,1.6221855,2.063581,1.271618,-1.5919122,0.9196409,-0.52254814,DOG2
DOG2::17_0620__Tumor,0.41453287,-0.43648762,0.5370198,1.4528811,0.469997,-0.7713426,-0.8417946,-0.4685904,0.36538804,DOG2
DOG2::18_0301_tumor,-1.5372573,-0.7448166,-4.6370587,0.68078387,0.1729926,0.38999218,0.9998504,-2.7055068,-2.8983684,DOG2
DOG2::19_0303_tumor,-1.8347888,-0.8834038,-0.8079421,-1.8488158,3.504471,-1.5906607,-0.41934177,-1.4516453,0.19474776,DOG2
DOG2::19_0621__Tumor,-1.8872563,-1.3770698,1.2572068,-0.112468675,1.346086,-1.4627541,-0.41198677,2.3211086,-0.31346008,DOG2
DOG2::1_0201_tumor,-0.49338266,0.061037548,1.354172,-3.4080367,1.8691379,-0.28161412,1.1229548,1.627208,0.15904327,DOG2
DOG2::1_0202_tumor,-0.38360748,0.31004015,2.421406,-0.11030702,-2.7306218,-1.398208,0.614792,1.2089378,0.6431137,DOG2
DOG2::20_0307_tumor,2.123828,2.596897,-1.3186809,-3.2542286,-2.0966935,-1.2433207,3.314035,-0.7234014,-1.362516,DOG2
DOG2::21_0311_tumor,6.1878,-0.46931884,-2.430836,-1.6369013,-0.7090431,-1.3060849,-0.15991247,0.31587332,-0.95014256,DOG2
DOG2::21_0631__Tumor,-0.8663745,0.32440436,0.7117966,0.92949206,0.81964684,1.2916611,1.7134457,-0.44849506,1.6479352,DOG2
DOG2::22_0317_tumor,4.244067,-0.06535183,0.09027081,-1.6202849,0.5321274,-1.1695693,-0.9156778,-0.51648355,-0.0051446785,DOG2
DOG2::22_0640__Tumor,-1.2499608,-0.9418762,1.8996512,1.0845587,1.6516255,-1.0766354,-1.1467682,1.5748818,-0.3891032,DOG2
DOG2::23_0329_tumor,1.1271185,0.34201425,-1.4782364,3.4119,1.1616321,-0.945691,0.8591086,-0.4070193,1.3204007,DOG2
DOG2::23_0642__Tumor,2.430004,-0.9934395,1.4769868,-0.9103232,2.107045,0.59868866,0.10351989,1.0694803,-0.058889627,DOG2
DOG2::24_0405_tumor,-0.46703824,2.1999564,-1.845771,-0.56389415,0.7076706,-2.3218164,-0.5980022,-1.8484303,-0.65158224,DOG2
DOG2::24_0704__Tumor,-2.2766342,0.9897368,1.0729738,-0.64949775,-1.20472,1.1587583,2.855991,-0.62863123,1.8848001,DOG2
DOG2::25_0505_tumor,-0.04317975,1.5411215,-2.982932,0.93280154,-0.11641529,-0.69578147,0.68533355,-1.5402193,-1.9674181,DOG2
DOG2::25_0706__Tumor,2.3794463,-0.004760949,1.374483,-0.54835165,0.645908,1.5164382,-0.8329601,-0.10514464,0.36207688,DOG2
DOG2::26_0509_tumor,2.0150864,0.30019635,0.25665832,1.2340953,1.0500627,-1.3646805,-0.32798153,0.393049,0.17831394,DOG2
DOG2::26_0722__Tumor,-0.07435789,-0.9006183,0.21131589,-1.1214651,0.9831243,-0.4635943,0.46701112,0.08667459,0.12259441,DOG2
DOG2::27_0511_tumor,0.8104169,0.43214327,0.5032564,1.1257839,0.08186008,1.3490623,0.78139126,0.345236,0.029178333,DOG2
DOG2::27_0723__Tumor,-0.034658615,0.7542358,1.2681553,-0.060380444,-0.46801394,3.6144059,-1.3047976,-0.9967497,-1.0128249,DOG2
DOG2::28_0513_tumor,0.8957849,-0.6880212,0.9379268,-0.711195,0.39316386,-1.0912205,-1.6627412,0.82378066,-1.757257,DOG2
DOG2::28_0725__Tumor,-3.0714092,0.95637906,0.9643208,0.80301577,1.9154265,-0.51254255,0.46264377,0.3719444,0.5781103,DOG2
DOG2::29_0515_tumor,0.57362366,1.3068788,0.4087302,0.72692484,0.99683565,-0.53743243,2.2746072,2.9088554,0.35076144,DOG2
DOG2::29_0729__Tumor,-1.3148398,-0.61816514,0.64828914,4.0216084,-2.729211,3.5689387,-1.9348409,-0.85766304,-2.5875895,DOG2
DOG2::2_0203_Tumor,2.9479861,-4.8474903,-1.8155606,-2.128423,3.282647,0.78370124,-0.41113347,1.9528462,-0.21742466,DOG2
DOG2::2_0209__Tumor,-2.7080586,-0.55347544,0.91031355,1.6637114,0.60770965,-0.2621184,0.6006213,1.3564073,1.2264714,DOG2
DOG2::30_0517_tumor,-1.1901046,-1.220384,0.8782805,0.657709,0.86823183,-0.6445759,-0.27196163,1.0311934,0.7681044,DOG2
DOG2::30_0814_RNAla_Ter__tumor,-0.7450463,0.047619928,0.43811005,1.6113018,0.34649235,2.9445724,-0.9286887,-0.18708804,0.69398797,DOG2
DOG2::31_0519_tumor,1.7264174,0.8387834,-0.1328857,-0.3354017,-2.459542,2.19712,0.2525508,0.16891527,1.036739,DOG2
DOG2::32_0523_tumor,4.0501575,0.8512918,-0.72360307,-1.6867903,-1.0988408,-1.2836736,-1.2655871,-0.7689338,-0.93637705,DOG2
DOG2::32_0904__Tumor,-1.8648906,0.6897349,1.9417114,0.76937014,-0.33495468,-1.4114588,-0.2064351,0.15613545,-0.6326055,DOG2
DOG2::33_0524_tumor,2.195382,1.5582528,0.62038875,1.9953372,-2.2665935,-0.46458414,1.222819,-0.4843338,-0.8016193,DOG2
DOG2::33_1002__Tumor,1.0860772,-2.3816164,0.37391177,0.881932,1.0066512,3.6224015,-0.94999284,-0.09578242,0.36020645,DOG2
DOG2::34_0601_tumor,1.5369495,-0.0024434282,2.113484,0.15112813,-3.0216124,3.4139898,-0.66785985,0.84751785,-1.4992181,DOG2
DOG2::34_1004__Tumor,0.8074504,1.4192832,0.6160862,0.786207,0.31617713,1.1439089,0.21052602,-0.22022666,-0.8561475,DOG2
DOG2::35_0603_tumor,5.4469676,-3.245224,-2.052861,-0.6571774,2.3326206,1.3256781,-0.08636993,-1.9813775,0.72995913,DOG2
DOG2::35_1007__Tumor,-1.4764268,-1.5529019,0.41764042,0.9817208,1.6752387,0.6397205,0.6407004,0.68003213,0.15975133,DOG2
DOG2::36_0607_tumor,-1.1359229,0.38387063,0.5001985,-0.82816565,1.8625985,-0.89117914,0.8950835,2.014208,-0.39542118,DOG2
DOG2::36_1014__Tumor,2.644541,-1.3119642,-0.23774669,4.537013,2.0231495,0.25994208,1.4418908,1.8938406,0.24128784,DOG2
DOG2::37_0625_tumor,5.257773,-0.9854627,-2.5778334,-0.5139329,-0.3645918,-0.6286347,-0.97030705,-0.495946,-2.4516013,DOG2
DOG2::37_1015__Tumor,2.4396272,-0.8497976,0.5442965,-0.7692617,2.0499532,0.04087599,1.7508934,-0.79432255,1.4297292,DOG2
DOG2::38_0630_tumor,-1.2972671,1.4360994,-2.0268223,-2.7414663,0.22259447,0.4177757,-0.743831,2.6387277,-1.0899867,DOG2
DOG2::38_1016__Tumor,-3.4001062,0.6192234,0.76388633,0.19196051,0.6573248,-1.6456205,-1.4796898,0.3108217,-0.28041485,DOG2
DOG2::39_0701_tumor,-0.7305778,0.6908113,1.0891572,1.515334,-1.2970845,4.4458957,0.5701093,-0.5625138,-0.24068312,DOG2
DOG2::39_1103__Tumor,-4.286682,0.17367497,1.0933907,-1.8996336,-1.5117227,-0.9299601,-2.401025,-1.4801829,-0.1294299,DOG2
DOG2::3_0207_Tumor,3.7519612,-1.036815,0.91658914,0.24665768,-0.37142614,3.906698,0.41349033,0.07948728,-0.51036334,DOG2
DOG2::3_0212__Tumor,0.025987495,0.6797893,1.650557,0.9008766,0.8589266,-0.33996728,1.4002078,1.7582067,0.55338377,DOG2
DOG2::40_1101_tumor,1.9775823,1.8016316,-0.44709036,2.3688366,-0.67017794,-0.7496929,1.3839469,-0.455645,0.7676869,DOG2
DOG2::40_1107__Tumor,2.2474828,0.19667494,2.061633,0.4429238,-1.3775733,4.2039204,-1.2543676,0.27556673,-1.3220863,DOG2
DOG2::41_1407__Tumor,-0.45015642,2.2615495,-0.96335024,-3.4626532,-1.9983658,-1.7939056,2.2481983,0.20729837,-0.07882989,DOG2
DOG2::41_2007_tumor,-3.797391,0.41542515,-0.78982854,-3.0335464,-0.698451,-1.0893106,1.7322725,1.15219,0.2990216,DOG2
DOG2::42_0715_tumor,1.1447694,-3.1717427,-1.6761737,-0.29385626,0.67325866,0.88627654,0.29896128,-0.32356513,-0.60040635,DOG2
DOG2::42_1409__Tumor,-3.3580935,1.3233453,-0.80178726,-0.7255376,0.66078925,-0.21814571,-1.2117233,-1.7343904,-0.053408746,DOG2
DOG2::43_1401_tumor,2.2488606,0.21961656,-0.63520366,1.46837,1.0206636,0.96553797,-0.48002368,0.53421503,0.2369581,DOG2
DOG2::43_1410__Tumor,-4.7900023,0.29303128,-0.28569087,-2.3023467,-3.1572378,-1.413352,-1.269502,0.66876763,0.9164853,DOG2
DOG2::44_0713_tumor,3.2421706,0.9469467,0.6986741,-0.319444,-0.5250624,2.772097,1.9895431,0.13192745,-0.11784132,DOG2
DOG2::44_1412__Tumor,-3.790037,0.77683437,-0.26862928,-2.208289,2.652333,-1.0132152,-1.1845613,0.31422508,0.18985666,DOG2
DOG2::45_1024_tumor,-1.8106498,2.0252147,1.0272899,-0.4676231,-1.238393,1.0596907,2.0106394,-1.2006665,0.16226538,DOG2
DOG2::46_1405_tumor,4.249472,-1.7850553,-0.7540613,2.5986826,1.0711219,-0.5868637,0.4180051,0.08949116,0.7443928,DOG2
DOG2::46_1703__Tumor,-1.3048733,-1.2789623,0.93111634,-0.805482,2.0040233,0.20631696,-2.4643962,0.8645656,1.1221297,DOG2
DOG2::47_1709__Tumor,7.507411,-4.906437,-4.7999425,-0.82700276,-2.6161654,-0.17566727,0.6706942,0.51871324,-0.9804802,DOG2
DOG2::47_2321_tumor,1.813431,0.35685056,-1.3275516,-1.5448403,1.4007785,-0.91072696,-0.80809426,0.35786474,-1.5740683,DOG2
DOG2::48_0705_tumor,0.5752664,2.0876422,1.3468245,-0.20410928,-0.31620336,-2.4275637,0.09012211,0.21420006,-1.3752857,DOG2
DOG2::48_1712__Tumor,2.1869667,1.1315237,0.93120223,1.477168,-0.25160253,2.1378844,1.2208347,1.0936491,-0.18250239,DOG2
DOG2::49_1803__Tumor,2.8278434,0.9211125,0.55269533,-2.725331,-0.22770008,-0.20371875,2.6740353,-0.41780972,-0.4876442,DOG2
DOG2::49_1903_tumor,-2.1192045,2.4904587,0.1760845,-1.3220475,-3.1831403,-1.6954811,0.46316472,-0.7574304,-0.4742543,DOG2
DOG2::4_0214__Tumor,-0.83089674,-1.7321076,-1.7960299,0.41919452,0.913675,0.06393025,1.1072131,-0.7073923,1.2031977,DOG2
DOG2::4_0215_Tumor,-4.4246325,-1.4628941,-1.6954465,-1.5551741,0.64731896,-2.0500824,-1.5500472,0.025360975,-0.14928707,DOG2
DOG2::50_0703_tumor,-0.8155981,1.2420541,1.693782,1.0610758,0.28082427,-0.739219,-0.019010294,1.2686108,0.1502089,DOG2
DOG2::50_1805__Tumor,-1.0418149,0.5790237,1.1729695,0.3448939,1.8269457,-1.0206645,-0.26378146,1.4473269,0.86177343,DOG2
DOG2::51_0803_tumor,2.7329886,0.84655476,1.876036,-0.51216024,-1.0086954,-1.4103916,-0.307585,-0.6947082,-0.8610855,DOG2
DOG2::51_1902__Tumor,0.78409916,-0.9217012,-0.065497965,2.2449446,-3.056111,-0.67496747,0.63459986,2.3019805,-1.9763094,DOG2
DOG2::52_2006__Tumor,1.8506814,0.75142765,1.1155332,-1.5221138,-0.49108484,-1.7351847,1.336016,0.2165079,-0.71677214,DOG2
DOG2::52_2317_tumor,0.8394019,2.5125344,-2.1429303,3.0556228,-1.8056284,1.4355607,0.7953047,-1.2680249,-1.4489502,DOG2
DOG2::53_0717_tumor,-0.60875577,-0.15912749,1.43507,-1.2650682,-0.74623334,2.569415,0.23415665,-0.8746865,1.4158168,DOG2
DOG2::53_2011__Tumor,-2.6368139,0.059376176,1.8245809,0.55457795,0.31378797,0.5642039,0.38292342,0.43015474,0.8549993,DOG2
DOG2::54_1013_tumor,-0.49588177,0.4209,0.7233686,4.4469385,-2.061453,2.5342777,-0.17097959,-0.39501318,-1.2596476,DOG2
DOG2::54_2303__Tumor,-0.013967503,2.805358,0.7324217,-2.568715,-2.9832513,-1.6744317,0.5708986,0.047300044,-1.8123311,DOG2
DOG2::55_2307_tumor,2.3857753,0.7081183,0.75802547,-1.3633773,-0.016191717,-1.8481544,-1.4270545,1.6608264,-0.04494481,DOG2
DOG2::55_2308__Tumor,0.8339916,0.929334,-0.2497088,-2.1228373,-3.5580814,-1.5038161,1.6485386,0.6976686,0.13161726,DOG2
DOG2::56_1001_tumor,0.34520504,-3.929458,0.09358347,-1.303441,3.173641,0.25774947,-0.9049998,-1.1575596,0.07224229,DOG2
DOG2::57_0709_tumor,-2.2276773,-2.9508286,0.4033377,1.4503472,0.713159,1.6905997,1.0487181,-0.03755516,-0.11363033,DOG2
DOG2::58_1104_tumor,-4.2652664,-0.49347678,0.15517277,-0.79317766,2.7116072,-2.0492885,-0.42202604,1.6849259,0.3001247,DOG2
DOG2::59_1003_tumor,-2.4991832,1.2208347,-1.3397118,-1.7908305,0.077423975,-1.3715911,-1.8304474,-1.7100229,-0.12797238,DOG2
DOG2::5_0220__Tumor,0.8170505,-0.30578327,-1.8981327,3.0446284,0.045708675,-2.2367501,-2.4574137,-0.22473694,0.5757114,DOG2
DOG2::5_0817_Tumor,-2.0738492,-0.18263124,1.5966724,-3.4410284,0.38369614,-0.84824574,0.84278995,-0.8040497,0.7123664,DOG2
DOG2::60_1415_tumor,-0.5653767,-0.29666114,1.368197,0.29454324,1.9552714,-0.8252239,0.14446624,-0.9610037,1.0449092,DOG2
DOG2::61_1005_tumor,-2.3319564,-0.5188831,-1.0658895,-1.3470222,-0.049631424,5.282334,0.8437245,-0.7714557,0.14634703,DOG2
DOG2::62_2003_tumor,-0.9903326,-2.0359547,1.45667,1.6148971,1.784098,-0.027388614,-0.18321273,0.8948563,-0.6999771,DOG2
DOG2::63_1411_tumor,-6.8149576,-1.5023907,0.34749004,-0.582064,0.053835735,-0.26840296,-2.2164402,0.053616896,-0.24042962,DOG2
DOG2::64_1009_tumor,-5.6838527,-2.1203475,-1.8462435,-1.5915613,0.96096957,0.85452694,-2.2214596,-0.5807629,0.56261104,DOG2
DOG2::65_2009_tumor,-2.6935925,-2.235193,-0.9955861,-2.0604286,1.4542762,0.23066881,-0.3060379,-0.6212081,0.1548014,DOG2
DOG2::66_0206_tumor,4.0320554,1.5721128,0.8647709,2.4952788,-1.9819111,1.0990559,-0.83035296,1.0348719,-1.0764842,DOG2
DOG2::67_1909_tumor,4.9937944,0.19855428,0.5810778,0.1573173,0.4461619,-0.9845025,0.9793966,-0.9948207,0.5577388,DOG2
DOG2::68_0210_tumor,3.2631826,2.435601,-1.1229491,-1.2883099,-0.9490918,-1.8566194,1.5586596,-0.97193956,-0.61164397,DOG2
DOG2::69_0222_tumor,-0.34094647,1.0242583,0.3443042,3.452758,-1.2341353,-0.49832237,0.646391,-0.019281985,0.31884927,DOG2
DOG2::6_0305__Tumor,-4.406583,-0.05362866,1.1732099,-2.3660936,0.048964452,-1.4695082,-1.263252,0.15818842,-0.092813425,DOG2
DOG2::6_1012_Tumor,-3.1096556,0.8532363,0.14966667,-0.77271116,-4.2376795,3.8508728,3.036626,0.5476741,1.2604604,DOG2
DOG2::70_0225_tumor,2.43457,-0.3843998,0.20347932,1.5262568,1.3227905,-1.4184178,-0.0064547895,-0.07470852,-1.0373517,DOG2
DOG2::71_0643_tumor,0.5756325,0.9780833,0.028086398,2.8919337,1.8584608,-0.6450178,0.528733,2.4424648,-0.02633012,DOG2
DOG2::72_0732_tumor,3.3882246,-0.09350333,1.0683106,-1.0004166,-1.8770678,3.9087255,-0.94369817,1.2014096,-1.7619243,DOG2
DOG2::73_0813_tumor,-0.7929906,0.23587185,1.6452383,0.47961023,0.33860084,1.3623825,0.5868357,0.33550662,1.3819655,DOG2
DOG2::74_0815_tumor,1.6141211,-0.587938,0.17742892,1.8223844,1.11964,-0.19478226,2.3714623,0.41218355,0.64480233,DOG2
DOG2::75_0819_tumor,0.9024196,0.6995254,-0.8244072,0.3876077,-1.4508314,1.836738,0.68705887,-1.3863778,-0.64584345,DOG2
DOG2::76_1106_tumor,3.5549014,0.98036194,-1.4082239,-2.5320454,1.8627436,-1.363521,0.85433054,0.4100609,-1.4452784,DOG2
DOG2::77_1417_tumor,2.9652295,-0.9851265,-0.3890477,3.3602395,0.31545419,3.0664053,-0.45570526,-1.1278392,-0.7389123,DOG2
DOG2::78_1419_tumor,0.76450306,0.14137565,2.080014,-0.4530055,-1.7734191,4.2992363,-0.0076812166,-0.33568695,-0.6167737,DOG2
DOG2::79_1713_tumor,2.5562968,1.0335373,0.06457443,2.0786335,-2.354631,2.1577466,-0.20498632,0.036393747,-0.5298311,DOG2
DOG2::7_0309__Tumor,-0.721561,-0.089072414,0.13023433,1.755089,1.7877655,-1.9367479,-2.098466,0.52877206,-0.5692588,DOG2
DOG2::7_1022_Tumor,-7.27122,-0.8701961,-1.4407333,-0.26750472,0.17289612,0.3056969,-2.421051,-0.1562629,-0.44249982,DOG2
DOG2::80_1806_tumor,2.7036092,1.0879722,-0.35520062,2.08084,1.4402971,-2.5748878,-0.6513417,-0.4609287,-1.2046129,DOG2
DOG2::81_1904_tumor,0.96983624,2.610865,-1.9732229,-2.8096225,-1.7252183,-2.1341035,1.8948153,-1.2672522,-1.090162,DOG2
DOG2::82_1905_tumor,-2.1516097,-0.61504805,2.31557,-0.9877879,-1.8630621,-1.4229779,-1.5971224,1.6902679,-0.6054489,DOG2
DOG2::83_1907_tumor,-0.5145805,-0.5071004,1.3584763,1.8351862,1.4637766,0.041927606,0.15556262,0.059296265,0.58181214,DOG2
DOG2::84_1908_tumor,2.8159475,2.460487,-1.0797647,0.37387535,1.1785959,-1.650768,-0.23603067,-0.7538496,-0.9362349,DOG2
DOG2::85_2205_tumor,-0.46222878,0.5606507,1.0288987,-1.4250823,0.5217728,2.0909274,-0.86607516,1.0780973,-0.85571146,DOG2
DOG2::86_2215_tumor,0.92305684,-0.26047042,-0.97427547,1.6328039,2.1512632,0.6484423,0.09883329,-1.6722935,2.0400672,DOG2
DOG2::87_0204_tumor,2.3539133,-0.88163906,1.1338608,-0.0036340707,0.67540663,2.1568446,-0.12975402,-1.0364537,0.14411584,DOG2
DOG2::88_0712_tumor,-4.2690306,-1.4996855,-3.122425,-0.3556577,1.4163185,-0.8021619,0.9900412,0.6923796,-0.14768858,DOG2
DOG2::89_0216_tumor,1.1257765,0.949,-1.3337808,-0.04185928,0.77484566,-1.262232,-1.2293422,-2.4994075,-1.2079167,DOG2
DOG2::8_0335__Tumor,3.870265,1.9962,-1.7452224,-2.9117625,-2.491436,-1.8455055,0.88127357,-1.044454,-0.10221385,DOG2
DOG2::8_2202_Tumor,-3.2661653,0.83915687,1.4068732,-1.2901403,-0.4948498,-1.9183735,0.6368594,-1.09424,-0.10574305,DOG2
DOG2::90_0224_tumor,0.64256793,0.7804304,1.0471765,1.0366455,1.1983409,0.8302617,-0.7032246,0.48311162,0.67790014,DOG2
DOG2::91_0402_tumor,-2.6239865,-0.049420938,0.96870506,-0.36960965,2.302268,-1.5093682,1.293216,3.4918768,0.2502758,DOG2
DOG2::92_0404_tumor,-0.26930508,-0.80020726,-0.49275073,-2.7694912,0.5808297,-1.4408798,-1.2773052,-0.42104036,-1.0721859,DOG2
DOG2::93_0406_tumor,-0.52275574,2.079682,-1.1532265,-0.20708649,0.82385725,-1.680532,-0.6001311,-0.5292019,-0.14681527,DOG2
DOG2::94_0410_tumor,-0.81281495,-0.7472738,0.85022247,2.8494592,1.0688026,2.5668619,0.08961633,0.7962518,-0.29554507,DOG2
DOG2::95_0411_tumor,2.0686133,1.9145418,1.015654,1.079295,-1.8677504,2.6663742,-1.4186741,0.57327145,-2.3157706,DOG2
DOG2::96_0606_tumor,-0.68886316,-0.76926905,-0.30915865,-0.37485254,-0.4616757,-1.8192081,-2.537161,-0.26474708,1.3986002,DOG2
DOG2::97_0618_tumor,-2.7290864,-2.4549284,1.5940906,0.43317464,0.19519651,2.1462202,-1.0836661,-0.86239624,-0.32924494,DOG2
DOG2::98_0306_tumor,-0.75440186,-0.75955516,-0.0051269145,0.797524,2.3840933,0.7486322,-0.69136417,0.87458205,2.0262601,DOG2
DOG2::99_0318_tumor,-0.6668038,-2.21596,0.64274514,-2.236885,-1.7979712,1.5070361,1.0791134,-1.6874393,1.9124428,DOG2
DOG2::9_0510__Tumor,4.460851,-3.2072144,-0.4673761,-1.0262051,-0.2679538,-0.0972109,-0.19987287,0.9947488,0.7932295,DOG2
DOG2::9_2312_Tumor,-1.1731339,1.8035126,-0.11384206,2.1709518,-0.6933656,0.8838555,0.03438331,1.552475,-0.8080114,DOG2
TARGET_OS::TARGET-40-0A4HLD,-2.5370128,-0.00898242,-2.0279086,0.02964408,-0.2097071,-0.04376305,0.80304,0.4463559,-0.1383977,TARGET_OS
TARGET_OS::TARGET-40-0A4HMC,1.5725744,-0.81745726,-0.33754882,1.9785893,-1.0361056,-0.29952303,-0.20980312,1.4168683,-0.058901127,TARGET_OS
TARGET_OS::TARGET-40-0A4HX8,0.19687743,-0.006850932,0.4312398,0.2241482,2.2430928,0.091617405,0.96297854,2.7901833,-0.6659547,TARGET_OS
TARGET_OS::TARGET-40-0A4HXS,0.035239186,0.48045835,0.28722143,-1.6474181,-0.23440826,0.9273621,-1.6481239,0.17864774,-0.8903324,TARGET_OS
TARGET_OS::TARGET-40-0A4HY5,-0.52043647,1.1376045,-1.0034804,-0.9783904,1.3866067,-0.187985,0.25249922,-1.7972156,-0.0068255696,TARGET_OS
TARGET_OS::TARGET-40-0A4I0Q,-1.0009745,2.6701512,0.1641667,-1.9912798,-0.09855439,0.00537224,-1.1184987,-0.28826934,-0.6967364,TARGET_OS
TARGET_OS::TARGET-40-0A4I0S,5.3322544,2.5546188,-0.45043707,2.89647,-0.9570052,-0.030923447,0.32763058,0.29644012,-1.0174863,TARGET_OS
TARGET_OS::TARGET-40-0A4I0W,-0.45745182,1.3695707,-2.7108572,-0.3787505,-1.6705003,-0.6976416,1.1396036,-0.0015675349,1.7014934,TARGET_OS
TARGET_OS::TARGET-40-0A4I3S,0.86207974,0.617053,-1.4487208,-1.5250554,1.1832796,-0.74404377,1.3897631,0.9337817,-1.3123748,TARGET_OS
TARGET_OS::TARGET-40-0A4I42,-0.62792534,-1.3201292,2.7278028,0.9029612,-0.25177976,-0.30887404,0.51770043,-0.5764458,-2.3809538,TARGET_OS
TARGET_OS::TARGET-40-0A4I48,3.1293087,0.21491355,1.493058,-0.7142909,0.11044748,0.64294904,0.34596094,0.36988023,1.1091201,TARGET_OS
TARGET_OS::TARGET-40-0A4I4E,-2.6207108,1.9115087,-0.18198527,-1.9480081,0.1130587,0.32834867,1.0447236,0.76395714,0.45900458,TARGET_OS
TARGET_OS::TARGET-40-0A4I4M,2.8410592,-1.3542612,0.1958531,0.019372303,-0.8590887,0.20479324,1.1237718,0.64352584,1.6870737,TARGET_OS
TARGET_OS::TARGET-40-0A4I4O,0.17476137,1.1598847,0.08095258,-0.785801,2.0903833,0.48305896,-1.4536343,0.47497526,0.8224154,TARGET_OS
TARGET_OS::TARGET-40-0A4I5B,3.2473707,-0.037850328,2.20384,-0.56527823,2.5368497,0.08579397,0.59858173,0.114199504,-0.3334369,TARGET_OS
TARGET_OS::TARGET-40-0A4I65,-0.9601387,0.6278503,0.883762,0.8339172,-0.10800877,-0.5690282,-0.4501675,-0.18479331,-0.55347884,TARGET_OS
TARGET_OS::TARGET-40-0A4I6O,-1.2918963,3.0391018,-1.7808954,-1.1549275,0.24596101,0.0054644234,0.079751216,-0.69834346,-1.1685905,TARGET_OS
TARGET_OS::TARGET-40-0A4I8U,0.36357915,-0.53166693,0.096668914,0.82544756,-1.0495701,-0.111822166,-0.9161909,2.2276776,0.004652516,TARGET_OS
TARGET_OS::TARGET-40-0A4I9K,1.4686577,2.1057804,1.1009657,1.8236394,-0.601684,1.6401533,-0.06864335,-0.5382704,0.06742811,TARGET_OS
TARGET_OS::TARGET-40-PAKFVX,-1.3235844,-2.1631577,0.118558556,3.813012,-2.4476395,-0.41794506,0.10579982,-1.21322,0.10717993,TARGET_OS
TARGET_OS::TARGET-40-PAKUZU,-0.68757606,-0.60757256,1.3218426,-0.5923836,-1.3717363,-0.37884942,1.6024637,-0.9437162,1.4689531,TARGET_OS
TARGET_OS::TARGET-40-PAKXLD,-3.856439,0.8394099,-0.67120785,-2.0443869,0.6031291,0.03324652,-0.2853608,-0.2699382,-0.14127257,TARGET_OS
TARGET_OS::TARGET-40-PAKZZK,0.58729076,-0.69923246,1.2181405,-1.7375406,-1.1510389,0.15585676,-0.27861032,-0.1280608,0.62081605,TARGET_OS
TARGET_OS::TARGET-40-PALECC,0.70145404,-0.3058475,-0.01658742,2.5184374,-1.3488079,-0.2812656,-0.031725615,-1.4504958,0.9678535,TARGET_OS
TARGET_OS::TARGET-40-PALFYN,2.701342,1.0494792,-1.3582075,-0.86474305,-0.72695637,-0.2334078,0.091798596,-0.14279242,1.909902,TARGET_OS
TARGET_OS::TARGET-40-PALHRL,-1.3809325,-2.30703,-1.9659488,0.7662467,-2.078747,-0.5752733,-1.4504893,0.68480283,1.9617801,TARGET_OS
TARGET_OS::TARGET-40-PALKDP,-2.9272451,-0.9480205,0.4943428,-0.64709353,1.1901349,0.2439461,0.56419235,-1.2685866,-1.8136045,TARGET_OS
TARGET_OS::TARGET-40-PALKGN,2.020755,-0.6864881,-1.610976,-0.84193546,-1.322827,-0.20837694,-0.8215358,1.3380213,4.4604516,TARGET_OS
TARGET_OS::TARGET-40-PALWWX,1.024243,1.8145194,-2.6685944,-0.5275725,1.5092499,-0.016481146,-0.45650136,-0.91613203,0.39660555,TARGET_OS
TARGET_OS::TARGET-40-PALZGU,1.2644653,-1.3922912,1.5831702,-0.7153347,1.7227854,0.6721016,0.21270834,-0.4766776,1.3674335,TARGET_OS
TARGET_OS::TARGET-40-PAMEKS,-0.5239801,3.8648255,-2.3185937,-0.40376475,2.248152,-0.28359655,1.6464477,-1.1967261,0.91225654,TARGET_OS
TARGET_OS::TARGET-40-PAMHLF,-0.014030525,1.8156017,0.96858174,-1.9773632,0.48204616,0.36427897,-1.4592997,-0.013184165,-0.02729547,TARGET_OS
TARGET_OS::TARGET-40-PAMHYN,-0.071675844,-0.84900546,-0.3059814,-0.51833487,-1.1747782,-0.21598202,-1.1742649,0.55926037,1.1994884,TARGET_OS
TARGET_OS::TARGET-40-PAMJXS,0.5798114,1.1077999,1.8973305,2.3326364,1.2992234,-0.10905771,0.0071626874,-0.59376985,-0.57087886,TARGET_OS
TARGET_OS::TARGET-40-PAMLKS,-4.2289042,-4.723943,-3.2596357,-0.22110102,-2.0656078,-1.0291578,-0.576546,1.1824124,-0.75793326,TARGET_OS
TARGET_OS::TARGET-40-PAMRHD,1.2484164,-1.0758221,2.370866,1.0314182,0.11718362,-0.26565212,1.34149,0.43270406,0.04104095,TARGET_OS
TARGET_OS::TARGET-40-PAMTCM,-4.840313,1.169334,-2.0627651,-0.8311905,0.89262927,-0.019144537,-1.2806367,0.3039536,-0.8428992,TARGET_OS
TARGET_OS::TARGET-40-PAMYYJ,-0.8234579,-0.319348,1.5284296,0.5046781,0.17041335,0.023863465,-0.9944107,-0.058969688,-0.94426143,TARGET_OS
TARGET_OS::TARGET-40-PANGPE,0.58443177,1.9859997,0.9722396,0.9585286,0.94506323,-0.004083105,-0.5360521,0.1104292,-0.13859646,TARGET_OS
TARGET_OS::TARGET-40-PANGRW,-0.118094794,0.76185846,-1.0629054,2.1006327,-2.3263023,-0.89910775,-0.8102314,0.946136,-0.24167141,TARGET_OS
TARGET_OS::TARGET-40-PANMIG,-1.3772832,2.729296,-1.0679871,-0.4806427,-1.4204351,-0.17389299,-1.5912038,0.1840506,0.044421423,TARGET_OS
TARGET_OS::TARGET-40-PANPUM,-1.5703193,1.8493662,1.0910602,-0.69620484,0.9111458,0.6104562,-0.14652915,1.1973084,0.47315767,TARGET_OS
TARGET_OS::TARGET-40-PANSEN,-0.19155361,1.7443134,-0.3311711,-1.666331,1.6072108,-0.14298087,-0.409544,0.7209653,-0.740077,TARGET_OS
TARGET_OS::TARGET-40-PANVJJ,0.7900158,2.703564,-1.0060263,-1.4056634,0.43508583,-0.02506014,-0.87770987,0.14038894,-0.29226446,TARGET_OS
TARGET_OS::TARGET-40-PANXSC,2.2454834,-1.2679439,-0.9609695,-0.034724228,-0.38373956,-0.2107759,-0.15210375,1.3472381,1.1757247,TARGET_OS
TARGET_OS::TARGET-40-PANZHX,3.0305538,0.9139935,0.16513257,1.9054631,-0.12909712,-0.3381373,-0.60107917,-0.15321237,0.29577532,TARGET_OS
TARGET_OS::TARGET-40-PANZZJ,-0.1496295,-0.1750779,-1.066207,-0.65968,-1.6264906,-0.7118762,-2.659507,0.13874559,0.66729385,TARGET_OS
TARGET_OS::TARGET-40-PAPFLB,0.9341517,-1.3764746,0.18884617,-0.09485907,3.408516,-0.06212082,-2.0682368,0.8706656,-2.2720165,TARGET_OS
TARGET_OS::TARGET-40-PAPIJR,3.4055896,-0.090405256,-0.18749712,2.049459,-0.3750905,-0.39180383,0.9256319,0.15138185,1.274105,TARGET_OS
TARGET_OS::TARGET-40-PAPKWD,-2.9260163,-3.3053312,-0.35439208,1.3640188,-0.35134622,-0.07349555,1.0193762,-0.80928665,-0.9682059,TARGET_OS
TARGET_OS::TARGET-40-PAPNVD,-0.42012498,-1.9880117,0.4703082,-0.081121966,0.7632655,-0.03518586,2.9787927,1.0420473,-1.4396961,TARGET_OS
TARGET_OS::TARGET-40-PAPWWC,0.1806521,-1.9450074,1.6822844,0.97089005,-1.1502408,0.24850257,0.6519106,0.013230669,0.22860627,TARGET_OS
TARGET_OS::TARGET-40-PAPXGT,1.8396459,-3.3607678,0.19319914,-1.3573551,-1.9038917,0.80437136,-0.6286633,-0.58359,0.083769396,TARGET_OS
TARGET_OS::TARGET-40-PARBGW,-0.60228044,-3.0387712,0.7482769,0.72744066,-3.2153544,-0.8610137,1.0880542,-1.357775,-0.1846542,TARGET_OS
TARGET_OS::TARGET-40-PARDAX,-0.8228266,-2.3220553,2.390443,0.4085491,0.7900444,0.24020144,0.637513,-0.34514087,-2.2097704,TARGET_OS
TARGET_OS::TARGET-40-PARFTG,1.1400564,-1.8028482,2.8892934,-1.2438182,-0.66490096,0.74768484,0.36354724,-0.8359928,0.399179,TARGET_OS
TARGET_OS::TARGET-40-PARGTM,-0.30660164,0.750675,0.4193696,3.422318,0.7243009,0.7742357,0.2650558,-1.2729883,-0.90902704,TARGET_OS
TARGET_OS::TARGET-40-PARJXU,-1.9910104,3.8501709,-0.7723965,-1.7503442,0.5191916,0.53281534,0.8608427,-1.3597941,-0.6009669,TARGET_OS
TARGET_OS::TARGET-40-PARKAF,-0.29414424,0.487419,2.126176,2.021877,-0.058923677,0.021524636,0.6637907,-0.8764637,-0.35232556,TARGET_OS
TARGET_OS::TARGET-40-PASEBY,1.9709792,-1.003627,0.9813637,0.441058,0.7287805,0.6490159,0.006943347,-0.7307624,0.91610056,TARGET_OS
TARGET_OS::TARGET-40-PASEFS,-3.0163064,-1.0769733,-2.8466516,-1.5924236,2.5327513,-0.12386157,3.5421607,2.8460968,-1.0777948,TARGET_OS
TARGET_OS::TARGET-40-PASFCV,4.9230466,2.196629,-1.3520037,-0.5858499,1.1668377,0.38232988,-0.77556264,-0.06851167,1.1173214,TARGET_OS
TARGET_OS::TARGET-40-PASKZZ,0.0618761,3.2322927,0.28779846,-0.119763926,0.2808248,-0.41464677,-0.62164134,0.19963302,0.23676895,TARGET_OS
TARGET_OS::TARGET-40-PASNZV,2.4684854,-2.0467236,2.715771,0.66600853,1.4879137,0.051199697,-0.49917743,-0.41580126,-1.672522,TARGET_OS
TARGET_OS::TARGET-40-PASRNE,2.2242815,-0.41628483,1.740426,0.8371268,0.8969807,-0.13122976,0.48482078,-0.67305845,-1.003978,TARGET_OS
TARGET_OS::TARGET-40-PASSLM,-1.6393214,0.89483035,0.5613016,0.72688735,2.106602,-0.7288476,0.3021663,0.171664,-1.4264185,TARGET_OS
TARGET_OS::TARGET-40-PASUUH,1.0396062,-4.4434824,-1.5841956,-1.2634367,-1.1873395,-0.28788534,-2.8464766,0.8202725,-0.00021672582,TARGET_OS
TARGET_OS::TARGET-40-PASYUK,5.5753255,-0.05524099,-0.7433819,-1.1024303,0.5856248,0.12645917,0.018701421,0.712552,-0.51301277,TARGET_OS
TARGET_OS::TARGET-40-PATAWV,-0.3725529,1.0408318,-3.7814038,-0.8012579,1.5674597,0.3717478,0.811517,-0.65319335,0.010157107,TARGET_OS
TARGET_OS::TARGET-40-PATEEM,0.45663375,0.26355037,1.1498353,-0.47186112,0.15851013,0.30864748,0.8654079,1.1095296,-0.90207326,TARGET_OS
TARGET_OS::TARGET-40-PATJVI,2.1591282,-1.1532516,-3.3330877,-1.3287848,1.2461622,-0.066664696,1.6072018,-1.5120598,0.049750652,TARGET_OS
TARGET_OS::TARGET-40-PATKSS,-4.3005075,0.74667555,0.33082184,-0.6749193,0.83162796,0.43733475,-1.0764443,0.53082293,-0.8131159,TARGET_OS
TARGET_OS::TARGET-40-PATMIF,3.829992,-0.21544269,-0.29917783,-0.025883332,1.2942705,-0.005118022,0.38652185,-0.7852018,1.3821645,TARGET_OS
TARGET_OS::TARGET-40-PATMPU,0.044399187,-1.7710341,2.7561526,0.94787234,1.4615252,-0.057576686,0.4960768,-0.63425463,-1.9667475,TARGET_OS
TARGET_OS::TARGET-40-PATMXR,-0.5448265,-2.253267,2.9319599,-0.22911273,1.3591387,0.04186334,0.48718575,-0.4123859,-1.8513108,TARGET_OS
TARGET_OS::TARGET-40-PATPBS,1.2892522,1.8793801,1.140111,2.7891698,1.4495974,-0.1281247,-0.264661,-0.920786,-1.366449,TARGET_OS
TARGET_OS::TARGET-40-PATUXZ,-1.5898327,-2.2982442,1.6801051,-0.57708853,-0.24356891,0.07988785,1.8891257,-0.32110652,-1.6965401,TARGET_OS
TARGET_OS::TARGET-40-PAUBIT,0.94500643,2.9151723,-0.8666177,-1.4598665,0.25844857,0.9026392,-1.1164387,0.8333218,1.3727815,TARGET_OS
TARGET_OS::TARGET-40-PAUTWB,3.6960008,-0.39440122,1.6138154,0.023392035,0.17157856,0.3461086,0.4834221,0.5176002,1.9629178,TARGET_OS
TARGET_OS::TARGET-40-PAUTYB,-0.1659825,-3.7094562,1.1296041,-0.10501382,-2.9555173,-0.5805097,-0.8747542,-0.49172258,0.6558513,TARGET_OS
TARGET_OS::TARGET-40-PAUUML,-4.16267,1.0887344,-0.35031208,-1.2487065,1.7193309,-0.01889795,-0.14499108,-0.0432156,-1.1667206,TARGET_OS
TARGET_OS::TARGET-40-PAUVUL,-2.1944973,-2.7423503,-0.11499674,1.2182703,-1.4828266,0.045356333,0.5944417,-0.8984254,-0.8509767,TARGET_OS
TARGET_OS::TARGET-40-PAUXPZ,-3.7026286,-0.6904256,-0.5233427,1.1870686,-3.7374675,0.26073578,-0.467233,0.25227728,1.0497745,TARGET_OS
TARGET_OS::TARGET-40-PAUYTT,-4.7770343,-0.5523133,-1.7248207,-0.6891794,-3.1844869,-0.21424071,0.62553114,-0.28652948,1.9485707,TARGET_OS
TARGET_OS::TARGET-40-PAVALD,-6.441506,0.543585,-1.2975403,-0.7209099,0.5664916,0.44631606,-1.5182753,-0.29252714,-0.5627698,TARGET_OS
TARGET_OS::TARGET-40-PAVCLP,1.5333903,1.2489718,0.41344517,0.6955603,-0.31285128,-0.007481808,-0.59286344,-0.40043968,1.797995,TARGET_OS
TARGET_OS::TARGET-40-PAVDTY,-0.5859824,-0.9915607,-0.42926812,0.7603837,-2.5045264,-0.3017702,-0.19985816,-0.4157669,2.0545592,TARGET_OS
TARGET_OS::TARGET-40-PAVECB,-0.7613079,3.264956,-1.6992499,-0.64341563,-2.1399653,-0.3134567,-0.060130596,0.29316524,1.0798362,TARGET_OS
GSE21257::GSM530667,0.4998249,1.9920429,0.5344567,2.0942793,0.8511588,-0.13543166,0.27357307,0.07397656,2.113478,GSE21257
GSE21257::GSM530899,-2.0250525,2.2003555,-1.4461691,0.8829489,0.76683575,-0.6088262,0.65545213,-0.2522647,-0.62794894,GSE21257
GSE21257::GSM531283,-3.299041,0.041183125,1.8504944,2.0207994,1.0327009,0.34537092,1.5413096,-1.1173718,0.41626656,GSE21257
GSE21257::GSM531284,-1.3275181,1.9529798,-1.209918,-0.80979735,0.8613965,0.14289987,-0.20101371,-0.57894474,1.6963995,GSE21257
GSE21257::GSM531285,-2.0092816,-2.1705303,0.87738067,0.8086007,-0.062138095,-0.47151423,0.53299415,-0.6898028,-1.564827,GSE21257
GSE21257::GSM531286,-3.8898196,1.8095294,-0.081085496,-2.28386,-0.302396,-0.5594156,0.07435359,-0.31965983,-0.053749185,GSE21257
GSE21257::GSM531287,0.61267656,0.6315207,1.6636277,-0.117040515,-0.4773015,-0.37040597,-0.26741508,0.8410189,-0.6417302,GSE21257
GSE21257::GSM531288,0.95373714,2.441436,-0.45867214,-2.3776584,0.11677617,0.18592001,2.019607,-0.5645932,1.5402863,GSE21257
GSE21257::GSM531289,-2.8083239,0.51247865,1.4478251,-0.19573629,0.94752467,0.63305515,-0.008335489,-0.2528815,0.6627151,GSE21257
GSE21257::GSM531290,-4.835102,-3.6447983,0.737421,-0.31338182,1.0673722,0.26771557,1.1369674,-1.4133584,-2.6709976,GSE21257
GSE21257::GSM531291,0.37441304,-0.4905434,0.92825764,-0.88510126,-0.9677333,-0.473954,2.1727269,-0.05123844,-0.11853471,GSE21257
GSE21257::GSM531292,0.1769258,-0.13412069,0.64176893,-1.4780297,-0.982961,0.5089466,-0.13487804,-0.2224042,0.6251005,GSE21257
GSE21257::GSM531293,0.3561129,0.09245738,2.7613156,1.5048918,0.12012918,-0.9121207,1.2623328,-0.048614655,0.4801001,GSE21257
GSE21257::GSM531294,-2.1095529,-1.719968,-0.54792017,-0.9049526,0.8455254,-0.7847496,2.2877126,-0.85768425,-0.50782555,GSE21257
GSE21257::GSM531295,-3.0755603,0.47962224,1.890322,-1.6453663,0.2897252,-0.15735143,0.47015697,0.39003992,-0.81679827,GSE21257
GSE21257::GSM531296,0.9323026,0.8202859,1.436688,2.4086857,0.7416725,-0.22019477,0.20977272,-0.44551882,-0.17971697,GSE21257
GSE21257::GSM531297,-0.16258629,3.4474337,-0.083830275,-0.43534848,0.12756598,-0.4145532,0.8715523,-0.41371202,0.7746074,GSE21257
GSE21257::GSM531298,-4.023648,0.5995254,-1.5533819,-1.6923509,-0.8217496,0.92696935,3.155572,3.2987769,-0.15813307,GSE21257
GSE21257::GSM531299,-2.5579011,1.2022007,-0.64645064,-1.3178997,0.27023825,-0.09216792,-0.07341338,0.3490298,1.2439594,GSE21257
GSE21257::GSM531300,-1.9955976,-0.15989959,0.87548023,1.6405822,-0.60020524,0.4329379,-0.6178952,-0.4930525,1.076509,GSE21257
GSE21257::GSM531301,-0.11754242,0.42019477,-0.1796987,-0.07966474,1.190312,0.32646397,0.18780507,0.85792136,2.0527372,GSE21257
GSE21257::GSM531302,3.6131868,-1.1951615,-1.6120602,-1.8298143,-0.9963167,0.55577886,1.3174962,2.26392,0.53780234,GSE21257
GSE21257::GSM531303,4.4055324,0.33152398,-2.6152418,2.7368689,-0.6689708,0.764849,-1.41756,-0.18766363,0.020417808,GSE21257
GSE21257::GSM531304,2.5434992,1.0121605,-2.298709,-0.33227542,-1.0138893,-0.24605012,-0.34821403,0.283815,1.2346247,GSE21257
GSE21257::GSM531305,3.990569,1.0073578,-1.665261,-1.0536888,-1.8562678,0.44823384,-1.4966474,1.2620021,-0.2302854,GSE21257
GSE21257::GSM531306,-0.36948153,-4.082344,-0.4117223,0.1940141,0.91162163,-0.040671792,0.37310913,-1.2064173,-0.80820423,GSE21257
GSE21257::GSM531307,2.1458578,1.6347758,0.23962113,-0.8515472,0.18475422,0.17344892,-0.13155973,-0.041509826,-0.12373423,GSE21257
GSE21257::GSM531308,-0.2971585,-1.1867676,-1.1486616,3.0176475,0.27607703,-0.119855285,-1.1592802,-0.23710243,0.15560299,GSE21257
GSE21257::GSM531309,3.4046474,0.25816825,0.560677,-1.6902754,-1.808314,0.98708314,-1.5603814,0.49069414,1.6641946,GSE21257
GSE21257::GSM531310,1.8461998,-1.4906619,1.4383457,0.58365136,0.041430548,-0.05670643,-1.1128062,0.7131431,-0.6175538,GSE21257
GSE21257::GSM531311,0.69962525,1.6318929,-2.1569583,3.1547422,0.42228162,-0.7284312,0.024219913,-0.82057637,0.9949356,GSE21257
GSE21257::GSM531312,-2.0209746,-2.3671772,0.33899036,1.4518893,-1.1386988,0.5380998,-0.5722817,-0.39176786,0.17341115,GSE21257
GSE21257::GSM531313,2.263429,-0.65316004,-3.1726077,0.28490165,1.0804713,0.06155857,-0.7806708,0.530853,0.8099214,GSE21257
GSE21257::GSM531314,-0.38757494,1.01104,-0.4698569,-1.5117246,-0.20044811,0.109299764,-0.28956026,0.031355545,-0.56382346,GSE21257
GSE21257::GSM531319,-0.269444,-1.6954405,1.0618228,1.4668288,0.18790667,0.26318938,0.29204634,-0.70426923,-0.5761228,GSE21257
GSE21257::GSM531320,1.5897566,1.0100086,0.8106693,0.04791021,-0.79417056,-0.2474194,-2.1934192,0.7867705,-0.35098383,GSE21257
GSE21257::GSM531321,5.1996517,-0.061755206,-0.8938492,0.6224213,-1.052665,0.18133219,-0.7140197,-0.35443297,-0.80163234,GSE21257
GSE21257::GSM531322,1.1531682,-1.6718972,1.9920441,1.1759783,0.7814373,1.0235349,-0.77226675,-0.2405329,-1.0780834,GSE21257
GSE21257::GSM531323,1.8746337,1.4377315,-0.12559664,-1.1694368,-0.57837903,-0.3526042,-2.1384664,0.4592764,0.48708263,GSE21257
GSE21257::GSM531324,1.821195,-0.8653313,2.7075863,-0.097629435,-0.9209307,-0.31956574,-1.2240115,1.0633377,-0.05133187,GSE21257
GSE21257::GSM531325,-1.4721078,1.1778476,0.2423567,-1.1276035,0.8021751,0.16577986,-1.1537406,-0.29011944,0.5710004,GSE21257
GSE21257::GSM531326,0.13004139,-1.6474828,2.0203457,0.7648018,-0.6845138,-0.34791496,0.75194925,-0.8919707,-2.0602372,GSE21257
GSE21257::GSM531327,-3.9465942,-3.7601132,0.9983631,-0.15159324,0.3523772,-0.760077,1.4743427,-1.2520283,-2.7575464,GSE21257
GSE21257::GSM531328,0.6449579,1.1897893,-2.3735461,-0.42506307,0.4449549,-0.5520143,1.1103512,-1.5345249,-1.2469728,GSE21257
GSE21257::GSM531329,-5.5965314,-0.6496901,-0.47163445,-0.7752616,0.6294768,0.586488,0.5685375,0.9972648,-1.7253189,GSE21257
GSE21257::GSM531330,3.236046,-0.051392004,-0.6229668,1.0011154,-0.59986275,-0.17884299,-1.1133119,-0.037489105,-0.038606737,GSE21257
GSE21257::GSM531331,-1.1631128,0.597763,-0.036105145,-0.61878407,-1.3360101,0.40537468,-1.2743708,1.8376155,0.002375316,GSE21257
GSE21257::GSM531332,1.350029,1.2450584,0.42881083,-2.1220534,-0.5307084,-0.29598606,0.075453445,0.087784484,0.6511703,GSE21257
GSE21257::GSM531333,2.215776,0.50311655,-1.4432974,-0.8927764,0.17571831,0.16100919,-0.9000725,0.124584235,1.2737566,GSE21257
GSE21257::GSM531334,-0.66039884,-0.33359537,-0.16879523,-1.2133588,0.25660864,0.05562978,-0.68381643,0.67598736,-0.1892814,GSE21257
GSE21257::GSM531335,2.2373397,-0.10461864,-1.6523533,-1.0989025,1.3169974,-0.2478955,0.45974466,-0.14289805,-0.19787303,GSE21257
GSE21257::GSM531351,0.39404535,-0.73677844,-0.46436554,2.3950098,0.6885798,-0.31339025,-0.7556724,-1.0568709,0.16007985,GSE21257
GSE21257::GSM531352,-0.24526887,-1.8182545,1.526047,1.2394038,0.6128273,-0.24285634,-0.2040557,-0.30789244,-0.66068095,GSE21257
GSE39055::GSM954790,-0.9005136,-0.89846176,1.5219381,0.95572996,0.038585152,0.04118401,0.5961419,-0.10329368,-0.7273342,GSE39055
GSE39055::GSM954791,0.9287094,-0.6667259,1.8469902,-0.20011587,0.46538678,-0.008170551,-0.15795928,-0.4085112,0.4559854,GSE39055
GSE39055::GSM954792,0.66820866,1.0007031,-0.06581702,-0.83605397,1.2173059,-0.056590043,-0.5581474,-0.34052044,0.24133646,GSE39055
GSE39055::GSM954793,-1.1865855,-1.0347329,-2.2321916,0.81492466,-0.8594494,-0.025982216,-0.20460118,0.5721829,0.07704942,GSE39055
GSE39055::GSM954794,1.3814046,0.4177676,0.18057337,0.38773996,-0.13782398,0.02030649,-0.16666612,0.45554507,-0.10995606,GSE39055
GSE39055::GSM954795,1.1414641,-0.04509267,0.289005,0.63780355,0.88646495,-0.0042039584,-0.16248426,-0.2077919,0.25359052,GSE39055
GSE39055::GSM954796,-1.634205,-1.4089769,-2.3160484,0.32452586,-2.0167098,0.0027691314,0.63872486,0.20295642,-0.21962552,GSE39055
GSE39055::GSM954797,-1.4843019,-0.31631154,-1.7653815,0.36960438,-1.0174532,0.007955019,0.9167581,0.6204636,-0.57581013,GSE39055
GSE39055::GSM954798,-0.81552434,1.7097371,1.0185229,-1.2669779,0.33365077,0.02162686,-0.65996367,0.12805073,0.16000399,GSE39055
GSE39055::GSM954799,-1.3119041,0.86921406,-0.9857365,-0.42381564,-0.20089188,0.0003959664,0.27774325,0.31551003,0.4015609,GSE39055
GSE39055::GSM954800,-1.0353976,-0.67888314,-1.5103619,0.32711643,-1.2088895,0.0258308,-0.03920215,-0.76674706,0.16179007,GSE39055
GSE39055::GSM954801,0.04441694,0.35178003,1.6133761,-0.5604989,0.7618479,-0.0136607755,-0.6622113,-0.2697775,0.07380164,GSE39055
GSE39055::GSM954802,0.33717462,-0.94311213,1.9888256,0.6887132,0.058850437,0.033206366,-0.054253653,-0.5155357,0.036428276,GSE39055
GSE39055::GSM954803,0.20543638,-0.058568306,0.34888482,-0.15848584,1.0290728,-0.071212865,0.0049476735,0.1831375,-0.340077,GSE39055
GSE39055::GSM954804,-0.261245,0.21824737,1.0227768,-0.64719933,0.010379928,-0.03513177,0.8007935,-0.23041803,-0.45689487,GSE39055
GSE39055::GSM954805,2.3066678,0.65527755,0.13427809,-0.5004353,1.4442161,-0.027599396,-0.9574542,0.3638571,-0.30915922,GSE39055
GSE39055::GSM954806,1.693551,2.085124,-0.37737188,-1.4385177,-0.8413011,-0.03969456,0.88301957,0.5418383,-0.38570994,GSE39055
GSE39055::GSM954807,1.9168729,0.88055295,1.41422,0.21625984,1.2658373,0.017910097,-0.8025042,-0.16993552,-0.02863333,GSE39055
GSE39055::GSM954808,-1.4224662,-0.31334153,-1.5956441,0.6130654,-0.9941642,0.009648999,-0.13387905,0.18286338,-0.44361094,GSE39055
GSE39055::GSM954809,-0.38077703,-2.4774868,-4.2678704,0.8164207,-1.1352017,0.019652022,-0.22178183,0.37369975,-0.04209604,GSE39055
GSE39055::GSM954810,-2.8961394,-2.1877413,-4.221177,0.87546915,0.47602648,0.03312484,0.34098867,-1.2347431,0.058598537,GSE39055
GSE39055::GSM954811,0.09464564,-0.2813901,0.008304105,-0.3286278,-1.2259628,0.0134584885,0.5820443,-0.090330824,1.0711108,GSE39055
GSE39055::GSM954812,0.43942946,1.0070155,1.2088497,-0.21759686,-0.8278369,-0.011882744,0.06503493,-0.7718126,0.3546526,GSE39055
GSE39055::GSM954813,0.031514477,1.4683437,1.1114255,-1.1124878,1.053906,0.006741799,-0.37882432,-0.26747486,0.4309619,GSE39055
GSE39055::GSM954814,0.43719903,-1.2722244,-1.3287874,1.0125858,-1.2999274,0.044653416,0.6406381,0.30610654,-0.10103523,GSE39055
GSE39055::GSM954815,0.5677127,-0.7234838,1.9175749,1.1243328,0.247713,0.011961401,0.15873209,-0.5852893,-0.11891048,GSE39055
GSE39055::GSM954816,0.5161582,0.059999574,1.3564017,-0.2057249,1.4829736,-0.024814734,-0.3000525,0.87732965,-0.44197845,GSE39055
GSE39055::GSM954817,0.82438,0.40745836,1.9036655,0.68949306,0.36758366,0.0011602086,0.40902525,0.009983501,0.06516303,GSE39055
GSE39055::GSM954818,0.35281295,1.7901174,0.0276825,-0.84087664,-0.011954116,-0.023990799,1.1389453,0.68539953,-0.34659284,GSE39055
GSE39055::GSM954819,0.0840082,1.8410779,1.078158,-0.774605,0.84189755,-0.048122782,-0.29641291,-0.2799673,0.3793419,GSE39055
GSE39055::GSM954820,-0.8816628,1.89793,1.1350927,-1.1174945,0.41860133,0.055055145,-0.72104216,0.31696776,0.062419362,GSE39055
GSE39055::GSM954821,-1.679303,-2.2880068,-2.9550257,0.9317408,-0.9005359,0.026913391,0.07231793,-0.16504014,-0.037946574,GSE39055
GSE39055::GSM954822,-0.59955525,-0.4198997,1.6889778,-0.7046034,0.4797778,0.0047663776,-0.04355748,-0.32264394,0.461735,GSE39055
GSE39055::GSM954823,0.11184749,-0.16793987,1.6823978,0.43136775,-0.3654378,0.013202784,0.024848035,-0.15411873,0.16895962,GSE39055
GSE39055::GSM954824,2.0209234,1.0450759,-0.0008806247,-1.0229601,0.8527112,0.035535373,-0.34670794,0.11876071,0.14444539,GSE39055
GSE39055::GSM954825,1.9451264,0.6657792,1.5224004,-0.44498596,0.7084936,-0.04160851,-0.79693824,-0.060167745,0.281198,GSE39055
GSE39055::GSM954826,-1.5600834,-2.188822,-2.3980293,1.5851697,-1.3977433,-0.014393226,0.11394096,0.6894673,-0.65476036,GSE39055
