,Factor1,Factor2,Factor3,Factor4,Factor5,Factor6,Factor7,Factor8
COMP,0.051489677,0.27423313,0.06424419,0.118125446,-0.03493475,-0.07666875,0.061665937,-0.045702636
CA12,0.06905286,0.26854253,-0.1512507,0.116472326,0.12834312,0.017039567,-0.01230535,0.00032956683
SLC36A2,-0.14194864,-0.18049482,0.0904966,0.3130196,-0.2691515,-0.0004285794,0.06304332,0.0008316206
CHAD,-0.011427327,-0.041104604,0.14258061,0.26447797,-0.14934348,-0.16108292,-0.019080967,-0.0033785386
FBN2,-0.012339904,0.07732681,-0.06951317,0.21890168,-0.15644693,0.1310422,-0.11642577,0.0006731913
COL11A1,-0.030280124,0.24559644,0.05021012,0.24619448,0.03730102,-0.001506105,0.019787604,0.09042966
COL22A1,-0.07402039,-0.21251076,0.023362836,0.33480424,-0.20350127,-0.029129384,-0.030005721,0.001651428
MMP9,0.067200825,-0.29418883,0.03550089,0.20623493,0.26675817,0.0013357748,-0.10311855,-0.14120531
MFAP4,0.081650525,0.3298667,0.006176642,0.09219023,0.032032065,-0.00274647,-0.0035876306,-0.0070766024
IGFBP5,-0.044143543,0.12682763,0.1384933,0.1627991,0.023087537,0.08771223,0.026287213,-0.115465686
COL2A1,-0.13220848,0.10898599,-0.016604153,0.20635717,-0.092571445,0.012295147,-0.0009872525,-0.007839065
HAPLN1,-0.055403367,0.25377512,0.0011088557,0.20180592,0.053537514,0.00952293,0.11781275,0.013074611
NGEF,-0.09083758,0.078467906,0.1389015,0.15597263,-0.11258445,-0.12095724,-0.043012045,0.057397082
NKD2,-0.062173072,-0.045988046,0.35377744,0.0073416205,0.054511312,-0.09585057,0.046233192,-0.083864994
ANGPTL2,-0.001099004,0.34254724,0.007537238,0.19943954,0.11197259,0.060709007,0.129981,-0.030083094
SFRP4,0.17010377,0.08674467,0.16615151,0.05282215,0.21748844,-0.12735635,-0.019251524,-0.0051663877
C1QB,0.2940309,-0.0153688975,0.083994634,0.0017214108,-0.16890182,0.02009826,0.2364621,0.1430022
FNDC1,0.032923535,0.22761829,0.1534789,0.24206753,0.04247143,-0.10904796,-0.008209199,0.04348113
CD84,0.14429924,-0.29238668,0.0074224914,0.20766248,0.26358947,-0.0018178055,-0.11975728,-0.040093586
POSTN,0.013793976,0.27633289,-0.004124786,0.18251586,0.1363017,0.0019174292,0.043818526,-0.056321546
C1S,0.19287787,0.16036688,0.24271075,-0.014805663,0.06612714,-0.12559535,0.037562333,0.0017840454
THBS2,0.07865475,0.31418628,-0.026809407,0.21690664,0.1500493,-0.0018205519,-0.02137869,0.006197406
FBLN2,0.12416318,0.24487327,0.003591936,0.1516656,-0.078434296,-0.0063267965,-0.09942281,-0.042680584
CRYAB,-0.014833549,-0.10426896,0.018477546,0.08099529,0.042453058,-0.082057506,-0.179793,-0.019562168
SEMA3B,-0.086624995,0.09391716,-0.08623816,0.37162685,-0.15845527,-0.046295635,-0.05927536,0.058456767
CXCL14,0.15096769,0.19265169,0.15999226,0.10655578,0.022572584,-0.13798758,-0.017290823,-0.013132626
TGM2,0.24926019,-0.05052012,-0.0013400742,0.003784731,-0.093954064,0.091200486,-0.0051678894,-0.070847824
PI15,0.076450124,0.23347847,-0.01665849,0.14959896,0.033951726,0.012584436,-0.12366988,0.0018642372
DLX3,-0.14315712,-0.2706111,0.20924133,0.14012896,-0.22438277,-0.00045616244,-0.04133485,-0.0058103977
IGF2BP2,-0.06419777,-0.012699363,0.0141290855,0.01732897,-0.06343385,0.10517463,-0.10121705,0.027338108
APCDD1,-0.12687354,-0.115004,-0.0019669398,0.3168351,-0.2044325,0.08479361,0.023292545,-0.037800368
NDN,-0.014303011,0.012400983,0.038701758,0.040933635,-0.123807035,0.0042797914,-0.024769116,0.0724447
SLC13A5,-0.12319393,-1.332647e-06,-0.102589056,0.36737344,-0.22384344,0.06371998,0.09169623,0.0069338484
CD74,0.32473567,0.013564928,0.10049716,-0.011191616,-0.15957583,0.045608215,0.2175861,0.13366418
EEF1A2,0.030476442,-0.1431767,-0.059323333,0.17345254,0.078566,-0.03262813,-0.16119426,0.0050553433
SLC8A3,-0.19877493,-0.15036757,0.12637258,0.27099743,-0.24855787,0.011116993,0.018916551,0.013880119
LAMC3,-0.05681367,0.017019697,0.31068575,0.037772045,-0.072429314,-0.10540771,-0.031064913,-0.011335554
PRND,0.1262261,-0.016517531,0.10620818,0.09674903,-0.16097428,0.022616778,-0.08292599,-0.38774785
DCN,0.059621315,0.1978188,0.19781464,0.095112346,0.1614488,-0.13491781,0.003485194,0.11586612
ATP6V0D2,0.090723656,-0.2854116,-0.0030095675,0.22567776,0.31271672,-0.0061978917,-0.114153475,-0.07488766
ENO2,-0.01676543,0.10936892,0.062918685,-0.031905383,0.06289951,0.068693854,-0.01051406,0.074486054
SLC29A1,-0.009796285,-0.19571511,0.2965433,-0.07434957,0.024206052,-0.008639317,-0.059770323,-0.14836854
ENPP2,0.009531049,-0.1302438,0.32517105,0.118942484,0.02258633,0.009939962,0.061712094,-0.03573947
PALM,0.041150052,0.1531651,0.02134914,0.116217546,-0.22647895,-0.10852925,0.0009918394,-0.019172955
CTSK,0.1438538,-0.2541023,0.009805578,0.20356987,0.31517923,5.893048e-05,-0.13258716,-0.044073597
MAB21L2,0.02165458,-0.074088894,0.11033896,0.023376647,-0.042280003,-0.119991854,-0.12254956,0.084920906
MMP13,0.013309076,-0.19053419,0.016617456,0.19053145,0.1066059,0.010611887,-0.019512516,-0.13210237
STC2,-0.027534064,0.012807532,0.08637431,-0.06781651,-0.001526605,0.0066489694,-0.11040499,0.036186088
MXRA5,0.09973501,0.23574927,0.23118183,0.05957756,0.19278096,-0.01462011,-0.005994375,0.0062846933
ROR2,-0.03507535,0.29272076,-0.032280993,0.18925557,0.056478996,0.14459576,0.068472326,0.098364174
BAIAP2L2,-0.13902701,-0.0754397,0.08298456,0.15854537,-0.15382932,-0.0066262395,0.06410677,-0.010233795
TNFRSF19,-0.07398318,0.07332454,0.1436484,0.18086417,0.08456864,0.12276209,0.086476296,0.00633599
RCOR2,-0.21374935,-0.062898025,-0.017379636,0.2976666,-0.20410302,0.09520087,0.16754901,0.0005720398
LUM,0.05404968,0.17946377,0.22265561,0.11138696,0.20606743,-0.16725099,0.0034853444,0.12387739
SERPINA1,0.24301676,0.013529415,-0.103699245,-0.0099764755,-0.033131793,0.10849503,0.1517673,0.12900417
EFEMP1,0.08229617,0.2063034,-0.024465596,0.14287609,-0.010071748,-0.0015229586,-0.07497706,0.01850944
OMD,-0.13489008,-0.032724183,0.22266348,0.2743733,-0.009504761,-0.08753181,0.092534885,0.005248017
NCAM1,-0.15396023,-0.14183687,0.17583643,0.14095919,-0.10830491,-0.0028549156,-0.10548923,0.020672742
SPON1,-0.06854233,0.21525134,0.14217708,0.18065785,0.014084886,-0.023672516,0.117592275,-0.011213182
CXCL12,0.21950056,0.093558475,0.089444354,0.030247716,-0.047539003,-0.020076415,-0.0059176157,-0.06248626
GPRC5C,-0.13858753,-0.06454856,0.109666206,0.32540953,-0.12479795,-0.02492349,0.16327593,-0.077517614
MYOM1,0.02437144,-0.027738009,0.029540496,0.03181381,-0.20431873,-0.01809157,-0.18098639,-0.01932255
PRSS23,0.1433878,0.19411497,0.122742094,0.01641531,0.15068045,-0.019760605,-0.0649528,-0.09815123
ABI3BP,0.13827045,0.2577508,0.008194488,0.17790653,-0.09120254,-0.0047237067,-0.094506145,-0.006365333
RHPN2,-0.17575248,-0.036552902,0.05783498,0.121007204,-0.24966677,0.07058315,0.055872615,0.013327832
BMP4,-0.119769566,-0.20378396,0.25469053,0.009227007,-0.116930254,0.024573771,0.11544215,0.0067776293
OAS2,0.20088781,-0.054026008,0.20879696,-0.113882445,0.0022162483,0.011733709,0.13491717,0.0042774077
GLDN,0.03588748,-0.13126163,0.39250967,-0.006885757,0.018922936,-0.093923025,0.010564339,-0.10691715
DKK1,-0.039639756,-0.08738584,-0.02311833,0.16683446,-0.24782895,-0.015927322,-0.1015089,0.04194593
ASPN,-0.0023853644,0.31006393,0.03779847,0.24753487,0.13036758,-0.00021217694,0.055533495,0.008154635
TFAP2A,-0.086380064,0.029649349,0.03744197,0.037601277,-0.08920119,0.09809527,0.005513686,0.013485963
COL3A1,0.021334143,0.33934966,0.0031425045,0.21960032,0.13281845,0.0036412866,-0.022526924,-0.08578475
SPP1,0.114320934,-0.2669361,-0.08035077,0.30326343,0.08641862,-0.010784484,-0.04043528,0.023100508
ESM1,-0.02205782,-0.044021152,-0.055776563,0.009398455,-0.113845214,0.123011574,-0.29476547,1.4008471e-05
BIRC3,0.20408826,-0.21603888,-0.068829045,0.0061264457,0.15647453,0.061201897,-0.14608592,-0.0027617684
TCIRG1,0.14496647,-0.2840024,-0.011262302,0.22889572,0.28307053,0.0020207479,-0.05962897,-0.08381451
OAS1,0.16608156,-0.08328801,0.22143933,-0.10106366,0.0021788625,0.021559644,0.23247579,0.05504671
CD248,0.05575192,0.20684941,0.003998507,0.29671234,0.06323476,0.026705913,0.080749325,-0.068122156
TNC,-0.051411733,0.055130236,0.30549002,0.113438606,0.13114229,0.05255594,0.07439853,-0.00080264645
COL5A3,0.07845755,0.07625502,0.15572071,0.056009505,0.012487526,-0.0009212189,-0.00504972,-0.35776693
APOC1,0.24984354,-0.065338336,-0.060945705,0.047614377,-0.069674656,0.09963805,0.18530692,0.1510312
COL6A3,0.033402044,0.25801453,0.17327604,0.107972175,0.22655903,0.015697867,-0.026997363,-0.07138566
ENPEP,-0.05878397,0.07085642,0.18832898,0.11784287,0.02789487,0.124955125,-0.043549936,-0.060244314
ECM2,0.025366819,0.2338036,0.2002342,0.09940741,0.16899294,-0.015570774,0.07472213,-0.06350517
SRPX2,0.1156094,0.02932873,0.12554419,0.000618497,0.24771217,-0.04737343,-0.09412485,0.0014920511
AIF1,0.32521623,-0.02075433,-0.011202184,0.010255352,-0.12881757,0.042770334,0.20694625,0.15811317
LRRC17,0.005506181,0.19152024,0.023530621,0.2457439,0.052263644,0.0048666396,0.011300735,0.0013392105
GAS1,0.11148773,0.18430495,0.06953339,0.0039955173,0.14537519,-0.03501471,-0.12666292,-0.021837713
ITGA11,0.010245587,0.11011886,0.2650139,0.10554315,0.33663014,-0.049086872,0.044369645,0.03013913
ALDH1A1,0.09588824,-0.05284448,-0.02939432,0.091796644,-0.03805917,0.16219746,0.117345415,-0.036430817
PRICKLE1,0.041199923,0.23081306,-0.07314699,0.18557002,-0.06713315,0.09362239,-0.06964562,-0.0014790136
HAS2,0.0006093641,0.2442521,-0.075192,0.14466536,0.070936576,0.12392963,-0.01646766,0.010121313
COL14A1,0.066874884,0.32031012,0.006001894,0.103072695,0.002018636,0.017844113,-0.019386875,-0.12921716
CDO1,-0.049007673,0.08231676,-0.032735728,0.18811917,-0.14217173,-0.009077627,-0.060167283,0.00051864557
MAMDC2,-0.05063657,-0.17676306,0.20703118,0.19628158,-0.04408254,-0.004475269,-0.12838776,0.0007754664
DDIT4L,0.038975324,0.2125675,0.1754352,-0.021402488,-0.015323511,-0.05423649,0.0029276577,0.005598971
COL18A1,0.13500826,0.11887113,0.04252263,0.094472244,-0.07431112,-0.0044154963,0.020273715,-0.38985047
TNFAIP6,0.09798058,0.23880957,-0.023416813,0.19236684,0.045755055,0.01619181,-0.01867887,-0.00027524345
HSPA2,-0.07314566,-0.06356856,0.28850204,-0.025167113,-0.0137255415,0.056280617,0.042767942,0.012802384
NT5E,0.07893468,-0.005179697,0.18304479,-0.01441342,0.21943878,-0.07111022,-0.26038697,-0.004785024
PHOSPHO1,-0.14271708,-0.1700544,-0.0051414594,0.33718118,-0.24974506,-0.05874596,-0.0031311123,0.01013889
RGS5,0.1274565,0.12533204,0.10438216,0.12929852,-0.17629616,-0.054357722,-0.13584884,-0.1681431
SYTL2,-0.07887882,-0.007481249,0.14695163,0.11185157,-0.06449053,-0.010777379,-0.08809637,0.015715038
BAALC,0.05318492,0.06574252,0.016151672,-0.0007687578,-0.0128421495,-0.056974646,-0.03918168,-0.12509021
SLCO2B1,0.3285981,0.0020754498,0.14182127,0.04871614,-0.148943,0.11844449,0.12863038,0.130785
NID2,0.047168404,0.220146,-0.042244628,0.07538629,0.0814423,0.2331188,-0.17567647,-0.12642379
SLIT2,-0.01808134,-0.013176655,0.24754353,0.19869371,-0.066241875,0.0040812017,0.016439898,-0.12733045
CA3,-0.09007527,-0.13937917,-0.043718733,0.22893983,-0.24045265,-0.00035197922,-0.008363282,-0.002982223
OSMR,0.17563848,0.08537694,0.044468712,0.11768122,0.18191536,-0.010640827,-0.13770394,0.009875552
EGR1,0.0887913,-0.014656004,0.13844547,-0.0015029946,-0.016016126,0.006674544,-0.13905163,-0.03406472
FZD1,0.021735728,0.3149305,0.024281088,0.13493699,0.113626495,0.053888757,-0.1586937,0.08170631
TGFB3,0.031060703,0.24321909,0.017287767,0.13653879,0.13610016,0.10331707,-0.024278283,-0.18248905
SLC7A5,-0.119957246,-0.0022792108,0.0674663,-0.042287894,-0.009819734,0.18523538,0.06747023,0.011452468
COL12A1,0.01587899,0.2161487,0.037274297,0.26245755,0.18775535,-0.013620015,-0.021112831,0.017109808
CPE,-0.19374695,-0.117972925,0.19575426,0.24877237,-0.23008265,-0.026891142,-0.052928705,0.013038185
CTSS,0.31882504,0.005739937,0.0047154394,0.011856539,-0.11040686,0.10838469,0.1754835,0.20292945
TSPAN33,-0.014204634,-0.11798385,0.07709908,0.11594714,-0.22100058,0.13464113,0.21034941,-0.012782934
DPT,0.03357477,0.06348751,0.22203644,0.12245372,0.12072223,-0.14929107,0.07454339,0.006025789
MAPK13,0.116069555,-0.047821425,-0.12446174,0.20526543,0.06820253,0.06862719,0.11638428,-0.014446828
FLNC,0.0020828976,0.25266635,0.004389351,-0.006315712,0.075385936,0.090632915,-0.1310321,0.03998163
LRP4,-0.122411974,-0.18261681,0.24046929,0.11096423,-0.12660526,0.04458844,-0.0068435655,-0.001953608
ITGA2,0.09256661,-0.22409898,0.02068485,0.1311652,0.13517599,0.0751063,-0.2987273,-0.1923769
ENTPD3,-0.010677126,-0.17405742,0.13013214,0.13320154,-0.0853984,0.002675668,-0.11989876,-0.0019317653
C1QTNF1,-0.013425508,-0.19410343,0.2749228,0.13473779,-0.07761841,-0.18266779,-0.08292469,-0.01163238
NRIP3,0.08289456,-0.0016375288,-0.07863266,0.2510204,0.11315396,0.08763155,-0.0732886,-0.055596825
FBLN1,0.037462737,0.11858393,0.34329152,-0.0097655,0.15721157,-0.059911035,0.045416147,-0.037829567
VCAM1,0.17462935,0.10490078,0.15528695,0.047268752,0.04269623,0.04285104,-0.07758901,0.002161462
RNF150,-0.0032209386,0.13722432,0.092697814,0.15620326,-0.0544934,0.093695134,0.0036742827,-0.033636805
IL11RA,0.00929589,0.23616114,-0.00097607065,0.20532162,-0.065267935,0.017112916,0.0126178255,0.07059203
HERC5,0.12092668,-0.16331317,0.21015222,-0.091692045,0.004455535,0.08010431,0.060542416,0.034477256
RHBDL2,-0.17400478,-0.19913574,0.1705461,0.2283609,-0.19640927,-0.03878781,0.043826677,0.08573563
AHR,0.15144476,0.19241424,0.076207325,-0.012707,-0.06296719,0.069080226,-0.20728712,0.008386803
MMP2,0.03995802,0.2696224,0.15901902,0.18750255,0.101251766,-0.082640894,0.06876432,0.053851206
DTNA,-0.022007145,0.04049176,0.062084153,-0.015173112,-0.25398606,-0.005355421,-0.17044033,0.104414895
ECM1,0.13307501,0.084816575,0.18860108,0.04140019,0.08741659,-0.06667666,-0.049720827,0.0013010126
KCNG1,-0.12850615,-0.0055921203,0.0027236082,0.104421005,-0.06579862,0.120024405,-0.024233004,0.0026364413
HEY1,-0.099223346,-0.19416729,0.12217408,0.03860431,-0.15262428,0.06801106,-0.07005566,-0.15050836
GCNT1,0.05206047,0.057554048,0.0143693425,0.003330325,-0.029283093,0.11602706,-0.03639003,0.066527836
GPR137B,0.12690979,-0.23656437,0.04660151,0.18444307,0.28355297,-0.0074000815,-0.22984895,-0.0005173379
ITGB2,0.33072177,-0.05235313,0.03009337,0.023409843,-0.020428102,0.09939034,0.14365688,0.14752337
DKK3,0.043114442,0.28065822,0.044536557,0.10636299,0.06946661,-0.015121276,-0.056731455,0.044453606
EDIL3,-0.009310592,0.23722413,-0.016470676,0.20703648,0.19530842,0.044452637,0.0400662,0.061208174
CLIC3,0.066646196,0.03687382,0.0031011028,0.23092085,0.18519452,-0.06272866,-0.09288402,0.020035127
CNTNAP1,-0.053305607,0.103440374,0.27470535,0.036307234,0.03844746,0.14009987,0.069011286,-0.085765354
IGFBP3,0.011628065,0.16522247,0.03736168,-0.0346488,0.033913307,0.06933812,0.043563057,-0.32100156
TBX2,-0.09923674,-0.15698089,0.28819948,0.11782639,-0.15356937,-0.07351754,-0.03486845,-0.005752082
HK2,-0.07560529,0.09437775,-0.09827709,0.0032753723,0.09227781,0.20712954,-0.051173694,0.11605858
FGFR1,-0.090468876,-0.08224564,0.4188109,0.056234762,0.09986903,-0.0156077435,-0.04278719,0.086759366
LDLR,-0.07685158,0.067238346,0.13398062,0.0023745412,0.082086004,0.16381133,-0.013863177,-0.0154858725
IL18,0.2980474,-0.06521998,0.016676508,0.022122618,-0.1428617,0.07904889,0.051374406,0.14196569
THY1,0.094793245,0.2827126,0.032242075,0.124035165,0.071228564,-0.0063160732,0.051465247,-0.12468054
NFIX,-0.07791612,0.27948207,0.27589738,0.045232866,0.015945753,-0.015167707,-0.0071179997,0.07248401
LTBP4,0.030058827,0.19971575,0.119409025,0.061934803,-0.051093325,-0.108878896,-0.02440532,-0.06217058
PDZRN3,-0.01719897,0.26698834,-0.100447275,0.17525572,-0.017470654,0.021384949,-0.16410416,0.07328339
SLC7A8,0.19470108,0.10055898,0.080574475,0.023175325,0.04113773,0.10169765,0.08183347,0.1275374
LRRC15,0.011685115,0.017096823,0.20831099,0.14870632,0.20403697,-0.083907634,-0.002439286,0.04076714
ITGA10,-0.12178935,-0.12825575,0.23189747,0.12506805,-0.05204187,0.0351342,-0.08289524,-0.0011312881
ADAMTSL2,-0.025113847,-0.062810175,0.23833753,0.18424776,-0.106158026,-0.08782718,-0.10174341,-0.07463109
HSPB6,-0.022289604,0.20817873,0.014936466,0.03746077,0.0044754324,0.014027779,-0.0057068313,-0.05263779
PODN,0.110192165,0.31601807,-0.0039343033,0.1708179,0.08454192,-0.028081829,0.023461198,-0.014461734
COL13A1,-0.14713776,-0.15964565,0.27402696,0.18933316,-0.17718992,-0.039064858,0.02085616,-0.016481088
BASP1,0.007048418,0.17716421,-0.049413145,0.18410191,0.11252113,0.10829838,0.13041076,0.034116734
SLC20A2,0.01074011,-0.11421649,0.20327592,0.05396118,-0.06840705,-0.06306452,-0.0092996415,-0.09717761
FEZ1,-0.039741714,0.072865516,-0.033186983,0.13785039,-0.15212978,-0.0023738754,-0.01933637,-0.032198578
PLEK,0.3153124,-0.15326054,-0.012966102,0.034483504,0.06355021,0.10851533,0.07069032,0.08733736
CLDN5,0.18871808,0.008648683,-0.061833337,0.07452823,-0.14884172,-0.08834117,0.0625539,-0.40799257
THBS3,0.0019321347,0.2806224,-0.03889349,0.20815487,-0.01618963,0.001523693,-0.095694475,0.02353048
LXN,0.014987477,-0.15485267,0.16013741,-0.036373742,-0.005953197,-0.067459956,-0.038496733,-0.1318614
NDRG2,0.021596558,0.021061013,0.07801829,-8.3298454e-07,-0.21627852,-0.14227323,-0.069170654,0.007327907
SNCAIP,-0.09246506,-0.09811374,0.21773592,0.11404703,-0.14353679,0.044890936,0.01411094,0.017995058
DPP4,0.059959207,-0.25714323,-0.0031193644,0.22253624,0.26680583,0.0027188929,-0.23389348,-0.0020613421
GALNT3,-0.11006686,-0.15590443,0.24945939,0.08667246,-0.16292335,-0.035718862,-0.14260419,0.111393824
PTK7,-0.04839394,0.1258936,0.12349566,0.09637526,0.15865049,0.19371532,0.1776586,-0.08582192
IGFBP4,0.18524513,0.13429172,0.13488793,0.13051316,0.006367533,-0.014461031,0.0754431,-0.13370696
FZD7,-0.02440625,-0.082724184,0.28282705,-0.09214823,0.025267044,0.052343354,-0.2261495,0.0004796428
ADAM22,-0.12205141,0.011635817,0.036703553,0.14270495,-0.23469985,0.10850422,-0.09425074,0.04617436
LOX,-0.0026416664,0.102338195,-0.06353008,0.22744477,-0.059797466,0.0077661723,-0.20770419,0.17965557
MMP11,0.063536406,0.021679398,0.19770017,-0.015635245,0.14428456,0.01011122,0.10172562,-0.018475525
PDGFRL,0.016350709,0.15396442,0.24515073,0.12617986,0.114349954,-0.1478368,0.09071693,0.011105747
IBSP,-0.08356626,-0.20052208,-0.02783738,0.3603342,-0.13325329,-0.022840468,-0.0094037205,-0.0042747054
GPC2,-0.06774602,-0.0159445,0.002173191,0.1328404,-0.03520003,0.19250587,0.028367601,-0.008492684
IRX2,-0.099898055,0.015142138,0.09592268,0.07167033,-0.06807718,0.07224066,0.13660878,0.0076190247
IFI35,0.19000323,-0.106957145,0.2375137,-0.115537286,0.027702486,-0.0078486195,0.22678177,0.02981122
CTSH,0.20952167,-0.05593083,0.22371921,-0.08597741,-0.00866868,0.0032762995,0.18272088,0.1668104
LRRN3,-0.09210595,0.08459762,0.010760911,0.2587939,-0.020036042,0.061450943,0.0016379103,0.011789128
CADPS2,0.117594935,0.048680864,0.1248683,0.09720494,-0.1248613,-0.005479786,-0.20847625,-0.013498669
ADAMTS4,0.07103996,0.19978878,-0.013484676,0.09653024,0.15319704,0.1280399,0.011718494,-0.22924894
WNT5A,-0.06454943,0.027680784,0.09960919,-0.002818683,0.11830998,0.12372569,-0.08050857,0.0066559883
GIMAP4,0.30047202,-0.02732271,0.03924624,-0.017193384,-0.1962589,0.08294047,0.25831762,0.08643009
TM4SF1,0.23929097,0.13828152,-0.016423957,-0.014376855,-0.020003228,-0.025711425,-0.030541198,-0.21205726
HSPB8,-0.04678367,0.06487864,0.09950318,-0.06820551,-0.025219377,-0.046716336,-0.1348355,0.011716037
DLX1,-0.17435372,-0.08435507,0.047957998,0.001782808,-0.1308042,0.15775917,-0.005324836,0.006648689
ATP6V1B2,0.12045754,-0.2796883,-0.011607066,0.20180126,0.292373,0.06191508,-0.14322874,-0.035791438
ACTA2,0.14665923,0.16255091,0.15489018,-0.038453735,0.0777481,0.009103987,-0.021058341,-0.10997049
SPI1,0.25771546,-0.25118586,-0.0035042192,0.13722165,0.18117422,0.04971978,0.025727132,-0.0019146799
CDC20,-0.14312437,-0.0055102226,-0.0070143077,0.01593369,0.069168,0.34992856,0.17258662,-0.0043852697
RARB,-0.06434098,-0.21996859,0.17976065,0.050117724,-0.16982831,0.04260524,-0.07825367,0.016311117
SULF2,0.070069425,0.12171871,0.09068605,-0.06838909,0.038459446,0.116159506,-0.12216468,-0.0057432186
APOE,0.24330589,-0.046035133,0.02466022,0.0845641,-0.015086196,-0.0012606647,0.17901245,0.0055120066
PITX2,-0.10406597,0.06459758,0.12379843,-0.019026084,-0.018638711,0.027332423,0.0663114,0.0127265
SLC29A4,-0.13987523,-0.116302334,0.23946887,0.12944883,0.0057755876,0.0010480705,0.11489414,-0.003402405
SPOCK2,0.17225406,-0.08018379,0.146432,0.016364308,-0.17154779,-0.004517788,0.04181843,-0.02059409
LRRC25,0.29109973,-0.1622118,-0.031780068,0.13509928,0.13277282,0.09025482,0.1592104,0.006831212
CDC42EP5,0.018929482,0.121083304,0.051048514,0.16308159,0.019205075,-0.1568066,0.13563444,-0.09596998
ISG20,0.21168335,0.006526188,0.0866702,-0.11250518,0.022727994,0.11325857,0.21552803,0.0615848
FBN1,0.16206357,0.22273141,0.18470736,0.0030215585,0.12027094,-0.008134799,-0.1667191,-0.006009263
GABBR1,-0.07256637,0.07655534,0.15383647,0.08206931,-0.1065988,-0.05524808,-0.0447185,0.0030433221
NRXN2,-0.006879949,0.08631944,0.24160293,0.0030233008,-0.027730249,-0.03478238,0.039715014,-0.11479258
NINJ2,-0.003732294,-0.050431088,0.25021282,0.107676364,0.061462052,-0.11786284,0.10231952,-0.0032941583
PROS1,0.08877691,0.01850008,0.103498556,0.15729158,-0.035291884,-0.02128529,-0.09003346,-0.07854252
PPFIA2,-0.07823024,-0.18442726,0.34060505,0.003295198,-0.0884873,-0.073155835,-0.010965728,0.003077857
TNFAIP8L3,-0.11663444,0.12692045,0.20313425,0.07637526,0.009607389,0.020244695,0.11377022,0.0034294566
TSC22D3,0.06328122,0.019760653,0.26213628,-0.10003001,0.020638356,-0.102730095,0.05049853,0.00040531842
BMP7,-0.120391116,-0.040705394,-0.026138715,0.19590318,-0.13175578,0.11170152,-0.006754288,0.020847518
FN1,0.11755352,0.0950612,0.24362704,0.02912046,0.17175803,-0.06659949,-0.17721076,-0.0028731036
CAV2,0.18662658,0.22007376,-0.060188025,-0.108347476,0.046662573,0.04100756,-0.12246237,-0.15149757
STEAP3,-0.06178093,-0.17806041,0.10463679,0.14955723,-0.08655417,-0.04601,0.019879848,0.0090872105
LCP2,0.2929747,-0.13567017,0.108823955,-0.002042044,-0.031928934,0.09844228,0.14275965,0.00744874
COL15A1,0.1789434,0.121479206,0.11101759,-0.0077179074,0.05242737,0.07492648,-0.110619776,-0.26435506
SDK2,-0.17401448,-0.115033455,0.21062036,0.19702043,-0.20304617,0.0004718962,-0.0688607,0.04805779
LSP1,0.20544554,0.20713978,-0.014635026,0.10568699,-0.018561775,-0.021838933,0.033414543,-0.06408029
SLC38A5,0.0073491638,0.15041086,-0.16033241,0.008153724,0.057163358,0.008015973,-0.055836912,0.06850626
COL11A2,-0.15947483,-0.01308683,-0.032433096,0.26570207,-0.2294903,-0.02016727,-0.027152698,0.008652885
BAMBI,-0.15866637,-0.2611565,0.09916827,0.24456848,-0.17137879,-0.00017404878,-0.010688078,0.0028161446
AEBP1,0.08893303,0.2089483,0.22164604,0.12412074,0.24258852,-0.092481256,-0.012742135,0.013181803
TGFBI,0.04720379,0.19105628,-0.001695163,0.23978506,0.20258415,0.118616186,0.09878629,0.015294467
SNTB1,0.022911903,0.0955909,0.22448961,-0.0074619954,0.0028390891,0.07834308,-0.008489801,-0.066340216
ANGPTL4,-0.09788604,-0.03535899,0.2552475,0.025335332,0.03204103,-0.044911012,0.16835336,-0.11269697
SCD,-0.12461179,-0.054393087,0.153784,-0.029259829,-0.024318377,0.12770689,-0.03407259,0.14282888
GIMAP7,0.29207358,-0.0008258595,0.031233473,-0.0112746805,-0.22135139,0.0821645,0.16743812,0.1342231
RGS2,0.15079017,0.0267343,0.00089621835,-0.0675359,0.061408997,0.08006582,-0.18577096,0.004282862
CFI,0.20007616,-0.013206352,-0.009313211,0.06833784,0.014890864,-0.014982232,-0.12827617,-0.008548044
CPNE8,-0.005252691,-0.01248593,0.07592012,0.12273633,-0.077762,-0.028583474,-0.025113648,0.088411815
MTMR11,-0.013109498,0.14777128,0.23723593,-0.025602285,0.022400314,-0.048890356,-0.043293197,0.012175899
EMILIN1,-0.11792796,-0.032321654,0.25492832,0.1717172,0.14747623,0.11511509,0.21314934,-0.043908473
BCAT1,0.02703317,0.16141987,-0.18765907,0.08639819,-0.027633257,0.21172273,-0.14450872,0.120975755
LRRC32,0.15467295,0.18982951,0.07952663,0.014826216,0.027512025,0.04680399,-0.04112774,-0.23779967
TAPBPL,0.21455725,-0.109270796,0.21774815,-0.06998849,-0.018167522,-0.0040819803,0.08442778,0.005794206
CHPF,0.0006806495,0.18168324,0.10838495,0.07633995,0.06574275,-0.11830143,0.17318255,-0.04284101
NQO1,0.05445444,-0.06308659,0.09656913,-0.14963777,-0.00791761,0.028027069,0.00014771424,0.0074060448
XPR1,0.0300996,-0.26817226,0.049489036,0.18328214,0.11997786,0.12482065,-0.34867907,0.07477864
HS3ST3A1,-0.041524295,0.10783006,0.073162295,0.08347636,0.062302522,0.1253896,0.09497266,-0.007907832
SELENBP1,-0.0128543675,0.11072526,0.03212023,0.17989843,-0.23146597,0.011348508,0.080292255,0.012520011
ALCAM,0.12121791,-0.020516342,-0.011519943,-0.0067665996,-0.022352524,0.08781294,-0.23026615,0.18249846
MYH10,-0.032970596,0.088931635,0.20601796,0.058850978,1.5691647e-05,0.12212228,0.08545369,-0.008531394
NFKBIZ,0.14045161,0.14701352,0.030698461,-0.04373956,-0.010047735,0.0558251,-0.10649727,0.0014210916
IL21R,0.19427545,-0.117360204,-0.008912783,0.10307567,-0.0077147167,0.06524378,-0.040372238,0.00892806
ANKRD35,0.037063926,0.13855658,-0.033645134,0.251804,0.04235172,-0.06839318,0.037547998,-0.0119339
TP53INP1,0.11807033,-0.08819859,0.12821802,0.079108,-0.11508753,-0.0057224417,-0.13121611,0.020725772
PPARG,0.11007321,-0.08585119,0.11986978,-0.019786317,-0.066101156,0.11326161,0.16485508,-0.069503084
ADAMTS1,0.014890637,0.258899,0.04715451,0.030625803,0.005553013,0.14551917,-0.055268433,-0.19892065
BACE2,0.043754708,0.13484798,0.1486088,0.06404731,0.11302523,-0.041430302,-0.024944568,-0.08883989
SEMA6A,0.05230048,0.11762439,0.008808033,0.1681363,-0.20315202,0.08132948,-0.121143006,-0.18518104
HES4,-0.03977237,-0.12210816,0.19216645,-6.0745097e-05,-0.13532785,0.069241695,0.039539356,-0.35853174
BCL6B,0.12999938,-0.039506834,0.109233096,0.025703764,-0.18004729,-0.0029665115,-0.065033026,-0.5029303
MAF,0.15285546,0.20674303,0.08220179,0.055750843,-0.03997373,0.063161395,0.04737193,-0.00036409017
ADAM12,0.050412282,0.05685255,0.004230069,0.13225333,0.10676615,0.095578104,-0.1702008,-0.014074079
PCDH12,0.1200121,-0.08005818,0.18660131,0.025902063,-0.13693489,0.012747195,0.005076807,-0.51990247
PARVG,0.3333144,-0.077185184,0.071811005,0.07803894,-0.051054012,0.090450406,0.13815469,0.13272808
CD86,0.30583435,0.04039171,0.09374369,-0.015575566,-0.06123734,0.09386686,0.16307479,0.19365151
FOSB,0.029921515,0.029530063,0.030227527,-0.068582624,0.0049653817,0.007932443,-0.11137091,-0.14124131
ARHGDIB,0.31167772,-0.09924715,0.008732389,-0.010115078,0.00040462238,-0.044227812,0.075230554,-0.07914848
CYBRD1,0.0412197,0.10664763,0.38391653,-0.0968615,0.051458273,-0.10442662,-0.122270405,0.05074165
KIT,-0.035038013,0.023105403,0.25169888,0.025040753,-0.13630468,0.048869222,-0.07436581,-0.091758594
GJA1,-0.057964027,0.006209003,0.09298472,0.22719821,0.1204327,0.09861755,-0.2466021,0.08995488
CDH23,-0.039710663,0.12124091,0.24198435,0.054691575,0.011403181,-0.04714324,-0.039124426,0.010723512
TNFRSF12A,0.10253554,0.1082569,-0.10031491,-0.0065133097,0.26954976,0.090308316,-0.0008982836,0.0042674607
DUSP1,0.14232743,0.0795788,-0.0015488132,-0.13235931,0.06573601,-0.004212201,-0.06111585,-0.015208969
PLCB1,0.007037708,0.23286857,-0.015471333,0.10554311,-0.18136165,0.10843162,-0.2308866,-0.03030186
NETO2,-0.07983538,-0.023652496,-0.021392444,-0.0029327439,-0.097543955,0.21722493,-0.06639138,0.012444761
HEYL,0.078964405,-0.054851137,0.105007574,0.10853472,-0.13508703,0.034612905,-0.034623373,-0.40021914
SV2A,-0.1085422,-0.010815095,0.20136312,0.046332475,0.0015233014,0.105559126,-0.054937802,-0.0076970304
SLC43A2,0.31808907,-0.06577801,-0.019600572,0.07101701,0.054152608,0.08198189,-0.00835751,0.06871092
LTBP2,0.09070037,-0.008079227,0.33748198,-0.0556745,0.032416537,-0.10350197,-0.040960822,-0.0011431669
PTGER4,0.21548899,0.08812474,0.11021047,-0.12807682,-0.03418964,0.0044272337,-0.14451298,-0.016379084
SKP2,-0.1784297,-0.020944897,0.17433377,0.006475966,-0.067862175,0.2726262,-0.0203166,0.014200771
A4GALT,0.1859335,0.14562231,0.009569953,0.054538134,-0.11688568,-0.11640949,-0.031825233,-0.0010348913
JDP2,0.08777971,-0.17830616,0.12627323,0.21481514,0.3453137,-0.05205939,-0.10339829,-0.0767977
SOX18,0.122720204,-0.008045163,-0.07082808,0.10671627,-0.15571295,-0.060930103,0.047610175,-0.36305055
PCSK5,0.017907754,0.09531065,0.12678015,0.113938645,-0.045536093,-0.09241204,-0.21243192,0.03362116
DUSP2,0.13539976,-0.2727876,-0.10114408,0.11576086,0.19140357,0.012439461,-0.07643047,-0.034483
MTSS1,0.030845668,-0.25242138,0.07934185,0.08407573,-0.22934516,0.07588986,-0.07823166,-0.13980286
PRPH,-0.120611906,-0.020560604,0.112832986,-0.043201983,-0.15080887,0.06781549,0.081718735,-0.008533132
PLAG1,-0.009890295,0.04617672,-0.026195846,0.104897104,-0.121445134,0.10554129,-0.095867455,0.0045693354
ABCA3,0.17196195,-0.1128006,0.01113995,0.103282094,-0.25598076,0.0876503,-0.037067592,0.1693734
UNC5B,-0.10984642,-0.18038306,0.3361441,0.095722064,-0.05600952,0.026507346,-0.023310939,-0.04701856
EPAS1,0.19771732,-0.026528573,0.30974957,-0.09101611,-0.07284329,-0.10873305,-0.19757225,-0.12716213
CYGB,0.05743236,-0.15952976,0.15809554,0.16656744,0.05935386,-0.053130955,-0.10120206,-0.22732504
STEAP2,0.07469509,0.13289069,-0.09465703,0.060696352,-0.003860204,0.11636633,-0.041577283,0.0073574465
CGNL1,0.07431327,0.19904783,0.16530854,0.014936439,-0.008803386,0.0040031252,-0.13118482,-0.14413397
CDH15,-0.06310846,-0.24055022,0.13823839,0.20183586,-0.12421192,-0.0010315445,0.087789275,-0.08853579
TNN,-0.09514078,0.21295087,0.058366153,0.24059142,0.059604544,-0.014956197,0.10730019,-0.0010057613
DAAM2,-0.1107285,0.01472092,0.31720236,0.016694512,-0.050103918,0.0076758065,-0.014502522,-0.0065999385
BNIP3,-0.10876514,0.08372467,-0.06093408,-0.042246584,0.06677241,0.038863886,-0.13032643,0.1448541
IL1R1,0.06973793,0.0044916826,0.28922158,-0.026451577,0.06081824,-0.084179685,-0.2665715,0.029358877
LEF1,-0.10055614,-0.008027855,0.28427866,0.07604846,-0.020390311,0.052421857,0.008632666,-0.13825013
BCL11A,-0.07006933,0.054150403,-0.018650996,0.09612951,-0.04909457,0.15829614,0.07908045,0.00410464
SLC1A3,0.0072488664,-0.06418849,0.23214152,0.018387744,0.12203244,0.12543274,0.18431242,-0.0041820602
PTPRE,0.28153735,-0.16763586,-0.019599497,0.106701486,0.10425884,0.044404518,-0.11655379,-0.032642744
SETBP1,-0.067939825,0.07419191,0.4496117,-0.012982148,-0.04080141,-0.024471257,-0.14499065,0.071783476
COL5A1,-0.022097768,0.22005412,0.1691418,0.27016127,0.18331307,-0.04551034,-0.021441067,0.002128577
TBX3,-0.12181867,0.031180564,0.34963888,-0.005522785,-0.00093208154,-0.022724345,0.05918325,-0.047724444
CSPG4,-0.09085362,0.026390644,0.2521348,0.13439856,0.020483442,-0.063728474,-0.10259158,-7.7772704e-05
MET,0.09838178,-0.053590037,-0.08463903,0.0070037614,0.11454238,0.10654795,-0.46700236,0.014865807
ZNF521,0.029923027,0.33522725,0.1048837,0.08182894,0.011872618,0.04179659,-0.06224672,0.0060997847
INSIG1,0.025364531,-0.1982445,0.038201068,0.13454178,0.3021669,0.06814011,-0.14634538,-0.0010147132
PPFIA4,-0.07081593,0.073926136,0.10819872,0.049713213,-0.06128632,-0.06383422,-0.1543153,0.05134077
CTHRC1,0.029794173,0.064592525,-0.07816711,0.23146658,0.10402921,0.026981056,-0.13243017,0.020105932
ST3GAL6,0.12340818,-0.22797826,-0.012137373,0.075761706,-0.049787175,0.03117001,-0.14218019,-0.12739116
HEY2,0.010839497,-0.17477,0.29380903,0.018535657,-0.0073588286,-0.035148453,-0.13275607,-0.14381155
PMP22,0.022769624,0.22111087,0.053395566,0.0658633,0.13526417,0.013725542,0.06207337,0.0057197353
FBLN5,0.06475087,0.16558318,0.30529177,0.0051943962,0.04612631,-0.09201771,-0.060993135,-0.03842199
MFAP2,-0.056575697,0.11958511,0.1016185,0.20170057,0.16321191,0.006967933,0.031114269,-0.009921798
UBE2T,-0.17547742,-0.083218575,-0.036874738,-0.0855614,-0.0007759719,0.3167664,0.03436411,-0.011379765
SLC16A3,-0.060510494,0.0250974,-0.08026545,0.09632692,0.18122481,0.05333191,-0.09340235,0.12107603
NOTCH3,-0.010863967,-0.021456206,0.3871779,0.005652277,0.06779885,0.0075679063,-0.0027828796,-0.2955241
B2M,0.26953262,-0.08658417,0.07349104,-0.09262298,-0.047423538,0.011198118,0.06733409,0.1041993
PLEKHA4,0.048262853,0.09999685,0.117341466,0.04350873,-0.0236026,-0.005451327,0.04418967,0.010112768
EPDR1,0.05954276,-0.11264946,0.22871652,0.09169615,0.14068976,-0.06770715,-0.015912376,0.059338696
DUSP10,0.17195666,0.017734027,0.035051152,-0.08287966,0.15992554,0.10402857,-0.049585056,-0.09014278
ENC1,0.0068962397,0.048381854,0.03436107,0.08097246,-0.2521881,0.13181019,-0.054895714,-0.009355837
STK32B,0.072571605,0.17924833,0.04301424,0.1738136,0.039582774,0.005031411,-0.041692674,-0.027933674
CCDC68,-0.0652455,0.053508595,0.04078972,0.124594904,-0.080832705,0.0060161753,0.017220723,0.0005025917
GABRE,0.0066545014,0.13550425,-0.019704264,0.2018083,-0.11995788,0.0011464147,0.056507,-0.09744303
EPHA2,-0.12586585,-0.10534893,0.10172441,0.11709025,-0.011900651,0.12774356,0.05479937,-0.019367523
ALDOC,-0.06978174,0.05615177,0.037791576,-0.102760226,0.09035269,0.015318173,0.048692826,0.17718436
JPH1,-0.039891433,0.13732018,-0.036675394,0.002718043,-0.20439832,0.0008267632,-0.17360282,0.012171172
FRAS1,0.011890699,0.103818014,0.027472667,0.08110385,-0.061153322,0.085651636,-0.001325854,0.023232505
AADAT,-0.108416595,-0.08111719,0.034801286,0.0058016423,-0.09091299,0.080861785,-0.025184222,0.0038204463
ATP6V1A,0.09988074,-0.27500224,0.0072126566,0.2104504,0.24576621,0.09877459,-0.23523268,-9.415951e-05
ALDH1A3,-0.0064460845,0.00644562,0.09567663,0.13024308,-0.15748627,0.035552815,0.019791542,-0.0062019085
ECHDC2,0.010371887,0.01159227,0.0074340184,0.13362285,-0.0021652537,-0.011585634,0.01290298,0.0363005
CSF1,0.18369055,-0.21782131,0.17823566,0.07417029,0.18331593,-0.006186593,0.030666612,0.0013050471
TIAM1,0.035397757,-0.10090555,0.07189184,0.24061403,0.17251898,0.14274926,-0.12246779,-0.018987434
FZD3,-0.097467445,0.021521365,-0.050981663,0.12114524,-0.04066798,0.14449374,-0.06077994,0.008559277
F11R,0.20504177,0.03231525,0.008373166,0.055333987,-0.179951,0.0038080341,-0.23162982,-0.19777246
PTGS2,-0.029188687,0.06692069,-0.07462942,0.078693055,0.08803395,0.15166365,-0.13162833,0.010589327
COL6A1,0.06468852,0.24287419,0.2615284,-0.007237432,0.25795102,-0.04425641,0.010294258,-0.12890917
CBS,-0.15171173,-0.0047449227,0.18745805,0.093157366,-0.046844203,0.16244371,0.14784507,-0.0010536484
MCAM,0.05068968,0.009921554,-0.0909203,0.10868567,-0.29739198,0.10949222,-0.19081968,-0.38404956
VDR,0.0029496483,-0.096107535,0.14903867,0.19602644,0.026672333,0.11796579,0.095656715,-0.02692826
DHRS3,0.11574914,0.02377376,-0.1464897,0.12396428,-0.1552844,-0.001292103,-0.0030634508,0.09616351
ARHGEF19,-0.066923074,0.110999726,0.18972148,0.19296986,0.122500055,-0.20730808,0.09603212,0.001104148
ITGAL,0.30023414,-0.06097827,0.03647758,-0.003994002,-0.150794,0.14506279,0.06776755,0.16019197
GHR,-0.0324356,0.052587003,0.31621706,0.05740318,-0.119215034,-0.07715273,-0.22192581,0.0858268
GNPTAB,0.1291719,-0.23468176,0.0699783,0.16845119,0.2325782,0.04175054,-0.28473103,0.008373747
ITGBL1,0.124796286,0.15937321,0.11607076,0.06872309,0.007726923,-0.124584205,-0.21755314,0.10851629
PTPRC,0.31626895,-0.13184154,0.017900886,0.05680204,-0.013683818,0.11047317,-0.015887795,0.1469477
CD83,0.042311452,-0.07749421,0.25848472,-0.09850438,-0.04479882,0.05287357,0.11636468,0.02662893
COBLL1,0.033104144,0.11700044,0.12666136,-0.114728756,-0.17076348,0.0031254455,-0.18872526,-0.07495533
ECT2,-0.13009043,0.02167268,0.016107503,-0.02153169,0.058001436,0.38548064,-0.05233141,-0.00017732495
PAQR8,0.0048505426,-0.087054834,0.20465538,0.021899281,0.005424727,0.08129924,-0.07601163,0.07548346
PFKFB3,0.08792356,0.0044559883,0.0707075,-0.089374624,0.089344546,0.09768472,-0.16178714,0.08882014
MRC2,-0.093159184,-0.15936176,0.27371523,0.2309586,0.044497613,-0.007916373,0.058675706,0.0019121891
KNTC1,-0.109262615,-0.04647166,0.1066617,-0.030987721,9.436808e-05,0.3142051,-0.01971944,0.013576442
ACOT7,-0.05404396,-0.032837454,-0.12888488,0.03985171,0.049491055,0.26458618,0.096076906,0.020118907
CDA,0.24601522,-0.1057576,-0.0811584,-0.014988464,0.12833446,0.04329848,0.0535086,0.007166549
NR4A2,-0.006033111,0.14424695,-0.067654654,0.0030999614,-0.09561618,0.051831473,-0.25260714,0.002365256
TPM2,0.0695275,0.054023884,-0.021391928,-0.019440355,0.08787006,0.030887147,-0.025230858,0.00061698735
PTGFRN,-0.0649759,0.08894568,0.43380997,-0.06922865,0.10101938,0.03399175,0.023172911,-0.0009584894
TNFRSF11A,0.13252205,-0.26938528,0.020269865,0.24024029,0.24379331,0.0040921355,-0.13339083,-0.0018902351
HYOU1,-0.06849468,-0.088847026,0.072870634,-0.00064517854,-0.05492956,0.2264773,-0.110373564,0.012408525
HOXB8,-0.07702409,-0.040312156,0.10850857,0.022877429,-0.111376844,0.018881666,-0.010469375,-0.011486616
MTAP,0.046428405,-0.01618146,0.121456794,-0.1161278,-0.009507787,0.068340406,-0.19037186,0.043402378
SLC16A9,0.09988401,0.16974638,-0.010088534,0.08721844,-0.08976383,0.013079829,-0.16425188,0.0023966061
VWF,0.14867158,0.18392295,-0.057025902,0.058424756,-0.16828607,0.009811364,-0.06901451,-0.2671229
TNFSF11,0.0065728445,-0.19695811,-0.00026643812,0.15162487,0.18161698,0.019603081,-0.17403127,-0.10604428
NCALD,0.032370098,-0.017734507,0.24593154,-0.032041818,-0.07311734,-0.012870732,-0.02499358,-0.040292874
PFKM,-0.05721945,0.012976405,0.0017509863,0.15155618,-0.06416755,0.067244895,-0.023813955,0.00011523803
FGR,0.31076366,-0.013087437,0.034755,-0.0037934154,-0.17215097,0.059101265,0.058456834,0.10893716
CYP51A1,-0.1527839,-0.006720596,0.17154558,-0.07723677,0.10775156,0.24037562,-0.08158893,0.06849472
IRX5,-0.12385639,-0.14922291,0.23041375,0.1252035,-0.06031919,-0.07124974,-0.04633564,0.09481645
ARHGAP30,0.33942258,-0.029180702,0.04127467,0.03403449,-0.053760514,0.101174615,0.12941259,0.15990184
CARD11,0.2744593,-0.06081422,0.19365652,-0.07220908,-0.098822944,0.013530619,0.091843516,0.06811346
COL1A1,-0.043169096,0.15569763,0.104363285,0.37412053,0.09619323,-0.09380939,0.08451924,-0.01372391
KCNMA1,-0.059643723,0.08766896,0.0845854,0.19620612,-0.20267105,-0.039992537,-0.11187081,0.07134966
ALPL,-0.16133009,-0.21204048,0.17980967,0.22151512,-0.113686234,0.020449704,0.081428885,-0.014406592
SOCS3,0.17719814,0.017333092,-0.0993709,0.0075212526,0.08983821,0.007441899,-0.0876154,-0.102460794
MCM5,-0.12756012,-0.05723463,0.06676191,-0.03666843,0.02522786,0.32258233,0.12459697,-0.037220225
GPC6,0.05154174,0.12062507,-0.13553452,0.09123315,-0.018385308,0.04653001,-0.23603284,0.090939
PCDH17,0.10744061,-0.03093351,0.027962647,0.08521539,-0.19019969,0.05953724,-0.21914832,-0.3089431
SCARA3,-0.04646721,0.01663965,0.048291724,0.16866967,-0.016749483,0.047249544,0.003881038,-0.025075195
GPR65,0.30849773,-0.006858588,0.03575089,-0.0077696186,-0.10445214,0.073530085,0.070386924,0.19980608
PPFIBP2,-0.12747787,-0.20197755,0.2986397,0.14609976,-0.18189844,0.002369766,0.0085693905,0.042718034
CILP,0.080802165,0.12713581,0.1878052,-0.08978011,-0.0027546904,-0.006785605,-0.105712436,-0.009081252
SEMA6B,0.07356224,-0.15873332,0.2057108,-0.026694916,0.116052486,-0.010746142,-0.08429403,-0.22205144
KCNH3,-0.17570831,-0.0064166673,0.05535942,0.118780345,-0.1374895,0.12247454,0.009227667,0.022993365
CES2,-0.031150585,-0.015288381,0.18003285,-0.114712395,0.003675976,-0.105076104,0.013225874,0.006364406
BOC,-0.113617666,0.090572506,0.2873005,0.07836505,-0.11719559,-0.047325812,-0.0034825888,0.028716732
ASPM,-0.16356532,-0.0017750174,0.10753319,-0.009732321,-0.005812982,0.39026764,-0.12897563,0.039578814
LOXL4,-0.13098472,-0.07602996,0.050139014,0.26531303,-0.12490284,-0.005441737,-0.1428688,0.09220997
NTRK2,0.02804999,0.17575784,0.032048285,0.14338024,-0.07448508,-0.013141883,-0.07323229,0.00241426
PANX2,-0.09939564,-0.009207784,0.15885796,-0.026757492,0.02977127,0.1270415,0.04536199,-0.00811943
MEPE,-0.000435276,-0.13566828,-0.051526085,0.2966826,-0.092481114,-0.06513264,-0.038613703,-0.012190917
LY96,0.29300264,0.0049840957,0.014570579,0.020212978,0.095959045,0.0020153886,0.012989123,0.051267352
GREM1,0.09365653,0.10723945,0.02156539,0.06377241,0.17795242,0.0015759515,-0.10964397,0.025068559
MYO6,-0.059990156,-0.2432711,0.19769415,-0.009226838,-0.110481046,-0.022360519,-0.17289092,0.048380565
IRX3,-0.05845376,-0.1364033,0.32566082,-0.04917055,0.17810985,0.0035120696,0.052491453,-0.00031016234
IRF1,0.2348518,-0.10832869,0.196398,-0.17129077,-0.05369163,0.085057996,0.14394745,0.041810606
OLFML2B,0.09324736,0.018913308,0.29116094,0.09543493,0.21492167,-0.034420963,0.06311372,-0.120305665
FAM81A,-0.11161829,-0.013555317,0.04043923,-0.024578802,-0.04866263,0.1792867,-0.13945758,0.004810375
SLC2A6,0.035948988,-0.065206446,0.11053115,-0.049483925,-0.009824223,0.099741496,0.16311508,0.013126483
C1QTNF6,-0.029332299,0.0061201635,0.23455836,0.25205216,0.15451898,-0.0062380256,0.22745155,-0.16795196
PAPLN,0.08822478,0.13149689,0.0752977,0.0096163675,-0.1118903,-0.024994662,-0.27396348,-0.009999373
FHL2,0.0548095,0.1114422,-0.117496125,-0.002024636,0.2524988,0.07900667,-0.07263486,0.10116884
OLFML3,-0.07580932,-0.037168607,0.27612102,0.11610128,0.16341008,0.13331093,0.15761214,-0.12815844
KLF4,-0.08326769,0.03193481,0.16558658,0.08117518,-0.14429198,-0.0423262,-0.17020707,0.13569306
LAMB2,-0.020019628,-0.038702816,0.32742965,-0.009768925,-0.045996107,-0.094609074,-0.17340772,0.001707586
FBXO32,0.022106098,-0.051351614,0.14863588,-0.055098895,-0.057034105,-0.05214703,-0.1599412,-0.02994426
HNMT,0.22716412,-0.040380206,0.113313235,-0.035483845,0.044081695,-0.0042338837,-0.0058536474,0.008233954
PLXNA3,-0.10886838,-0.02226522,0.20470262,0.18516603,-0.14395039,0.022834204,0.005087506,0.015088351
PAWR,0.022551317,0.1293454,0.1423945,-0.14402947,0.11598175,0.04307298,-0.07616723,0.021592533
FGFR3,-0.20077631,0.01759669,0.123423696,0.23426995,-0.182995,0.0019420496,0.09776858,-0.0053381515
PDGFRA,-0.0242038,0.014563153,0.25324532,0.08972642,0.046535995,0.0060300906,-0.13993311,-0.003987869
EGLN3,-0.063897096,0.051736705,-0.055040862,-0.029574508,0.026107391,0.19198366,-0.08626285,0.08548579
SHANK3,0.14486527,0.06010766,0.12689051,0.05965053,-0.2536733,-0.015278352,-0.16664429,-0.387524
RASSF2,0.24517119,-0.0881829,0.1263464,0.05051704,-0.101119645,0.012313682,-0.1711932,0.010075685
FZD9,-0.09683018,0.14791581,0.004320574,0.17775309,-0.029086381,0.04240348,0.16555992,-0.016778873
CLEC7A,0.25653976,-0.088213384,-0.008635057,0.12933731,0.034862317,0.09773525,0.004039055,0.14290345
KLHL8,0.081418544,-0.24398738,0.006923718,0.17856875,0.13452852,0.07376216,-0.31649005,-0.00082416227
SDSL,0.104290955,-0.10961227,0.113177985,0.014477249,0.060956027,0.011483586,0.18328212,-0.004538967
DPYD,0.20978592,0.048391845,0.00023165421,0.0018018052,0.060019705,0.16666621,-0.22114234,0.19657803
PLK1,-0.13088322,-0.023709282,-0.027943965,0.076335214,0.008599026,0.3889385,0.024451286,-0.00526983
CCND1,0.045916185,-0.05512257,0.21598066,0.032155994,0.07529439,0.021159986,0.060344804,-0.088858865
CSF3R,0.23545173,-0.010564422,-0.06326067,-0.014077085,-0.059948254,0.13376623,0.0998861,0.030285308
TTK,-0.1318603,-0.025866088,0.0033166502,-0.030209105,0.042131674,0.38940987,-0.07218068,0.010831015
PSMB10,0.22029804,-0.046966434,-0.0063257217,-0.031118974,-0.12112753,0.05005857,0.2942509,0.0020696837
ME3,0.16009814,0.040792942,-0.04275978,-0.016517645,0.018867582,0.008532193,-0.057249162,-0.0019503448
BLVRB,0.12643602,-0.0430062,-0.021771237,-0.12241013,0.060778923,0.09525923,0.1166706,0.033846837
SERPINF1,0.040001474,0.080375314,-0.028474493,0.42277092,0.026992239,-0.084541745,0.005771867,-0.0026346585
CDCA3,-0.16264017,-0.016858425,-0.06473169,0.08409524,-0.008948457,0.33577064,0.08091388,-0.011097232
CSF1R,0.25672266,-0.22007978,0.050840832,0.18743847,0.16801302,0.03927942,-0.003669708,0.033149466
LEPR,0.06893382,-0.11901223,0.24527733,0.039213326,0.064368084,-0.009646902,-0.12706976,0.027086975
PRRX2,-0.15185647,0.041774116,0.18919069,0.1863869,-0.05776347,-0.04207378,0.117289774,0.0037092972
PRR11,-0.08513156,-0.0058783046,-0.027967427,0.0153213395,0.040226642,0.33725703,0.05983477,-0.008472312
SEMA7A,0.13586079,-0.19556709,0.045893464,-0.011404999,0.23755558,0.060007595,-0.027571047,-0.12541488
RUNX1,0.17111915,0.1384006,0.13319804,-0.052414604,0.14199685,0.0034409212,-0.14808975,-0.005450923
NEK2,-0.13465616,-0.10033707,0.03895323,-0.08803096,0.009339593,0.37423632,0.01670508,-0.052283656
NPL,0.30208662,-0.01875325,0.08311376,-0.002603296,-0.04847477,0.017418468,0.05016226,0.09278254
ITGB4,0.18493819,0.09832155,0.058157038,0.09918734,-0.13300233,-0.05821869,-0.041244783,-0.25303063
ENPP5,0.18374617,-0.17344815,0.14177096,-0.09364277,0.011298878,-0.01658132,-0.16185246,0.037581205
ACOT11,0.061103176,-0.13309301,0.0031708358,0.2110374,0.080448896,0.009440167,-0.24254793,-0.008019783
LMO7,-0.04749458,0.049859475,0.11338125,0.11024149,-0.06441519,-0.043612015,-0.19123833,0.16485126
DDIT3,-0.035668623,-0.029939001,0.031000068,-0.07618639,0.04636809,0.020548917,0.1895993,-0.09091431
GFRA2,-0.08093259,0.060097843,0.116956964,0.14963469,-0.1684527,0.050000325,0.041935664,-0.036943473
KREMEN1,-0.025550267,0.14130129,0.07850121,0.12912808,0.13336241,0.022721108,0.007859977,-0.001909269
DAB2,0.24898824,0.17364593,0.024379876,0.10023956,-0.008305179,0.056394886,0.035592824,0.007118649
TPBG,-0.024998458,0.110408336,0.011874722,0.15548418,0.096566916,0.11900214,-0.18161334,0.022708518
MID1,-0.105272874,0.057880368,0.283344,-0.0034931975,0.08856149,0.025503276,0.01448029,0.0011041834
RAB3IL1,0.18654859,0.22876075,-0.038502183,0.09676593,0.039852586,0.07448731,0.12155932,-0.0029703637
COL1A2,-0.08507794,0.08956781,0.16368063,0.36275342,0.055444524,-0.10222045,0.030068405,0.0011220942
MATK,0.13265975,-0.26093903,-0.014398773,0.23342581,0.28816128,-0.017534954,-0.0009699794,-0.08986661
CYP4V2,0.26911044,-0.055179358,0.16755277,-0.05353508,0.019105433,-0.022692077,-0.0009586908,0.14838718
ESAM,0.18031254,3.4527096e-05,0.0010023345,0.06287734,-0.20962176,-0.032565486,0.0019837043,-0.52098626
CTSW,0.19251966,-0.008460702,0.004369097,-0.031943936,-0.16795424,0.08693227,0.14083508,0.09068628
TGFBR3,0.14443626,0.18092276,0.1711249,-0.014927548,-0.12710702,-0.013280996,-0.13546242,-0.004658523
GNAI1,-0.09291508,-0.09208621,0.15089744,0.13650985,-0.19315797,-0.010182163,-0.2999274,0.12169672
TP53I11,-0.09189078,-0.17472589,0.22894685,0.21651566,-0.2535043,-0.06362438,0.19212939,-0.09133512
CREB3L1,-0.12325412,-0.027447565,0.03896816,0.30364698,-0.045197714,0.016893597,-0.0450721,0.011261428
COL16A1,-0.063255176,0.14704315,0.23021674,0.22571045,0.24480756,-0.024784766,0.067814104,-0.06349076
IRX1,-0.13233423,-0.015257816,0.10570792,0.05317268,-0.08859403,0.118661016,0.22884502,-0.04864386
ABCA1,0.2137333,-0.07453359,0.047122963,0.09638231,-0.12949197,0.11244162,-0.20341542,0.13387904
FCGRT,0.17607124,-0.071016386,0.016388863,0.20457497,-0.10750937,0.08768537,0.2923753,-0.016069597
PARP3,0.15794738,0.033078853,0.09550408,0.069225125,0.12445138,-0.07116699,-0.049082134,-0.015307073
NOX4,0.1753694,0.07776597,-0.0025615252,-0.10066937,-0.050875574,0.0039017438,-0.31866708,-0.23034227
HELLS,-0.13812643,-0.028297693,-0.00330243,0.007173955,-0.005912625,0.34321427,-0.05769889,-0.017476637
PTPRU,0.060530797,0.15613441,0.016036874,0.034554016,0.01098911,-0.011240908,-0.09574439,0.030030875
TOP2A,-0.14931594,0.011545729,0.07785936,-0.009563475,0.02093797,0.4211966,-0.07113427,0.0015661581
GAL3ST4,0.16424799,0.092492,0.16315423,0.188212,0.061510123,0.10656712,0.13243775,0.044540964
KIF21A,-0.14696974,-0.04656656,0.13731594,0.0039672335,-0.12979984,0.0069959,-0.15667346,0.12278068
COL4A1,0.16487755,0.1178122,0.12344128,0.0019229347,-0.08098493,0.09097208,-0.15879475,-0.4317588
CLDN11,-0.027751049,-0.19610624,0.20391734,0.030526794,-0.12861864,0.004389677,-0.07189777,-0.0030712103
TIE1,0.16160187,-0.060264546,0.10088748,0.076721944,-0.10012842,-0.0034239402,-0.045014594,-0.5409164
ATP6V1C1,0.057844736,-0.2738286,-0.051620834,0.098236986,0.2637626,0.06178955,-0.23305549,-0.008879665
GAB2,0.23383224,-0.09519906,0.14238401,-0.055536296,-0.055580128,-0.04069141,-0.2536898,-0.014141427
PTPN4,-0.012531961,-0.17074691,0.3077661,-0.0030529113,-0.12286733,-0.024085483,-0.19069938,-0.008274137
MYL3,-0.0036183822,-0.069973215,-0.019555677,0.17986867,-0.17561258,-0.010585464,-0.08946604,0.01114347
NDRG1,0.08484993,-0.07124993,0.15176421,-0.095516436,0.20778562,0.013903453,-0.24515021,0.09108542
PRCP,0.15019134,-0.03843793,0.15694447,0.09325896,-0.101278335,-0.0043494003,-0.063075885,-0.22809023
MFAP5,0.14440636,0.24504127,-0.0857957,0.1048526,-0.10762328,-0.011146631,-0.07446989,-0.014638293
HOXC4,-0.12947646,-0.021625193,0.19074956,-0.013173493,-0.09232158,-0.012605091,-0.07224187,0.0010314266
ANKRD6,0.03222316,-0.019511506,0.13763984,0.042853,0.036686897,0.06829213,-0.011983846,0.019600984
LYZ,0.31560498,-0.009428836,-0.04951199,0.034351896,-0.15683989,0.087470725,-0.0017938069,0.00046648027
NFE2L3,0.029204296,-0.11165752,0.11857804,-0.1680674,-0.05294326,0.09223817,0.08543944,0.03277718
EDNRA,0.03129779,0.16664535,0.049147367,0.09266213,0.093482524,0.042775024,-0.043071292,-0.24054718
PTK2B,0.28023893,-0.14622538,-0.023261497,0.0837508,0.08232156,0.06565589,-0.016456041,0.093050875
RXRG,-0.021070564,0.08238159,-0.02369718,0.11906679,-0.019227695,-0.0018830422,-0.10419163,0.0071062925
MEOX2,0.030995462,0.0035332355,0.18349011,-0.015330997,-0.08483994,-0.057058733,-0.25473475,-0.0051009236
POLE,-0.1680745,0.0009148464,0.051891927,0.013749554,-0.027038299,0.3625148,0.015152172,-0.0067017707
ADRA1B,-0.0553586,-0.01384482,0.16839758,0.0068322606,0.05223338,0.08690491,0.14755549,-0.063953355
NRP2,0.012084432,-0.16612403,0.286826,-0.018495625,0.072346024,-0.021495136,-0.11547725,0.010602599
CD14,0.26307622,-0.17401902,-0.0077674096,0.1600574,0.18025114,0.0033540556,0.056639086,-0.0001269935
ZDHHC14,-0.046233494,-0.14438921,0.22118533,0.045091398,-0.08013987,-0.007035441,0.062369704,-0.12986392
FANCA,-0.15981917,-0.05790778,-0.07466046,-0.0021003755,-0.06464669,0.28669986,-0.07921026,-0.0005828997
ELOVL4,-0.17471902,-0.0030125163,0.06508832,0.16120937,-0.0014567153,0.13772343,0.060771663,0.004514173
DTX3L,0.14604841,-0.074454464,0.32261592,-0.14821391,-0.020295855,0.031491235,0.050303362,0.0969806
CLK1,-0.00978387,-0.049588285,0.098251,0.0008401757,-0.09338771,0.009742994,-0.23620585,0.0007157037
RUNX1T1,-0.022796422,0.1994829,0.057842143,0.15409051,0.04049234,0.094356105,0.016679918,-0.05573885
SPARC,-0.013755409,0.0658606,0.22143228,0.26998794,0.010297632,-0.20108023,0.0030944566,-2.0796493e-05
SLC25A27,-0.07559802,-0.14306703,0.1987241,-0.0022849038,-0.08717614,0.015940864,-0.01672743,-0.050919365
ITGA8,0.1076351,0.14913534,0.10555514,0.028737197,-0.16062224,-0.034145053,-0.2952026,-0.009981018
CDH11,-0.0969762,-0.0018659,0.4592191,0.067068495,0.06451997,0.06021208,-0.06947388,0.0068178284
HTATIP2,0.11908727,-0.1411156,0.15255351,-0.15804917,0.029969817,0.0011134127,-0.020013258,0.041878566
TIMP1,0.09590572,-0.12291097,0.18759038,0.030915253,0.1528056,0.030104494,0.064751066,-0.03781422
PBX1,-0.07001872,0.012552807,0.112067185,0.16837291,-0.15734376,0.14713533,-0.050008845,-0.013066616
CIITA,0.3118481,0.029383348,0.069178134,-0.00081234646,-0.16256714,0.037348762,0.16222173,0.13373515
MDGA1,-0.023110317,0.08034156,0.18337195,0.038179405,0.06427782,0.12845007,-0.032499645,-0.03941872
ABCC9,0.07109982,0.13241215,0.062087573,0.08421698,-0.2273898,0.0077180653,-0.25577274,-0.18513966
SORBS1,0.07148605,0.16063613,-0.0021788164,0.037533343,-0.19562337,-0.012918137,-0.265546,-0.006707203
SMAD6,-0.115808465,-0.2015108,0.15518722,0.14934118,-0.18042459,-0.04801867,-0.049885873,-0.062074136
RALGPS2,-0.006472367,-0.013346376,-0.002137595,0.0019017444,-0.014553268,0.099604286,-0.16140808,0.0020049815
HCLS1,0.34982485,-0.0784178,0.012670958,-0.0019963142,-0.048362408,0.054141797,0.09034893,-0.038133588
DENND1C,0.33306476,-0.105943106,0.021655833,0.08307533,-0.038251866,0.06603477,0.12655157,0.121111795
HMCN1,0.055555917,0.24024037,0.07350374,0.11417814,0.006168467,0.093458965,-0.27598816,0.004137978
CSTB,0.15588224,-0.22359207,-0.10404587,0.17086452,0.3144877,-0.005774997,0.008010849,-0.0009056261
TBC1D16,-0.068669535,0.061146595,0.21198519,0.12105211,-0.022545619,0.100937404,0.08751942,-0.0042038453
ARHGAP18,0.15423356,-0.21877266,0.04663602,0.18276082,0.17641772,0.101286404,-0.1799619,-0.1261277
MYO10,-0.10525977,-0.08548795,0.29275647,0.10519188,-0.025569562,0.08516519,-0.18478996,-0.0018847832
ABCC3,0.2711157,-0.047419067,0.13163573,0.055360787,0.01612023,0.047205288,0.06827715,0.15618034
ANGPT2,0.02285207,0.019009998,-0.008947213,-0.04717469,-0.13513531,0.019250192,-0.052684624,-0.23774269
DMPK,-0.024137551,0.020296428,0.16591689,0.09849873,-0.14858313,-0.06646389,-0.071061775,0.00019177879
CRIP1,0.09782395,0.05655983,0.003983631,0.024297412,-0.07053381,-0.08241978,0.029023541,-0.0128089525
SUSD1,0.11801329,-0.21450254,0.13764583,0.0073884884,-0.10797145,0.0017881895,-0.15799235,0.037351426
RCN1,0.003026239,0.21752512,-0.06470251,0.21898541,-0.043608885,-0.018438537,0.016675489,-0.0070083663
GPRC5B,0.10645982,0.1435999,-0.027044553,0.0745849,-0.2057064,0.015318958,-0.24582249,-0.16666421
MFAP3L,-0.060292583,-0.17162345,0.03614049,0.084532335,-0.10365444,-0.015767673,-0.21205898,0.015083964
SLC6A9,-0.11593269,0.08033437,0.24970093,0.14987117,-0.017992232,0.0137946,0.16346285,-0.010440093
CNTFR,-0.08083297,0.19132581,0.011482304,0.1616008,-0.18519446,0.073334225,-0.003844426,0.053982947
RGMA,0.07914177,0.22441551,0.016915284,0.00059415,-0.06603762,0.006496588,-0.07426791,-0.013454946
COL4A2,0.15662186,0.123924874,0.120073125,-0.01117874,-0.064235896,0.056063518,-0.15890509,-0.40726468
SYNGR1,-0.11788334,-0.017173009,0.048415586,0.04192176,0.001293897,0.080263816,0.18145885,0.00885636
HMGB2,-0.08249957,0.036757864,-0.07475847,-0.018965466,-0.056056935,0.33246288,0.052757457,0.0065349354
CD34,0.1766429,-0.0046195476,0.115967505,0.017070578,-0.21939507,0.012917798,-0.048303254,-0.48951405
CBX6,-0.04218871,0.050739717,0.38651785,-0.037801225,-0.06750916,0.07880606,-0.084050626,0.052546095
IGF2R,-0.082873866,-0.052593,0.22948495,0.03269567,0.053498644,0.18599068,-0.043244183,0.0007792468
SLC4A8,-0.042491548,-0.056808557,-0.03861345,0.14087455,-0.19867142,0.16662525,-0.17047863,0.015725853
PHLDB2,0.10492308,0.24782436,0.052680373,0.0122579,0.07741443,0.05545105,-0.18098536,0.0026262754
KIF14,-0.16449517,-0.026899261,0.091125,-0.03283153,0.0031120656,0.38192979,-0.08467493,0.00085216016
IRF5,0.3045537,-0.13329965,0.07357047,-0.01465713,-0.051620625,0.056875218,0.1326441,0.056900118
KLHL3,0.11156656,0.043197293,0.042792257,-0.010721838,-0.09373709,0.12595983,-0.08482388,-0.10089613
CCNA2,-0.119090326,0.011911467,-0.049497772,0.0029020759,0.007927482,0.40057594,0.0020830012,-0.0076228236
KIF22,-0.12971929,-0.0104207145,0.043073572,0.0007689212,0.024921073,0.3720331,0.14582251,-0.0155243445
GPR162,-0.020801269,-0.0034353568,0.09290846,0.12536839,-0.11714709,0.08156864,0.1046425,-0.07735793
GJA5,0.13148755,-0.06180665,0.27239063,-0.060418718,-0.04811133,-0.06992079,0.10306399,-0.31604576
RGS17,0.011240138,0.22709684,-0.08335063,0.05754973,-0.007676761,0.12405062,-0.118268944,-0.0037027707
CCNF,-0.08711959,-0.1772887,-0.004821301,0.18895294,0.14256816,0.30368775,-0.04855164,-0.0050368463
TXNIP,0.18692076,-0.07250985,0.24371713,-0.012813438,-0.010226316,-0.02744607,-0.003780869,0.014790502
PLD1,-0.01204687,-0.025444204,0.35247627,6.8229354e-05,0.15858589,-0.0025821384,-0.07435999,-0.0053546187
ACSL5,0.31474552,-0.04995117,0.09624252,-5.5126075e-05,-0.061756957,0.010060167,0.07655914,-0.12861477
MFGE8,0.010378113,0.06533011,0.27902165,-0.08816736,0.16119838,-0.06084054,0.011300347,-0.017322838
BRSK1,-0.032551985,0.09028624,0.14250126,0.07255905,-0.01684401,-0.091989145,0.038539704,0.029902989
ENOSF1,-0.11699198,0.107800685,-0.048704453,0.06311123,-0.07792326,0.18236166,-0.12118326,0.012361294
CREG1,0.23244213,-0.034753866,0.00833543,-0.020181712,-0.0552756,0.11884947,0.19811916,0.09702687
LRRC1,-0.14958887,-0.09675449,0.07497972,0.13964306,-0.09186739,0.11009382,-0.07230089,0.028871454
MFNG,0.32930878,0.0023185106,0.030616129,0.07617815,-0.1782319,0.010971746,0.11725248,-0.08604592
GPR4,0.13329144,0.016092299,-0.011584133,0.0758994,-0.19373946,0.041814633,-0.13521343,-0.4256102
DACH1,0.08313635,0.09694775,-0.07601616,0.10042206,-0.27304792,0.093878195,-0.27456862,-0.19128309
DPYSL3,0.09797083,0.19074182,0.1890177,0.040878102,0.12388688,-0.0056291395,-0.15647744,0.081957914
HTRA1,0.036130857,0.1830107,0.20046845,0.10534668,0.26354054,-0.09706408,0.119140506,-0.017482003
RHOB,0.10139591,0.08036745,-0.062305238,0.015908461,-0.07535163,0.019249905,-0.27479014,-0.012690661
FOXP1,0.16783412,0.21423411,-0.01667447,-0.020558383,0.082153626,0.0015480808,-0.20674393,-7.9010345e-09
ATP6AP1,0.093250796,-0.27076715,0.09072753,0.139747,0.2831658,0.040972028,0.015709048,-0.014971661
ATP1B1,0.06366838,-0.1065204,0.06287218,-0.01849305,0.08021521,0.098712176,-0.060933705,0.036485657
PER2,0.015831538,0.14650106,0.22312632,0.042840105,-0.056872603,-0.032777976,-0.18518062,-0.006112266
NBL1,0.053980734,0.051595677,0.24168438,-0.005661278,0.102320395,-0.14688215,0.11101271,-0.012547357
TMEM97,-0.16771469,-0.05222387,0.11193889,0.20318589,-0.026507188,0.1314259,0.11401316,-0.0070361583
SFMBT2,0.18988946,-0.020546421,0.19037305,0.0043477123,-0.24674055,0.01064418,-0.1294723,-0.009596369
KCNF1,-0.012825745,-0.001982332,-0.024327997,0.09089136,-0.14223048,0.084739976,-0.011343437,-0.20988463
DNMT3B,-0.1621548,0.008882667,0.062065687,0.025621615,-0.038493868,0.26683414,0.020741025,-0.0723545
EFEMP2,0.03386237,0.1367249,0.10569959,0.23006125,0.019285308,-0.078643546,0.042846065,0.00939132
P4HA2,-0.080022015,-0.0078076445,0.053210646,0.21345481,0.080392234,0.08873411,-0.00022518511,0.06855199
ANK2,-0.0933937,0.06290919,0.102070846,0.058629826,-0.12932685,0.011823083,-0.2947775,0.09602737
DENND2A,0.090866655,0.1055011,0.06608549,0.0021151083,-0.15231963,-0.054495007,-0.18431973,-0.015329306
RECK,0.036428057,0.21360368,0.32490245,-0.02780329,-0.029890666,0.012138764,-0.13049874,-0.0015116286
SDF2L1,0.060740918,-0.15809217,0.014833419,-0.0034997263,0.005591936,0.058954794,0.20760868,-0.010323893
ATF5,-0.06684366,0.067770734,0.18461509,-0.021215124,-0.00972605,0.048324198,0.20451418,-0.054734826
NEO1,-0.14542677,-0.0037467405,0.31188467,0.112185866,-0.07056514,0.0741081,-0.048294783,0.08359235
ATP10A,0.06949257,0.1011517,0.1508995,-0.10914478,0.07904572,-0.08271424,-0.072610036,0.03489034
TRIM9,-0.026790958,0.017479902,0.2959204,-0.16925934,0.19672345,0.05897733,-0.051652703,-0.07644292
GJC1,-0.0052999235,0.15701523,-0.002664352,0.20071638,-0.0050839414,0.20808214,-0.04236046,-0.15764694
SSBP2,0.044076633,0.07583486,0.030500611,-0.022346819,-0.07494884,0.09768529,-0.06279624,0.018675577
KCNN3,0.002865937,0.021437528,0.2759842,-0.003875533,-0.13355625,-0.07881173,-0.14357679,-0.14628287
KITLG,0.119865134,0.10560236,0.14843,-0.05065593,-0.066060305,0.106996946,-0.24855837,-0.18947601
PHKA2,-0.057886276,7.566093e-05,0.35089415,-0.07859012,0.036586616,0.040051848,0.047712944,-0.0002657535
UHRF1,-0.12485061,0.02357734,0.08512443,-0.0022071789,0.06745307,0.373603,0.008119655,-0.020554608
MMP16,-0.1154204,-0.118525475,0.22548573,0.18887608,-0.03874448,0.054349646,-0.09415581,0.000855914
ABCA8,0.17689098,0.18109463,0.10024981,0.020908294,-0.15418582,-0.063118964,-0.1046564,0.024515018
TRIP13,-0.13057674,-0.0005682902,0.0026893558,-0.014760868,0.081357904,0.32385826,0.075900026,-0.08885371
PDLIM5,0.029261837,0.0017659604,0.12612954,-0.04434886,0.015325258,-0.068254314,-0.21883845,0.07378736
SP100,0.19813974,-0.032758385,0.2949722,-0.19301523,-0.044593655,0.0059140325,0.024068873,0.08862388
BRCA1,-0.15120606,0.028088544,0.12009088,-0.09240482,0.03494742,0.36642978,-0.119628325,0.015224985
YIF1B,0.11386192,-0.057383962,-0.024563491,0.020409374,0.13539387,-0.01900877,0.22139496,-0.02664387
GAP43,0.056880858,0.14048189,-0.031138962,0.004820545,-0.017806862,0.035779234,-0.04354996,0.06501058
PROCR,0.18280326,0.07180714,-0.070213124,0.04467169,0.014096939,-0.002923892,-0.07931157,-0.29037067
KIF15,-0.14011426,0.05034312,0.012488143,0.019155018,0.0034717626,0.40830785,-0.06278885,0.00040551106
TMEM117,-0.018908685,-0.0073585976,-0.011058654,0.135996,-0.17799462,0.013199653,-0.24009335,0.21952005
HSPH1,-0.05811909,-0.031281546,0.0044568125,-0.017398167,0.027648203,0.2364808,-0.09317297,-0.06744096
GAMT,0.047052488,-0.100421876,0.048235353,0.048264835,-0.07565491,-0.09931601,0.072863325,0.098655075
ANLN,-0.10537659,0.03210115,0.11558624,-0.12422987,0.13318498,0.35442275,-0.18228778,0.08266438
GRK5,0.22050922,0.16023359,-0.007224664,-0.047156237,-0.13572834,0.03758825,-0.10806868,-0.21105933
CMTM4,-0.1095744,0.08734504,0.32060248,-0.0042527835,0.090050004,0.013484597,-0.11975247,0.016081557
NEDD9,0.061662164,0.060927253,0.3579961,-0.09729099,-0.015970264,-0.06854704,-0.05023095,0.021260837
FCER1G,0.30982915,-0.061108124,-0.017629892,0.0600852,0.005075117,0.074457325,0.17771374,0.1482012
CD36,0.022085048,-0.11666405,-0.03402328,0.2923598,-0.20392969,0.025916565,-0.14920793,0.10940823
FRMD6,-0.0031807304,-0.05907218,0.36213365,0.008396002,0.13119432,0.04827258,-0.17757857,-0.015871048
TWIST1,-0.14592318,0.089801945,0.18381132,0.064470306,0.22177097,0.1199715,0.23584948,-0.061273772
NAGLU,0.10412744,-0.17942032,0.12758254,0.10963616,0.29025412,-0.040907167,-0.017000219,-0.037636325
ADCY3,-0.10195415,0.12135769,0.22089754,0.11924721,0.11455357,0.10878399,0.04967526,-0.028261712
RUNX2,-0.12356773,-0.16365989,0.299483,0.039633956,-0.015404199,0.09240832,-0.09401202,-0.016192274
ARHGEF6,0.010296495,-0.08700054,0.3887015,-0.031356715,-0.08230246,-0.0077264346,0.023388887,0.093594894
SLC9A2,-0.1490069,-0.12315704,0.18399508,0.1318465,-0.22639713,0.06869596,0.041491143,0.00065593084
SLC25A10,-0.1652887,-0.15418927,0.015207438,0.11585818,-0.03394666,0.12860043,0.15452728,-0.0018378821
PRRX1,0.037541375,0.1302913,0.39533353,-0.049369574,0.17367123,-0.067742646,-0.047266744,-0.0011505078
STK38L,0.11978494,0.17650796,0.0032958258,-0.039461467,-0.013173881,0.0762088,-0.33284137,0.06806356
TLE2,-0.06046073,-0.025931627,0.17855345,0.04470616,-0.055535316,-0.050732996,0.07871443,-0.008135639
RAPH1,-0.05639984,-0.11765967,0.32207644,0.004393259,0.034255847,0.0046054907,-0.22293848,-0.024680793
EDN1,0.19236143,0.14552031,-0.07003452,0.033400707,-0.10806957,-0.0011630716,-0.07744302,-0.0027984914
TBC1D9,0.1817281,-0.22115374,0.018174158,0.18590683,0.108876154,0.08240436,-0.24415879,0.11446427
PDGFRB,0.11989728,0.07691649,0.3013354,-0.033986114,0.108965196,0.0071559614,-0.09771768,-0.23323664
YES1,-0.06261298,0.09391787,-0.052398633,0.11864388,-0.061906423,0.25888708,-0.24317321,-0.023635527
PON2,-0.047066454,-0.07871036,0.011344927,0.058452044,0.03167608,0.22229029,-0.0008414201,-0.077461034
UNC13D,0.2531658,-0.17039187,9.498195e-05,0.083304755,0.075467214,0.09684466,-0.011059407,0.08630537
KIF23,-0.14067632,0.014064803,-0.0057517374,-0.02276031,0.04227761,0.39126205,-0.004764834,-0.000568353
PCBD1,0.093700126,-0.24766597,-0.006823452,-0.09123844,-0.008098503,-0.0909552,0.060150474,0.036062434
CBX2,-0.12234518,-0.005816323,0.15189114,0.019799558,-0.13367848,0.24053626,-0.00820319,-0.0041878624
NOSTRIN,0.17079706,0.0041487543,0.0011070077,0.06472123,-0.25532612,-0.07768653,-0.065097965,-0.25540695
FAM43A,0.06269649,-0.078239694,0.10914984,0.07372366,-0.26959953,-0.08966455,-0.084909655,-0.19511911
MARCKS,0.03372976,0.012727142,0.08323835,0.1621899,-0.002049894,0.1593824,0.13924952,-0.07375436
ITPR3,0.005767514,0.035443634,0.3414228,-0.15178771,0.10535452,0.00083497196,-0.17792897,-8.38513e-05
STOX2,0.08121868,0.06304039,0.22105777,-0.043657087,-0.19783632,-0.03122058,-0.23092349,-0.080320016
PTP4A3,0.10001756,0.081623115,-0.07713877,0.055267364,-0.20989427,-0.057503004,-0.04114907,-0.28640836
CALD1,0.10923869,0.22954883,0.12993875,0.031449478,0.1326928,-0.0050415043,-0.22752602,0.00077406946
FGD2,0.31067887,0.00045786003,0.05302508,0.010267392,-0.21666454,0.07299332,0.18199866,0.13407451
RASGRP3,0.19151625,-0.02958515,0.034031734,-0.011594183,-0.21451169,0.05651071,-0.14750187,-0.39803758
EVI2A,0.23706628,0.06670787,-0.116814815,0.09840597,0.08729061,0.00992992,-0.08569262,0.15360107
MYOZ1,0.054313745,-0.018023627,0.026416203,-0.012978046,-0.144177,-0.0137509005,-0.061104234,-0.006327903
IER3,0.11924436,0.01863543,-0.05315356,-0.0129244365,0.12629078,0.014041421,0.07106652,-0.100509524
PTEN,0.12201439,0.0008091078,0.1279034,-0.09983724,-0.054886416,-0.005296818,-0.28320727,-0.009867767
TPM1,0.04748384,-0.016956998,0.1843143,0.00705054,0.13581786,-0.015192429,-0.0044624545,-0.0025582537
USP49,-0.08702835,-0.06703954,0.19433539,-0.11613093,-0.12639748,0.062648825,-0.18980789,-0.006748075
DEPDC1B,-0.068493895,-0.06373278,-0.08031238,-0.081377864,-0.03576572,0.38220584,-0.011115704,0.0033802292
SDC3,-0.05279825,0.1082552,0.18861657,0.14668477,-0.12988657,-0.006182978,0.023982696,0.1391326
DST,0.018392045,0.02602463,0.29487363,-0.06695889,4.0581628e-05,-0.0033594887,-0.33993217,0.15980758
TPD52,0.057712488,-0.13083795,-0.06086504,-0.015776357,-0.23778597,0.107266374,-0.116834305,0.18065152
TMEM106A,0.23616786,-0.09418182,0.117757834,0.04937226,-0.15329,0.09737913,0.07838246,0.13058524
SERINC5,-0.006247012,0.09140735,0.1457904,0.06679535,0.05718281,0.047873113,-0.23271652,0.01403037
SLC22A15,-0.012078156,-0.041451015,0.17956883,-0.1052178,-0.04582443,0.18941759,-0.013678257,0.13151851
GMFG,0.27765626,-0.12544559,-0.070117705,0.017142257,-0.09498863,-0.047241468,0.084541656,-0.00803596
TMEM119,-0.13085496,-0.046178192,0.22764513,0.25962195,-0.10447281,-0.03227235,0.089646794,0.009024349
TNFRSF1B,0.29724064,0.01684035,0.008777083,0.028152252,-0.098359,0.1019711,0.1808802,0.08471087
SSPN,0.033742905,0.17275386,0.13260208,0.12312208,0.10902695,-0.0040008067,-0.18002044,0.007095397
RNASEL,0.16799472,-0.067152925,0.36203745,-0.15238269,0.04151261,-0.0027131767,-0.034642838,0.0007859587
MYH11,0.12607369,0.15245545,0.12842849,0.06489334,-0.18209831,-0.06745282,-0.12292863,-0.024281746
SLA,0.28020093,-0.06300021,0.01634741,0.018436141,-0.18276662,0.124188714,0.05215344,0.19750606
PEX6,-0.06590808,-0.10897655,0.15361428,-0.012899573,0.04103525,0.12680537,0.038059205,-0.12185216
NR1H3,0.21988147,-0.23148066,-0.06495755,0.08892011,0.056701414,0.057179037,0.072617956,0.00047529335
ANTXR1,0.0010236289,0.15730064,0.2949962,0.009780414,0.1040657,-0.004008277,-0.24952346,0.033302974
APLP1,-0.11775097,-0.04120385,0.25896025,0.060893785,0.065824285,0.023879722,0.095270544,-0.0047785994
FANCD2,-0.13783276,0.01639944,-0.01245499,0.04269129,-0.010963952,0.3982205,-0.108270004,0.007474864
ACACB,0.0290567,-0.029187059,0.12440942,0.10382372,-0.08833345,0.08998008,-0.083569884,0.04494058
GALT,0.049767613,0.13774067,-0.029576713,0.092362836,-0.06433712,0.036335338,0.08091755,0.1084235
EPB41L3,0.033422127,-0.050923243,0.14992294,0.0009297027,-0.18201031,0.082415886,0.042585548,0.034026425
HOXA9,-0.088775694,0.02619756,0.09054104,-0.02175383,0.016487017,0.14913395,0.089715146,-0.027255928
SH3RF2,0.036732584,-0.03543272,0.2001508,-0.009951102,-0.017197018,-0.04645868,-0.08108989,0.013288792
BAG3,-0.019589331,0.037058145,0.16582894,-0.13358018,-0.009627794,-0.0006968565,-0.032431692,-0.04781812
PRKCZ,0.007534231,0.08299767,-0.14121623,0.23484664,-0.03386637,0.015185357,-0.0006029005,-0.021479122
IFT57,-0.068718806,-0.09808148,0.25463784,-0.08736897,0.05613584,0.04084091,0.076714896,0.0016423739
HECW2,0.0108293975,-0.0011839807,0.22200663,0.056513112,-0.113627315,-0.077143505,-0.29633927,-0.006735087
COTL1,0.22966845,0.009422528,-0.13088273,-0.037633665,-0.14475468,0.14328067,0.13521887,-0.10082492
LRFN3,0.0061715916,0.064514674,0.27795097,0.010227477,0.13112824,0.0023298457,0.038682908,-0.042506967
DNM1,0.04482072,0.10478553,0.1933236,0.101520516,0.29501858,0.017004486,-0.08934926,-0.08685816
KLF5,-0.008998268,0.11511596,-0.0013415386,-0.00014605976,0.016364435,0.11985254,-0.31569192,0.1007199
ARHGAP9,0.2933367,-0.12339766,-0.04987409,0.09803193,-0.023704937,0.09168876,0.15255454,0.07336773
CIRBP,0.1097357,0.08905691,0.07441663,-0.0026890575,-0.06192657,-0.05574627,0.00846951,0.005231776
PARP14,0.19402397,-0.05055263,0.2601086,-0.08744541,-0.08346021,0.06749468,0.07186695,0.12689838
GNAZ,-0.12287887,0.08465563,0.13877234,-0.124271646,-0.0013615332,0.09689813,-0.0144476155,0.12039125
CDKN2C,-0.07277412,0.0025549238,0.23352782,-0.0014254652,0.07371446,0.16673277,0.08167561,-0.0040937373
BMP1,-0.01816057,-0.018223219,0.09319039,0.2861965,0.08204439,0.026218066,-0.05823074,-0.013903245
ITGA9,0.11971784,0.05428973,0.16802758,0.05654763,-0.1065669,0.11426292,-0.11630711,-0.18675683
CCBE1,0.043187987,-0.14767185,0.077051796,-0.052167516,0.0029371476,-0.0070135486,-0.22606939,-0.060938977
LGALS3,0.120785594,0.045134183,-0.031794406,0.07126314,0.29479218,0.013758499,-0.13058868,0.05412503
SLC16A10,0.18003878,-0.029522197,-0.1099027,0.117098816,0.08153946,0.21475822,-0.06660431,0.1040457
SLC26A11,-0.016183395,0.0564822,0.13255294,0.10338878,-0.08097292,0.0076927342,0.120208085,0.041653242
CARD9,0.26895759,-0.12887356,0.041270286,0.120104745,0.052904963,0.026811277,0.11524804,0.0963376
OSBPL3,0.18546697,0.018295303,0.14032972,-0.044650503,0.015119421,0.13355127,-0.1425636,-0.033649888
ADARB1,0.04127788,0.101113275,0.20050347,0.13877648,-0.048452374,-0.06293491,-0.06570749,-0.044977326
GSN,0.05380746,0.11165405,0.15574193,0.14626677,-0.022906024,-0.13468033,0.010286154,-0.011586022
RCN3,-0.05874696,0.060222257,0.06833944,0.31198952,0.08597964,-0.0083624935,0.18615621,-0.07866823
LMNB1,-0.04972773,-0.044487543,0.0034615234,-0.011358354,-0.06610377,0.4230506,-0.14649059,0.056739483
CTNNAL1,0.036521606,0.079227276,0.058242176,-0.005112172,-0.073604204,0.018923558,-0.20099592,0.04942333
TYMS,-0.16933876,-0.050755985,0.060574304,-0.025808156,-0.0315574,0.2920218,-0.023996878,-0.021526981
RHOJ,0.15128778,0.1335395,0.021842707,-0.072611555,-0.050968762,0.007099439,-0.21265996,-0.26026472
EHD2,0.069256045,0.28578386,0.10128998,0.04705989,0.14223658,0.00065727346,-0.099067815,-0.037875798
EXT1,0.063880526,-0.16144596,0.080885425,0.20487213,0.25747818,-0.0034218489,-0.15048684,-0.115044415
JUN,0.007872018,0.21090361,0.051886998,0.033444665,0.16932915,0.044843163,0.038843483,-0.028911995
POLR1C,-0.0879113,-0.052822333,0.008974523,-0.07118949,-0.0025496557,0.2491881,0.13602431,-0.15636344
HSPB1,-0.017478993,0.009483715,0.07508231,-0.029592844,-0.08860176,0.10913293,-0.04938472,-0.004998166
NR1D1,-0.01865797,0.112013415,0.14582096,-0.05423672,0.08912883,-0.0048676436,-0.1575785,0.11162562
CD44,0.18069246,0.106071234,-0.0056047942,-0.011250923,0.16222246,0.07152955,-0.110251464,0.12489656
COPZ2,-0.021997798,0.06845236,0.083207026,0.22985691,0.057588946,-0.18851492,0.0794697,0.026649594
