,Factor1,Factor2,Factor3,Factor4,Factor5,Factor6,Factor7,Factor8,group
DOG2::100_0514_tumor,-0.9586114,-0.33917373,-1.219962,2.08188,1.332131,1.6653601,-0.65082437,-0.8253189,DOG2
DOG2::101_0518_tumor,2.6794057,1.1946439,-1.8204803,1.0101292,1.4356779,2.0845132,-0.861633,-0.0005837092,DOG2
DOG2::102_0619_tumor,4.1426973,1.5806686,-1.9313277,1.0695591,-0.4589838,0.47897092,0.9548082,0.2172718,DOG2
DOG2::103_0639_tumor,0.18426149,-1.6936095,1.2667989,0.7929537,0.58284444,-1.8593733,1.3830729,1.2864332,DOG2
DOG2::104_0702_tumor,0.004260151,-0.80833447,0.91578853,0.28969103,2.2916865,0.9233313,-1.7119359,-0.12369546,DOG2
DOG2::105_0710_tumor,0.10948778,-0.5390149,-0.037014093,0.86203045,0.38444766,-1.069885,1.9212354,-0.9394085,DOG2
DOG2::106_0716_tumor,-2.990077,2.4549303,1.1817297,0.97034645,0.5129738,-0.90751773,0.11147713,2.1141753,DOG2
DOG2::107_0719_tumor,-4.1186175,-1.0652626,-0.5732996,-0.03314769,0.496074,0.4832148,-0.10692432,-2.0769064,DOG2
DOG2::108_0720_tumor,-1.8971343,-2.6180239,-0.5636376,-2.3548174,1.2497957,0.5063545,0.123176955,-0.84648496,DOG2
DOG2::109_0721_tumor,0.9708172,-2.6583474,1.8755097,-1.0851051,1.48367,0.4364575,0.2875274,-0.90237796,DOG2
DOG2::10_0512__Tumor,-0.17796838,0.30662572,-0.008735446,-0.55832297,1.3691685,1.2341899,-0.96308196,-5.0357733,DOG2
DOG2::110_0522_tumor,1.5918612,-1.8075507,-1.7330563,1.4760624,0.33713534,2.3027864,2.0056052,0.5746744,DOG2
DOG2::111_1708_tumor,-1.0567577,4.045521,-0.07964489,0.71692514,-1.405601,0.03369063,0.95699686,0.44160578,DOG2
DOG2::112_0502_tumor,0.7202071,-2.2075224,-0.6779492,1.7813133,0.849665,-2.7738094,1.5838876,-1.0529326,DOG2
DOG2::113_1010_tumor,-0.37131873,-0.9066331,-0.29081285,-3.7713509,1.9208752,1.1164494,2.227464,2.7933283,DOG2
DOG2::114_1704_tumor,2.6018589,3.9745038,-0.52316266,1.0627054,-0.6611954,0.07579789,-1.0274911,0.09844482,DOG2
DOG2::115_2318_tumor,-0.63371265,-2.412984,1.9417329,-2.9011989,0.023939015,0.2336676,-1.4443765,-0.9816223,DOG2
DOG2::116_0506_tumor,0.102921106,1.7004539,-0.29500607,0.09006694,2.0802896,-0.67177665,0.8376907,0.96917325,DOG2
DOG2::117_1011_tumor,-5.241149,-1.8096553,-1.7821289,0.076340914,-1.016263,2.4620767,-0.3828405,-1.2480013,DOG2
DOG2::118_2304_tumor,-1.7171701,-0.034969397,-0.8981397,2.7329583,0.5548355,-2.9114616,1.6666763,-0.8963331,DOG2
DOG2::119_0516_tumor,-2.5318062,0.799086,-0.21063457,1.1847614,-2.2362032,-0.81657475,0.44547123,-0.7123487,DOG2
DOG2::11_0602__Tumor,-2.097435,-0.13398999,-0.091091186,0.2929885,0.19590515,0.3193146,3.0745804,-0.30155638,DOG2
DOG2::120_2306_tumor,0.6797006,0.6036536,-0.89346224,1.0439003,-0.32019252,0.09605552,3.3170524,0.21679793,DOG2
DOG2::121_2322_tumor,-1.774542,-2.4290555,1.9382164,-0.3122276,-0.8771282,-1.7057058,-0.3330185,-1.2188781,DOG2
DOG2::122_0504_tumor,-3.093667,-1.4370174,-1.8166862,1.1442261,2.06849,1.4593242,1.1721009,-1.3278574,DOG2
DOG2::123_2316_tumor,1.5361656,-1.823693,0.5193478,-0.18396182,-0.006675866,2.8279982,0.7228247,0.15851802,DOG2
DOG2::125_2004_tumor,0.43140933,1.6747503,0.29076707,-0.17855482,-2.1324584,0.3041296,0.2968511,-3.4183855,DOG2
DOG2::126_0228_tumor,-2.832529,3.452155,0.37563172,-1.1769596,0.33780742,0.037078135,-0.7303908,2.9650831,DOG2
DOG2::127_2010_tumor,-1.9647642,-0.07120128,-0.2405992,-1.8437555,-1.4235957,-0.075461544,1.7040977,-0.66698945,DOG2
DOG2::128_1023_tumor,4.41304,2.4330828,-3.845825,-1.4317917,0.24973309,0.74476826,-0.23020136,0.5016599,DOG2
DOG2::129_1414_tumor,-0.0697821,-1.4388598,0.41577378,0.2790731,0.5423473,1.540603,0.30559355,-1.1902275,DOG2
DOG2::12_0608__Tumor,-4.704296,0.8360508,-0.36090308,0.8612531,0.62158096,2.5295696,-0.44025302,-0.7650857,DOG2
DOG2::131_2012_tumor,-0.42628518,-0.91926074,1.3507079,0.24604355,-1.1050003,-4.788153,-0.9631561,2.7915363,DOG2
DOG2::132_1025_tumor,-4.685111,4.7933683,-1.004706,-0.7322648,-0.092935555,-0.7388182,-0.5247099,-0.3849334,DOG2
DOG2::133_0907_tumor,3.2724528,3.017669,-0.6714172,-0.43368387,-2.7604618,-1.6186672,-1.984077,-1.0428923,DOG2
DOG2::134_2208_tumor,-0.5481298,-0.6126354,-1.19536,0.38045478,-0.48074806,0.02784057,2.900562,-1.805448,DOG2
DOG2::135_0102_tumor,-3.617706,-3.9512377,-0.18275698,0.87223333,2.25046,-0.30158716,0.64902806,-0.124683395,DOG2
DOG2::136_0105_tumor,-0.54621613,-3.4231288,1.0978044,-0.40047243,-0.3002474,0.4624203,1.346674,0.85535586,DOG2
DOG2::137_0106_tumor,3.3503108,-1.595058,-0.6343539,0.055508208,-0.15214284,-3.2301667,0.24912375,1.2936672,DOG2
DOG2::138_0314_tumor,-1.2244954,2.8674045,-0.09232844,-0.2246236,0.83139277,-4.851919,0.77525514,1.57555,DOG2
DOG2::139_0733_tumor,-0.30024403,0.5871508,-3.845083,-2.1290162,1.025982,-3.272463,0.683892,-0.1722927,DOG2
DOG2::13_0613__Tumor,-5.3423095,-0.6280199,-0.0022241017,-1.0477388,-0.261012,1.8209918,0.10799593,-0.07035941,DOG2
DOG2::140_0905_tumor,3.5385945,4.814651,-2.0910015,-0.5478384,-0.51467305,-1.8854697,-0.45099425,0.066985704,DOG2
DOG2::141_1707_tumor,1.8363087,-2.0974073,-1.135979,2.999886,0.23627843,-3.3062046,-1.1393088,0.3222269,DOG2
DOG2::142_1710_tumor,0.023640232,1.4901272,1.2234663,0.016069705,1.0838833,0.34113222,0.4840281,0.7618965,DOG2
DOG2::143_1916_tumor,3.0385764,3.1690938,-1.7218282,0.29281554,0.7113882,0.7601745,-0.03164574,-1.2855318,DOG2
DOG2::14_0614__Tumor,5.472518,-1.9006009,-0.8472773,-1.8171637,-0.5792946,2.604446,0.9145018,1.0826523,DOG2
DOG2::15_0615__Tumor,1.9756348,-0.69533765,1.6099155,-0.14373288,-0.69695467,1.2171377,-0.9017892,0.40228796,DOG2
DOG2::16_0211_tumor,0.65764916,1.7960407,-1.9504739,-0.005162233,-0.22451138,-3.1113286,-0.9411548,-3.7782555,DOG2
DOG2::16_0616__Tumor,0.21599747,2.7360606,-0.54024863,0.46865702,1.2786773,0.50818783,-0.52812076,0.9097575,DOG2
DOG2::17_0226_tumor,-1.0455881,-2.987467,1.0510963,0.5388322,0.34611055,1.8791865,0.6529657,1.1761534,DOG2
DOG2::17_0620__Tumor,0.08125736,-1.4081612,-0.75514746,1.0993141,0.75209713,0.63581306,0.61904037,-0.315402,DOG2
DOG2::18_0301_tumor,-0.91080946,0.931784,-2.350646,-4.411622,2.4103928,0.32237452,-1.916892,1.9913577,DOG2
DOG2::19_0303_tumor,-2.1749215,2.2164924,-1.0135846,-0.847424,-0.8315401,4.524277,0.57904845,0.13148399,DOG2
DOG2::19_0621__Tumor,-2.4313738,-0.40990588,-0.17548195,1.4697156,-1.6293083,1.2766961,0.05449201,0.35208026,DOG2
DOG2::1_0201_tumor,-0.62987053,2.5610714,1.6328305,-0.03619167,-3.2661273,1.7854426,0.09751785,-1.176963,DOG2
DOG2::1_0202_tumor,0.21265821,0.27903852,-0.2118779,2.7111192,-1.5612298,-2.9858549,0.04373247,-1.8953803,DOG2
DOG2::20_0307_tumor,3.8227994,5.45412,-0.6781831,-0.8096485,-1.2388185,-2.4230614,-2.576491,-0.7790113,DOG2
DOG2::21_0311_tumor,6.560356,1.563381,-2.108206,-1.0977744,-0.9684732,0.24026325,0.5054098,2.0758007,DOG2
DOG2::21_0631__Tumor,-0.90302974,-1.2984102,1.1587796,-0.38518777,0.57902503,0.80435467,-0.40298077,-2.7805858,DOG2
DOG2::22_0317_tumor,3.937142,1.323411,-0.32027918,0.6930776,-1.1811125,1.254181,1.1927383,0.9760793,DOG2
DOG2::22_0640__Tumor,-2.0423768,-1.6927845,-0.16780066,2.521383,-0.6835172,1.225313,0.21799949,0.9704132,DOG2
DOG2::23_0329_tumor,1.100593,-1.9785447,-1.5603522,0.3632789,3.0273945,1.8561683,-0.4958176,-1.4660665,DOG2
DOG2::23_0642__Tumor,1.5741733,-0.80378354,1.3735262,0.32873926,-1.7649916,2.4113495,0.15430853,0.55190307,DOG2
DOG2::24_0405_tumor,0.19041139,3.79507,-1.3293842,0.38321,2.0266855,1.0816543,-0.46103612,0.6305948,DOG2
DOG2::24_0704__Tumor,-1.2084814,0.9247284,1.3687611,-0.84827423,-0.53464556,-0.940006,-1.1706522,-4.552788,DOG2
DOG2::25_0505_tumor,0.77807033,1.7174661,-1.4198345,-1.6210552,2.4598842,0.35637206,-2.3975832,1.5187644,DOG2
DOG2::25_0706__Tumor,1.8644509,-0.8666892,2.0855541,0.2971238,-0.6798527,0.59117955,0.7179778,0.034428112,DOG2
DOG2::26_0509_tumor,1.8137968,-0.723688,-0.67112523,1.519879,0.79143745,1.276558,0.06948507,0.01713449,DOG2
DOG2::26_0722__Tumor,-0.16765739,0.4471097,-0.47478825,-0.2625913,-1.5807011,1.1716859,0.09964958,-0.77670777,DOG2
DOG2::27_0511_tumor,0.7153871,-1.453725,1.1980625,-0.25164667,0.5267394,0.05397865,-0.98639,-1.0837647,DOG2
DOG2::27_0723__Tumor,-0.4777475,-1.2801582,3.1866727,-0.9592017,0.6424761,-1.4384854,-0.27317992,2.1437674,DOG2
DOG2::28_0513_tumor,0.46469468,0.25837052,-0.019761527,1.2654948,-1.0834149,0.57265025,0.38815218,2.7432952,DOG2
DOG2::28_0725__Tumor,-3.208191,0.39530623,0.5599254,1.1148822,0.8792013,1.6470443,-0.9142527,-1.077651,DOG2
DOG2::29_0515_tumor,1.1154017,0.13937813,0.4667941,0.9459924,-0.28404236,0.35785282,-1.8621981,-2.4447892,DOG2
DOG2::29_0729__Tumor,-1.8076022,-5.183051,1.2146401,-0.31169844,2.1397014,-4.059554,-1.4744315,3.0545697,DOG2
DOG2::2_0203_Tumor,1.3242983,-1.9019861,-0.87520385,-3.5413377,-3.3842707,4.5870624,1.676032,1.9834279,DOG2
DOG2::2_0209__Tumor,-2.6581202,-1.548813,-0.051873177,0.88305664,0.08188945,0.42093804,-0.5975926,-1.7888026,DOG2
DOG2::30_0517_tumor,-1.7015218,-1.4118692,-0.19395392,1.1149803,-0.64492536,0.8225555,0.6655498,-0.60813683,DOG2
DOG2::30_0814_RNAla_Ter__tumor,-1.3680708,-2.5823514,2.109541,-0.6397886,1.4718611,-0.009549132,0.7899139,-0.046293568,DOG2
DOG2::31_0519_tumor,2.190102,-0.33123723,1.2082599,-1.1404684,0.2453268,-2.6352718,0.57835877,-1.2151499,DOG2
DOG2::32_0523_tumor,4.2311006,2.244851,-0.6278987,0.24376366,0.03666759,-0.4852771,0.8554687,2.2532842,DOG2
DOG2::32_0904__Tumor,-1.7724063,0.1319519,0.018178042,2.5826256,-0.008496137,-1.0312222,-0.6499063,-0.2615097,DOG2
DOG2::33_0524_tumor,3.0284145,-0.63207906,-0.32049483,1.5651786,1.0969422,-2.2594976,-2.2048879,-0.9836799,DOG2
DOG2::33_1002__Tumor,-0.33188578,-4.0656943,2.2175064,-2.0422616,-0.3950752,1.115012,0.9768664,1.186223,DOG2
DOG2::34_0601_tumor,1.413693,-2.3501365,2.5965717,-0.23789583,-0.9824576,-4.4085927,-0.7059848,1.6920017,DOG2
DOG2::34_1004__Tumor,0.9323864,-0.22474572,1.5474858,0.3199088,0.77938634,0.042331465,-1.6396213,0.22321635,DOG2
DOG2::35_0603_tumor,5.093678,-2.1436155,-1.1840729,-3.5100834,-1.3348511,3.60982,1.1995435,-0.44634068,DOG2
DOG2::35_1007__Tumor,-2.1954093,-1.9975151,0.35623816,-0.5454916,-0.27372518,1.7672917,-0.3024998,-0.35218224,DOG2
DOG2::36_0607_tumor,-1.1984135,1.3943988,0.25390673,0.69478333,-0.8964459,1.9163537,-0.7507605,-0.22577333,DOG2
DOG2::36_1014__Tumor,2.1236854,-4.876956,-0.70302474,0.17330652,1.6372743,2.165119,-1.8414165,-0.79999113,DOG2
DOG2::37_0625_tumor,5.116806,0.43706936,-1.8478773,-1.5733067,0.08717476,0.4124293,0.124021545,4.253524,DOG2
DOG2::37_1015__Tumor,2.321788,-0.26580897,0.10719186,-0.88511235,-1.2427042,2.9820042,-0.12788105,-2.3208203,DOG2
DOG2::38_0630_tumor,-1.0724894,3.943056,1.1511116,-1.4033071,-0.2896582,-0.07453474,-0.055058,2.1213477,DOG2
DOG2::38_1016__Tumor,-3.590158,1.303431,-0.45129657,2.0787187,0.7523009,0.057274,0.4236597,0.6936976,DOG2
DOG2::39_0701_tumor,-0.7610255,-2.9773328,3.1607115,-1.241751,0.64042926,-2.1745658,-1.0602018,-1.0253032,DOG2
DOG2::39_1103__Tumor,-4.5151234,2.3708057,-0.05722799,1.0906203,-0.1928017,-2.367057,1.737172,1.765625,DOG2
DOG2::3_0207_Tumor,3.1645622,-3.2764096,2.7213757,-2.1880522,-0.96940863,-0.5702649,-0.6269139,0.2479951,DOG2
DOG2::3_0212__Tumor,0.1985329,-0.6270748,0.82105166,1.589073,-0.3221837,0.47648525,-1.1342797,-1.7216854,DOG2
DOG2::40_1101_tumor,2.7089427,-0.43287957,-0.660844,1.0010473,2.4049356,-0.50339895,-1.2694422,-1.8269784,DOG2
DOG2::40_1107__Tumor,1.6301763,-2.979366,3.790248,-0.3675736,-0.46636832,-2.4303262,-0.28364578,1.5613484,DOG2
DOG2::41_1407__Tumor,1.1372724,5.81591,-0.43385866,-0.13214807,-1.4679625,-1.7135341,-1.2974347,-1.4884399,DOG2
DOG2::41_2007_tumor,-3.1152875,3.7808104,-0.8069267,-0.97500986,-1.6761398,-1.0500106,-0.045489263,-1.7612681,DOG2
DOG2::42_0715_tumor,0.6497492,-1.9294988,-1.6149619,-2.8042512,-1.304689,0.99441403,0.32964572,1.7639409,DOG2
DOG2::42_1409__Tumor,-3.4799876,2.3745017,0.38667026,-0.48830417,1.9569627,0.031914543,0.26861453,2.001795,DOG2
DOG2::43_1401_tumor,1.9161664,-1.7238828,0.46773788,-0.18320015,1.1832085,1.1826499,0.14512807,0.16259587,DOG2
DOG2::43_1410__Tumor,-4.0745687,3.0832806,-1.1905457,0.32683438,-0.54822814,-3.7266028,2.1441224,0.73723036,DOG2
DOG2::44_0713_tumor,3.180218,-0.8949662,2.5604494,-1.4623244,-0.048411906,-0.9918382,-1.284488,-0.87160593,DOG2
DOG2::44_1412__Tumor,-3.8520958,3.2976525,0.38551128,0.10946034,-0.41926125,2.6097207,0.88257754,0.07825814,DOG2
DOG2::45_1024_tumor,-1.0246305,1.2436208,1.4118205,-0.16238207,0.12895845,-2.5025835,-1.7896366,-1.7222466,DOG2
DOG2::46_1405_tumor,3.7698765,-3.6076844,-2.0932875,-0.0071626105,0.661093,1.9286913,0.1993059,-0.46131054,DOG2
DOG2::46_1703__Tumor,-2.459516,-0.6101624,0.827846,0.7572648,-0.8829556,2.1184351,2.641013,0.63782215,DOG2
DOG2::47_1709__Tumor,7.9521832,-2.012217,-4.3324366,-4.8333783,-2.713105,-1.4327269,1.1146847,1.8543042,DOG2
DOG2::47_2321_tumor,1.8679597,2.3322072,-0.38879618,-0.4272376,-0.29995328,1.7317773,0.109977886,2.0996263,DOG2
DOG2::48_0705_tumor,0.99925435,2.3052068,-0.3930876,3.1495945,-0.005881576,-0.6389404,-1.1681406,0.90453225,DOG2
DOG2::48_1712__Tumor,2.302875,-1.8436171,2.1636586,0.025049074,0.4062125,-0.526833,-1.9120609,-1.1301067,DOG2
DOG2::49_1803__Tumor,3.5261698,2.550938,0.75115424,-0.8806811,-2.1780837,0.16155222,-1.4908682,-2.082009,DOG2
DOG2::49_1903_tumor,-0.96265626,3.737553,-0.55624944,1.1643687,0.24611896,-3.588478,-0.706537,-0.71824604,DOG2
DOG2::4_0214__Tumor,-0.96838677,-0.90841794,-1.2980275,-2.1387696,0.27931285,1.4859412,0.48212293,-0.9363342,DOG2
DOG2::4_0215_Tumor,-4.6278267,1.7210015,-2.4019065,-0.5843764,-0.6021038,0.85175574,2.3707013,1.0225074,DOG2
DOG2::50_0703_tumor,-0.82206255,-0.12848035,0.6387631,2.641623,0.26160425,-0.014670203,-0.6144987,-1.1263508,DOG2
DOG2::50_1805__Tumor,-1.5193906,0.36350974,0.6416324,1.8478009,0.161687,2.0259676,0.15204069,-0.6457814,DOG2
DOG2::51_0803_tumor,2.9868844,0.9183653,0.2124949,2.3312283,-0.856781,-0.76064336,-0.5837824,0.0477052,DOG2
DOG2::51_1902__Tumor,1.198694,-2.2649686,-1.8208871,1.2701159,-0.22238486,-3.7606115,-1.7849475,1.3971618,DOG2
DOG2::52_2006__Tumor,2.3919446,2.1049063,-0.38586327,1.543675,-1.8816341,-0.22136468,-1.1681956,-0.69017535,DOG2
DOG2::52_2317_tumor,1.7147815,-0.62861776,0.19688918,-1.0634545,4.0672884,-2.4276457,-2.3437562,0.4546857,DOG2
DOG2::53_0717_tumor,-1.0756828,-0.6565375,2.196092,-1.144711,-0.91688037,-0.9746444,0.95976543,-0.7662356,DOG2
DOG2::53_2011__Tumor,-2.7431185,-0.89898354,1.2056867,0.98669463,-0.4480655,0.19779235,-0.11900245,-1.7073514,DOG2
DOG2::54_1013_tumor,-0.5292583,-4.775078,0.8250138,0.54766536,2.38541,-3.121011,-1.8164057,-0.056402914,DOG2
DOG2::54_2303__Tumor,1.3173068,5.003405,0.04176111,1.7294182,-1.1807271,-3.224958,-1.503724,0.66726166,DOG2
DOG2::55_2307_tumor,2.2259989,1.7372924,0.013694404,2.0942097,-0.9328224,0.48823252,1.2297741,1.5249695,DOG2
DOG2::55_2308__Tumor,1.9816374,3.1637523,-1.3533621,0.4516387,-1.4944444,-3.8254092,-0.24649195,-0.53765863,DOG2
DOG2::56_1001_tumor,-1.1385458,-1.7029964,-0.35681364,-1.837089,-2.2828293,4.033646,1.7847558,1.2331052,DOG2
DOG2::57_0709_tumor,-3.0381765,-3.7732618,0.4272551,-1.5555699,-0.63569325,0.29455143,-0.1519691,-0.40142456,DOG2
DOG2::58_1104_tumor,-4.6012683,1.5434216,-0.84342253,1.1654124,-1.0714495,3.1921759,0.47422996,-0.24939592,DOG2
DOG2::59_1003_tumor,-1.8885539,3.6866202,-0.50400203,-0.51756066,0.8961546,-0.007919457,0.95001245,0.9047061,DOG2
DOG2::5_0220__Tumor,0.67222744,-1.466429,-2.9835317,1.6088853,3.125922,0.5796858,1.747976,1.079142,DOG2
DOG2::5_0817_Tumor,-1.9377619,2.733433,0.17843607,-0.03893472,-2.8052452,0.47217646,0.38528156,-1.796648,DOG2
DOG2::60_1415_tumor,-0.9783697,-0.41140777,-0.036752567,1.2511083,-0.36847472,2.827165,0.47199845,-1.7432133,DOG2
DOG2::61_1005_tumor,-2.813499,-0.9929422,3.1864877,-4.6565456,-0.046444237,-1.1470646,0.31551626,0.45800972,DOG2
DOG2::62_2003_tumor,-1.9797877,-3.10547,-0.1496358,0.89820284,-0.6494214,1.6233271,-0.5329843,1.1917759,DOG2
DOG2::63_1411_tumor,-7.4707975,0.15045069,-0.1527319,0.19856304,-0.49866602,-0.03927198,1.5146973,1.9821656,DOG2
DOG2::64_1009_tumor,-6.088882,0.5780601,-0.13849609,-2.883884,-0.29506943,0.9082249,2.1667078,1.3079878,DOG2
DOG2::65_2009_tumor,-2.9822369,0.58941305,-0.57483923,-2.6215029,-1.6951786,1.9190946,0.9829283,-0.34759837,DOG2
DOG2::66_0206_tumor,4.1070247,-2.1910093,1.1703514,1.7174811,1.5980866,-2.4975443,-0.8094096,1.4411471,DOG2
DOG2::67_1909_tumor,5.115588,-0.40090576,-0.6372956,0.6869356,-0.4363273,1.1681138,-0.1872678,-1.2906308,DOG2
DOG2::68_0210_tumor,4.463544,3.684652,-1.2048653,0.48021808,0.07820888,-0.70516545,-1.5924041,-0.23677197,DOG2
DOG2::69_0222_tumor,0.27746427,-2.0232327,-0.7571065,1.5480987,2.3686504,-1.5301883,-1.0772918,-1.394966,DOG2
DOG2::6_0305__Tumor,-4.414021,2.7085636,-0.27473375,1.3210415,-1.7374051,-0.35990357,1.2370342,0.3943971,DOG2
DOG2::6_1012_Tumor,-2.1572995,-0.0025496192,2.5813828,-2.743468,-0.35877377,-5.5251384,-1.138918,-2.596338,DOG2
DOG2::70_0225_tumor,2.3213325,-1.2339908,-1.0817603,1.3955286,0.11521372,1.8801292,-0.9192932,0.259818,DOG2
DOG2::71_0643_tumor,0.39041492,-1.5943648,-0.057533365,1.6158638,1.931271,1.9424634,-1.5854589,-0.03214384,DOG2
DOG2::72_0732_tumor,2.9670334,-1.7354137,3.282179,-1.3591785,-1.4862401,-2.6194646,-0.24151179,2.2538283,DOG2
DOG2::73_0813_tumor,-1.0676713,-1.4047378,1.5189191,0.49356,-0.37640652,0.18860996,0.3597295,-2.091882,DOG2
DOG2::74_0815_tumor,1.7906213,-2.1257467,-0.7774891,-0.012510454,0.050333932,1.1926125,-1.5915371,-2.3375664,DOG2
DOG2::75_0819_tumor,1.4240402,-0.14511408,0.9256744,-1.9904188,1.2080085,-1.7639437,-1.1300999,0.053654425,DOG2
DOG2::76_1106_tumor,3.5801413,3.527354,-0.4045026,-0.6454361,-0.7984222,2.025888,-0.7026921,2.211207,DOG2
DOG2::77_1417_tumor,2.2109265,-5.0033503,0.89045984,-1.4553407,1.7182138,0.43905735,-0.63789666,0.61763555,DOG2
DOG2::78_1419_tumor,0.45710403,-2.1783488,3.603942,-1.2000114,-1.195384,-2.8642383,-0.77835965,0.08457864,DOG2
DOG2::79_1713_tumor,2.8739169,-2.3643854,1.2796746,-0.23365834,2.0206978,-2.7982337,-0.42208722,-0.04761145,DOG2
DOG2::7_0309__Tumor,-1.3530295,-0.61872923,-1.1539677,2.1685894,1.3540323,2.3645115,0.62059575,1.3029168,DOG2
DOG2::7_1022_Tumor,-7.488583,0.722838,0.1795111,-1.0799711,0.8240619,0.06624627,1.1422968,1.695015,DOG2
DOG2::80_1806_tumor,2.6466324,-0.11328668,-1.8325723,2.3405468,2.1532443,2.0612423,-0.63290256,1.1866157,DOG2
DOG2::81_1904_tumor,2.6276855,5.8751774,-1.4970145,-0.2010189,-0.46804315,-1.4066887,-1.8516525,0.027675718,DOG2
DOG2::82_1905_tumor,-2.4379883,0.39504758,0.005894501,2.898409,-1.9345833,-2.730039,1.1999569,1.4850168,DOG2
DOG2::83_1907_tumor,-1.100464,-2.2849324,0.2355171,1.2831203,0.3211577,1.5563716,-0.14130077,-1.3092479,DOG2
DOG2::84_1908_tumor,3.214813,2.248155,-0.71687526,1.1957978,1.8359712,1.3780326,-0.7098137,0.54984677,DOG2
DOG2::85_2205_tumor,-1.1383231,0.38649213,2.816056,-0.46358162,-0.81166977,-0.35287258,0.06463727,1.1042175,DOG2
DOG2::86_2215_tumor,0.4395269,-1.6453627,-0.36083832,-0.8877062,2.084124,2.3855906,0.88936347,-0.8170689,DOG2
DOG2::87_0204_tumor,1.8383243,-2.1122007,1.7817342,-0.93254244,-0.961274,0.8623803,-0.15823749,-0.60459334,DOG2
DOG2::88_0712_tumor,-4.0822883,0.7991863,-2.312086,-2.658657,0.09848297,1.6603173,-0.41985777,0.46307197,DOG2
DOG2::89_0216_tumor,1.1166192,1.7697506,-0.87430423,-0.008697231,1.8692933,1.2019823,0.18803146,1.6447598,DOG2
DOG2::8_0335__Tumor,5.4103293,4.7419324,-1.3208808,-0.26006395,-0.6750912,-1.9511381,-0.36150244,-0.2402007,DOG2
DOG2::8_2202_Tumor,-2.8208702,2.598179,-0.37512282,1.4304621,-1.0673711,-0.30335164,-0.7073031,-1.17795,DOG2
DOG2::90_0224_tumor,0.25838628,-1.2394106,1.4530672,1.1348778,0.70940083,0.68268335,0.2308272,-0.7601573,DOG2
DOG2::91_0402_tumor,-3.0838962,0.5358435,-0.34133887,1.8071306,-1.4642003,2.0715582,-0.521107,-0.810915,DOG2
DOG2::92_0404_tumor,-0.5521055,2.6584485,-0.7569095,0.12610626,-1.9061645,0.7291734,1.0211766,2.0854564,DOG2
DOG2::93_0406_tumor,-0.020349272,2.7237737,-0.7564334,0.6870065,1.7723392,0.9048979,-0.035842337,-0.10189368,DOG2
DOG2::94_0410_tumor,-1.4520781,-4.0269117,1.6121123,-0.3466812,1.011423,0.62433434,-0.83178055,0.106352985,DOG2
DOG2::95_0411_tumor,2.0453095,-1.1948389,2.7087703,0.6457528,0.9779522,-2.8045685,-1.2149283,2.4667084,DOG2
DOG2::96_0606_tumor,-1.2298816,0.39762983,-1.5253205,1.0720307,0.5743838,0.1680853,3.1848116,0.8452221,DOG2
DOG2::97_0618_tumor,-3.7483807,-3.1027162,1.2238288,-0.75730175,-0.9561003,-0.102608,0.64852303,1.531713,DOG2
DOG2::98_0306_tumor,-1.5980582,-1.5743098,0.65548015,-0.26330212,0.73434824,2.8419633,1.3977274,-0.54567814,DOG2
DOG2::99_0318_tumor,-0.6849702,-0.4633418,0.31116644,-2.0974922,-2.7157319,-1.7894177,1.3878146,-2.440994,DOG2
DOG2::9_0510__Tumor,3.8688278,-1.982835,-1.4373926,-1.1862044,-2.5568461,0.54297197,2.2466724,0.22150967,DOG2
DOG2::9_2312_Tumor,-0.7992351,-0.8808479,0.9915996,0.76605684,1.4091471,-1.4410799,-1.7803336,-1.0489151,DOG2
TARGET_OS::TARGET-40-0A4HLD,-2.058549,0.81913954,-1.2942686,-1.7127248,0.88026434,0.1645101,-0.026052324,0.5578321,TARGET_OS
TARGET_OS::TARGET-40-0A4HMC,1.5060005,-2.0593884,-1.2376645,0.46451095,0.584763,-1.0707346,0.305036,0.23161295,TARGET_OS
TARGET_OS::TARGET-40-0A4HX8,-0.16405803,-0.008439339,1.0819108,0.36826017,-1.1676667,2.6483958,-0.87409383,-0.68655634,TARGET_OS
TARGET_OS::TARGET-40-0A4HXS,-0.42162108,1.0592207,1.1826007,0.36221346,-0.51202464,-1.0791342,1.5249507,1.6954821,TARGET_OS
TARGET_OS::TARGET-40-0A4HY5,-0.5350499,1.9947922,-0.28847373,-0.9846459,1.2137032,1.791479,-0.2981,0.5247883,TARGET_OS
TARGET_OS::TARGET-40-0A4I0Q,-0.4729016,3.3612885,1.2695423,0.6552652,0.4716027,-0.690777,0.1501159,0.9063018,TARGET_OS
TARGET_OS::TARGET-40-0A4I0S,5.8816295,-0.8924464,0.4756193,1.2371862,2.8858836,-1.2904629,-1.2109432,0.7099383,TARGET_OS
TARGET_OS::TARGET-40-0A4I0W,0.7355901,2.4820461,-1.5664309,-1.7456162,1.6325568,-1.6657009,-0.18506774,-1.6956158,TARGET_OS
TARGET_OS::TARGET-40-0A4I3S,1.2451379,2.2832022,-0.4389428,-0.82232213,-0.8095477,1.485544,-0.9062247,0.031584162,TARGET_OS
TARGET_OS::TARGET-40-0A4I42,-0.82919884,-2.3344843,0.089616746,1.8373282,-1.8647007,-0.38357064,-1.67386,0.79102093,TARGET_OS
TARGET_OS::TARGET-40-0A4I48,3.098628,-0.48238292,1.7309655,0.70445895,-1.4538993,0.62900287,0.68597406,-1.2596076,TARGET_OS
TARGET_OS::TARGET-40-0A4I4E,-1.9034723,3.0550063,0.78988886,-0.4415191,-0.36786437,-0.50178313,-0.32295772,-1.5979173,TARGET_OS
TARGET_OS::TARGET-40-0A4I4M,3.0950549,-1.3906318,-0.52621645,-0.6096155,-1.3849834,-0.36223376,0.6755321,-2.1732893,TARGET_OS
TARGET_OS::TARGET-40-0A4I4O,-0.4573448,0.9647812,1.6935258,0.5012418,0.9426537,2.6350574,0.88484937,1.4502336,TARGET_OS
TARGET_OS::TARGET-40-0A4I5B,2.7245183,-0.7004799,1.6067898,1.3951035,-1.8409717,3.0354683,-0.66400796,-0.8344371,TARGET_OS
TARGET_OS::TARGET-40-0A4I65,-1.0249094,-0.13419838,-0.11305451,1.5943654,0.37653768,-0.089112416,-0.4186616,0.17935395,TARGET_OS
TARGET_OS::TARGET-40-0A4I6O,-0.6239161,3.7095513,0.47436303,-0.9961499,2.0305474,-0.6617327,-0.87113434,1.2376518,TARGET_OS
TARGET_OS::TARGET-40-0A4I8U,0.3200333,-0.92204434,-0.30142173,0.77683395,-0.3462461,-1.3082387,0.63570964,0.7400486,TARGET_OS
TARGET_OS::TARGET-40-0A4I9K,1.1676614,-1.3310418,2.3313975,1.0740378,1.8768843,-1.0078942,-0.4275102,0.54973793,TARGET_OS
TARGET_OS::TARGET-40-PAKFVX,-1.5837064,-4.2403955,-2.6032345,0.54456997,1.5319544,-2.6677127,0.028000934,0.113746025,TARGET_OS
TARGET_OS::TARGET-40-PAKUZU,-0.6316119,-0.25045088,-0.6380787,0.04525296,-1.2958932,-1.6088104,0.047640946,-2.3277194,TARGET_OS
TARGET_OS::TARGET-40-PAKXLD,-3.7197049,2.7583869,0.29049432,-0.4807873,-0.22558059,0.059818905,-0.113298304,0.21697402,TARGET_OS
TARGET_OS::TARGET-40-PAKZZK,0.679792,0.099823296,0.41734707,0.1342592,-1.964223,-1.2050954,0.6075353,-0.29318023,TARGET_OS
TARGET_OS::TARGET-40-PALECC,0.4778018,-2.3917632,-1.3719136,0.43864542,1.8001771,-1.0141667,0.5420636,-1.0146828,TARGET_OS
TARGET_OS::TARGET-40-PALFYN,3.2324593,1.6034507,-0.33318165,-0.89137334,0.9680619,-0.38829076,1.3611312,-1.4123198,TARGET_OS
TARGET_OS::TARGET-40-PALHRL,-1.837394,-1.5593462,-2.8333745,-1.0658484,0.9361272,-1.6726984,3.1626227,0.5832815,TARGET_OS
TARGET_OS::TARGET-40-PALKDP,-2.9426455,-0.2666883,0.10166448,-0.65861255,-1.5408746,0.9550854,-2.0505047,0.017259402,TARGET_OS
TARGET_OS::TARGET-40-PALKGN,2.2414935,0.3207452,-0.8857652,-0.8843184,0.26045892,-1.0894822,4.103461,-2.2376194,TARGET_OS
TARGET_OS::TARGET-40-PALWWX,1.2998093,2.2293344,-0.06928457,-1.6653924,2.697919,1.8122306,0.64624405,0.70251197,TARGET_OS
TARGET_OS::TARGET-40-PALZGU,0.6774257,-1.2899399,1.0422158,-0.07019057,-1.6560194,1.9800872,0.45253867,-1.4098753,TARGET_OS
TARGET_OS::TARGET-40-PAMEKS,0.40815273,3.9547834,1.0033377,-1.3511782,2.9971168,2.1004894,-1.9178761,-1.9759799,TARGET_OS
TARGET_OS::TARGET-40-PAMHLF,-0.10749681,2.2832243,2.090193,1.085224,-0.21772769,0.048411828,0.70806664,0.49963206,TARGET_OS
TARGET_OS::TARGET-40-PAMHYN,0.020275876,0.1265962,-0.5260264,0.07154422,-0.3267859,-1.2973962,1.4315238,0.42753825,TARGET_OS
TARGET_OS::TARGET-40-PAMJXS,0.036254562,-1.8290277,0.9744788,2.0883927,1.4253747,1.4719625,-0.9137423,-0.36224353,TARGET_OS
TARGET_OS::TARGET-40-PAMLKS,-4.2962427,-1.3499193,-4.393698,-2.882873,-1.4279295,-1.7954361,1.6874311,1.4046329,TARGET_OS
TARGET_OS::TARGET-40-PAMRHD,1.035697,-2.1460505,-0.17013559,1.6841849,-1.554372,0.20369965,-1.1543503,-1.2197299,TARGET_OS
TARGET_OS::TARGET-40-PAMTCM,-4.413371,2.7525408,-0.38848716,-0.9667566,1.6082647,0.28430495,0.3873604,1.0817361,TARGET_OS
TARGET_OS::TARGET-40-PAMYYJ,-0.9410961,-1.035664,0.6746912,1.2227445,-0.5659597,-0.2729485,-0.13816585,0.8243339,TARGET_OS
TARGET_OS::TARGET-40-PANGPE,0.42892218,0.21845019,1.0951151,1.7032355,1.3787205,0.7072641,-0.5555146,-0.2273623,TARGET_OS
TARGET_OS::TARGET-40-PANGRW,0.27466634,-0.30669385,-1.415295,0.7817369,2.007201,-2.3979483,0.0686059,0.37392122,TARGET_OS
TARGET_OS::TARGET-40-PANMIG,-0.5791063,2.9903922,0.7661205,0.38207328,1.9848201,-1.9474144,0.45603678,0.7085746,TARGET_OS
TARGET_OS::TARGET-40-PANPUM,-1.4540533,1.4196376,2.0024107,0.93441474,-0.030672453,0.48568517,-0.010505856,-1.1662577,TARGET_OS
TARGET_OS::TARGET-40-PANSEN,0.07619954,2.8630395,1.4096868,-0.023413047,0.07369262,1.4209863,-0.75670546,1.0857207,TARGET_OS
TARGET_OS::TARGET-40-PANVJJ,1.4162667,3.3111181,1.3340174,-0.21600628,1.4049059,0.23364474,-0.21356747,0.8629719,TARGET_OS
TARGET_OS::TARGET-40-PANXSC,2.2491274,-0.65916115,-1.000147,-0.69565207,-0.62538683,0.12819448,1.1582723,-0.32297763,TARGET_OS
TARGET_OS::TARGET-40-PANZHX,3.2198596,-1.2652394,-0.31747717,1.1400286,1.5595349,-0.2503446,0.3505298,-0.5091992,TARGET_OS
TARGET_OS::TARGET-40-PANZZJ,0.07567045,1.0676191,-1.2214534,0.32917416,0.4648356,-1.5036014,2.4133484,0.9984745,TARGET_OS
TARGET_OS::TARGET-40-PAPFLB,-0.17653911,-0.80900806,0.5728591,0.38612723,-0.7868798,3.5960722,0.48300567,2.8340516,TARGET_OS
TARGET_OS::TARGET-40-PAPIJR,3.3587248,-1.8330352,-0.5851024,0.38611686,1.0074874,0.035113946,0.1625765,-1.4612349,TARGET_OS
TARGET_OS::TARGET-40-PAPKWD,-3.4843466,-2.9577122,-2.2126632,-1.1989877,-1.2788593,-0.1822716,-0.9062198,0.70536935,TARGET_OS
TARGET_OS::TARGET-40-PAPNVD,-0.45602673,-1.2892766,-0.6751786,-0.9287957,-2.4310367,0.8521652,-2.2288992,-1.2505809,TARGET_OS
TARGET_OS::TARGET-40-PAPWWC,0.0150492,-2.8610878,-0.5028212,0.40052328,-1.3304439,-0.7663315,-0.10913562,-0.88380295,TARGET_OS
TARGET_OS::TARGET-40-PAPXGT,1.3985287,-1.9161378,-0.33594278,-1.7001663,-2.3680115,-1.3703674,1.588111,1.0165405,TARGET_OS
TARGET_OS::TARGET-40-PARBGW,-0.3615092,-2.611219,-2.8120422,0.0152774975,-1.8692182,-3.7586136,-0.092103824,-0.96688527,TARGET_OS
TARGET_OS::TARGET-40-PARDAX,-1.479092,-2.684647,0.27215478,0.8411607,-2.9839969,0.73691565,-1.5447966,0.49322584,TARGET_OS
TARGET_OS::TARGET-40-PARFTG,0.74595296,-1.5294278,1.2315162,0.42251348,-2.9700067,-0.45777926,-0.017462473,-0.55353016,TARGET_OS
TARGET_OS::TARGET-40-PARGTM,-0.57870793,-2.6568775,0.6301312,0.48621708,2.4227264,0.4684024,-1.4637464,0.108568355,TARGET_OS
TARGET_OS::TARGET-40-PARJXU,-1.182193,4.4140143,2.1870506,-1.0036839,1.9798788,-0.04962276,-1.683965,-0.53302705,TARGET_OS
TARGET_OS::TARGET-40-PARKAF,-0.61758554,-1.8726939,0.59713423,1.9152006,0.58122534,-0.6518593,-1.2460551,-0.4776727,TARGET_OS
TARGET_OS::TARGET-40-PASEBY,1.4462138,-1.8886933,0.5835787,-0.13274297,-0.4735904,1.446054,0.38445485,-0.8712758,TARGET_OS
TARGET_OS::TARGET-40-PASEFS,-2.8578937,2.1285214,-1.2307142,-2.8633952,-1.5528768,2.3611088,-2.359649,-0.6337575,TARGET_OS
TARGET_OS::TARGET-40-PASFCV,4.972406,1.8026986,1.4619279,-0.56931865,2.0136206,1.7166675,0.36536294,0.5982188,TARGET_OS
TARGET_OS::TARGET-40-PASKZZ,0.46787846,2.4580092,1.2383782,1.4868401,1.5222929,0.018980542,-0.3490119,-0.48201084,TARGET_OS
TARGET_OS::TARGET-40-PASNZV,1.3617834,-3.1046526,0.7359202,1.6602613,-2.178513,1.3626243,-0.33133653,1.1163763,TARGET_OS
TARGET_OS::TARGET-40-PASRNE,1.8635372,-1.6535046,0.31561288,1.16895,-0.9582118,1.0111903,-1.2523143,-0.2739197,TARGET_OS
TARGET_OS::TARGET-40-PASSLM,-1.9360565,0.53239614,0.24731426,1.0773687,0.7101177,2.3271801,-1.5544871,0.990339,TARGET_OS
TARGET_OS::TARGET-40-PASUUH,0.19445877,-1.7604162,-2.1208549,-1.548195,-2.0674772,-0.21159744,3.4792411,3.132489,TARGET_OS
TARGET_OS::TARGET-40-PASYUK,5.748226,0.64968926,0.37083676,-0.7216182,-1.155526,1.2448943,0.09115949,0.4899313,TARGET_OS
TARGET_OS::TARGET-40-PATAWV,0.16238353,2.793031,-0.10431755,-2.941021,2.1289632,2.362342,-0.8651815,0.4232986,TARGET_OS
TARGET_OS::TARGET-40-PATEEM,0.4643638,0.1150858,1.1888974,0.49896988,-1.1090459,0.13704781,-0.9158463,-0.47995254,TARGET_OS
TARGET_OS::TARGET-40-PATJVI,2.760541,1.3137624,-1.1568354,-3.8982828,0.6418134,1.7317865,-0.35859287,-0.2922133,TARGET_OS
TARGET_OS::TARGET-40-PATKSS,-4.681083,1.3181442,0.7723644,0.5750158,0.04381815,0.1350805,0.13409543,1.5621017,TARGET_OS
TARGET_OS::TARGET-40-PATMIF,3.4459808,-0.6493347,0.04607884,-0.5621189,0.45108566,1.8890741,0.9340785,-1.0817262,TARGET_OS
TARGET_OS::TARGET-40-PATMPU,-0.7673494,-2.725679,0.45970556,1.5899261,-1.9773784,1.4005622,-1.6388758,0.6490562,TARGET_OS
TARGET_OS::TARGET-40-PATMXR,-1.1990825,-2.1370535,0.6390099,1.5945731,-3.1399171,1.4346472,-1.3882098,0.79661024,TARGET_OS
TARGET_OS::TARGET-40-PATPBS,1.0293516,-1.2656705,0.92066807,1.9593211,2.3174005,1.4499183,-1.8787029,0.7844559,TARGET_OS
TARGET_OS::TARGET-40-PATUXZ,-1.7394942,-1.3544539,-0.2522358,0.1652409,-3.2165427,-0.45068797,-1.7921687,0.19106068,TARGET_OS
TARGET_OS::TARGET-40-PAUBIT,1.2440852,2.9010649,2.406095,-0.3287843,1.7011516,0.19465071,1.3077831,0.6090778,TARGET_OS
TARGET_OS::TARGET-40-PAUTWB,3.6828198,-1.3660874,1.08446,0.8711381,-1.1280429,0.4921114,1.0466008,-2.1837385,TARGET_OS
TARGET_OS::TARGET-40-PAUTYB,-0.68637884,-2.8913548,-2.289622,0.2909317,-2.2904248,-2.9402332,1.9530929,0.25634593,TARGET_OS
TARGET_OS::TARGET-40-PAUUML,-4.050438,2.4938529,0.6698544,-0.08157709,-0.25297546,1.1495332,-0.9014893,0.7743092,TARGET_OS
TARGET_OS::TARGET-40-PAUVUL,-2.3503985,-2.5812824,-2.0558634,-0.7795348,-1.0790402,-1.03325,-0.71800315,0.041924473,TARGET_OS
TARGET_OS::TARGET-40-PAUXPZ,-3.267318,-0.92971027,-1.6944016,-0.40050656,0.4428868,-4.078415,0.53367,-0.3181006,TARGET_OS
TARGET_OS::TARGET-40-PAUYTT,-4.1380324,1.1319997,-1.9071085,-2.012003,0.15680276,-3.1392365,0.9184649,-1.6964774,TARGET_OS
TARGET_OS::TARGET-40-PAVALD,-6.2105837,1.971623,0.051508393,-0.64208543,0.9591654,0.034257658,0.4175966,1.6484314,TARGET_OS
TARGET_OS::TARGET-40-PAVCLP,1.4391379,-0.10686881,0.431941,1.0431573,1.5448091,-0.21396855,1.4835994,-0.97104573,TARGET_OS
TARGET_OS::TARGET-40-PAVDTY,-0.61732256,-1.150503,-1.6826603,-0.4121295,0.7636421,-2.5820718,1.5687199,-0.056110468,TARGET_OS
TARGET_OS::TARGET-40-PAVECB,0.40932792,3.6802025,0.5094052,-0.5011761,2.3938959,-2.760676,-0.027090311,-0.5350463,TARGET_OS
GSE21257::GSM530667,0.5138278,-0.22867027,0.79220253,1.4308898,2.4777954,0.9341901,-0.2522457,-1.5078729,GSE21257
GSE21257::GSM530899,-1.7627147,1.9721342,-0.6004059,0.12520857,2.484137,0.47219127,-1.4226662,0.51253843,GSE21257
GSE21257::GSM531283,-3.68299,-1.6608703,0.51504886,1.3788605,0.589088,1.1411123,-2.0832427,-1.6842442,GSE21257
GSE21257::GSM531284,-1.2176641,2.5618763,0.754085,-0.5746184,2.1299856,1.7186775,-0.28600368,0.1748495,GSE21257
GSE21257::GSM531285,-2.465991,-2.1421907,-1.2646271,0.4790753,-1.1953688,0.22288743,-1.3988636,1.000451,GSE21257
GSE21257::GSM531286,-3.312281,3.807097,0.5525805,0.21006872,-0.2651213,-0.97024095,-0.500547,-0.69820297,GSE21257
GSE21257::GSM531287,0.52727455,0.25226,1.1125832,1.6629792,-0.9167555,-0.52174574,-0.6940522,0.29825214,GSE21257
GSE21257::GSM531288,1.6890602,3.3603776,0.9825887,-0.7263336,-0.08326381,0.016931199,-0.5926659,-2.4969969,GSE21257
GSE21257::GSM531289,-3.27117,0.24563739,1.3488542,0.87323326,0.05377824,0.64477783,-0.88606423,0.21925701,GSE21257
GSE21257::GSM531290,-5.4033546,-1.7367718,-1.3943658,-0.8453566,-2.8949168,1.4168476,-3.0921175,2.317463,GSE21257
GSE21257::GSM531291,0.71771085,0.20110476,-0.4306515,0.16458209,-2.0101624,-0.651051,-1.6715122,-0.9310163,GSE21257
GSE21257::GSM531292,0.10702975,0.5976428,0.44464123,0.07942601,-0.8586858,-0.18029197,0.31613848,0.19528224,GSE21257
GSE21257::GSM531293,0.17580727,-1.4583408,0.22299698,2.7037024,-0.6443374,0.040081404,-1.511752,-1.681211,GSE21257
GSE21257::GSM531294,-2.0524976,0.29736212,-1.6992495,-1.15374,-1.7135895,1.8128467,-2.3444784,-0.22254781,GSE21257
GSE21257::GSM531295,-3.0508962,1.4738408,0.9476446,1.3020427,-1.721561,0.13675544,-1.2144916,0.18173206,GSE21257
GSE21257::GSM531296,0.6950119,-1.4128603,0.5698385,2.185154,1.2017883,1.2381865,-1.9276139,0.47102162,GSE21257
GSE21257::GSM531297,0.39759162,3.143491,0.9667506,1.1183205,1.93127,0.0047630686,-1.4469392,-0.36852047,GSE21257
GSE21257::GSM531298,-2.9549532,2.812222,0.4256536,-2.1936855,-1.5294799,-1.9050077,-2.2102218,-1.5714068,GSE21257
GSE21257::GSM531299,-2.2056158,1.9865341,0.25151289,-0.4741289,0.5556535,-0.29687694,1.8677117,-2.1805625,GSE21257
GSE21257::GSM531300,-1.9941608,-1.7825434,0.29719335,0.3491492,1.0023305,-1.563511,1.3045418,-1.5952059,GSE21257
GSE21257::GSM531301,-0.13588257,0.21543959,0.5764326,-0.47755978,0.22802807,0.92842346,1.6101991,-2.6899993,GSE21257
GSE21257::GSM531302,4.131813,0.60479194,0.26464742,-2.5948765,-1.8321916,-1.4852036,1.4160472,-1.0955224,GSE21257
GSE21257::GSM531303,4.3268194,-2.375226,-0.66159093,-1.3365965,2.979054,-1.0416278,2.1003468,0.8268612,GSE21257
GSE21257::GSM531304,3.0316153,1.2161722,-0.38541162,-1.992921,1.8693178,-1.254346,2.2398593,-1.0312978,GSE21257
GSE21257::GSM531305,4.6027894,1.029917,0.7854772,-1.2802075,0.6423241,-2.620762,2.3845782,1.0871009,GSE21257
GSE21257::GSM531306,-1.3039559,-2.9647403,-1.8843048,-1.6586993,-1.653015,1.7567697,0.80288506,0.5447445,GSE21257
GSE21257::GSM531307,2.2710078,1.6387222,0.95016503,0.3287557,0.23992424,0.6379278,-0.7946458,0.73960185,GSE21257
GSE21257::GSM531308,-0.775719,-2.951494,-1.2017545,-0.30640563,2.172114,0.3924731,1.4237959,-0.11663115,GSE21257
GSE21257::GSM531309,3.6498976,0.19566655,1.3264401,-0.060131017,-0.7842833,-2.046091,3.2890444,-0.6634249,GSE21257
GSE21257::GSM531310,1.0694882,-2.2238128,-0.017873304,1.113486,-0.9176925,0.18143728,1.5493473,0.7606017,GSE21257
GSE21257::GSM531311,0.9911708,-0.7016023,-1.1804869,-0.3394479,4.158382,0.46626857,0.74561745,-1.4109746,GSE21257
GSE21257::GSM531312,-2.5083303,-3.1130474,-0.9551441,-0.28104174,-0.21595286,-1.1477705,0.9623782,0.10603897,GSE21257
GSE21257::GSM531313,2.2774663,0.046088874,-0.78664,-2.31272,1.2013447,1.2205241,1.5241127,0.72851396,GSE21257
GSE21257::GSM531314,0.016175207,1.8598758,0.61418515,-0.6000005,-0.24063525,-0.60857856,0.74998266,-0.09165819,GSE21257
GSE21257::GSM531319,-0.6363986,-2.4071832,-0.47502574,0.48929083,-0.73731226,0.35648805,-1.3788147,0.6304891,GSE21257
GSE21257::GSM531320,1.6421752,0.13764755,0.9553135,1.4668084,0.3429332,-1.4618969,1.5897816,0.5142565,GSE21257
GSE21257::GSM531321,5.2532773,-0.76883644,-0.540755,-0.06487067,0.41072744,-0.21249267,-0.13488142,1.8380986,GSE21257
GSE21257::GSM531322,0.3662347,-3.0938685,0.6861575,0.85318446,-0.9195551,0.3154839,-0.39466858,1.2900585,GSE21257
GSE21257::GSM531323,2.123296,1.6006024,0.78174317,0.66688746,0.598941,-0.63774854,2.0388684,0.6448758,GSE21257
GSE21257::GSM531324,1.4635189,-1.5800519,0.65693253,2.0766168,-1.9019953,-1.1538801,1.5829638,-0.39013845,GSE21257
GSE21257::GSM531325,-1.5712377,1.5818151,0.8401713,0.08330917,0.24147347,0.041398562,1.3429964,-0.4859017,GSE21257
GSE21257::GSM531326,-0.16079223,-2.111088,-0.56660336,1.4618813,-2.02042,-0.2743444,-2.3036478,1.3442557,GSE21257
GSE21257::GSM531327,-4.453731,-1.8922657,-1.8937219,-0.38561356,-3.2842603,1.0376505,-3.0389295,1.939041,GSE21257
GSE21257::GSM531328,1.1836909,2.1957793,-0.67199117,-1.3014026,1.4034657,1.240791,-2.3881361,1.3019376,GSE21257
GSE21257::GSM531329,-5.7239413,1.1618425,-0.39771935,-0.6019312,-0.82682675,0.6266555,-1.9828943,1.9370339,GSE21257
GSE21257::GSM531330,3.0633576,-1.0624232,-0.6649988,-0.102262616,1.0282296,-0.50883466,1.5607111,0.3686812,GSE21257
GSE21257::GSM531331,-1.0284035,0.7472532,0.5965619,0.08468601,-0.11170957,-2.261525,1.8178215,-0.117600985,GSE21257
GSE21257::GSM531332,1.7584366,2.1350908,0.80430245,0.40622655,-0.64817446,-0.7032412,1.3779871,-1.1741443,GSE21257
GSE21257::GSM531333,2.5231466,1.1646225,-0.2556113,-0.8367957,0.7069556,0.5842839,1.0884771,0.27546525,GSE21257
GSE21257::GSM531334,-0.846527,0.6612858,0.12809706,-0.38038474,-0.8271578,-0.021430556,0.98044664,0.45832318,GSE21257
GSE21257::GSM531335,2.5069923,1.5354309,-0.528805,-1.4641421,-0.37101316,2.0356386,-1.183115,0.78925675,GSE21257
GSE21257::GSM531351,0.113272525,-1.9138044,-1.0287873,0.36540607,1.4842356,1.5893153,-0.73162067,0.9729218,GSE21257
GSE21257::GSM531352,-0.6697485,-2.8579314,-0.66427636,0.8866422,-1.0078355,0.31672257,0.20019446,-0.26392454,GSE21257
GSE39055::GSM954790,-1.3236567,-1.6607337,0.39492804,0.62682515,-0.4851939,0.4290974,-0.9518458,0.2704564,GSE39055
GSE39055::GSM954791,0.6191534,-1.1589402,0.64880294,0.7913041,-0.7198114,0.9781404,0.32396987,-0.54659986,GSE39055
GSE39055::GSM954792,0.69689786,1.3444527,0.686599,0.24810144,0.4132953,1.4613943,0.41348517,-0.12816073,GSE39055
GSE39055::GSM954793,-1.0931666,-0.29900593,-2.1952083,-1.5106083,0.22088498,-1.0181131,0.05475451,0.58101994,GSE39055
GSE39055::GSM954794,0.9898052,-0.23110391,-0.34957695,0.56414896,-0.0063293558,-0.034885947,-0.14370924,0.3785497,GSE39055
GSE39055::GSM954795,0.8138784,-0.85478526,0.52738583,0.21644938,0.52302146,1.263118,0.33284664,-0.2669655,GSE39055
GSE39055::GSM954796,-1.1565077,-0.19298016,-2.0479243,-2.029829,-0.1273023,-2.5871181,-0.41853005,0.23722231,GSE39055
GSE39055::GSM954797,-0.72677606,0.63690007,-1.0118228,-1.5794874,-0.2047976,-1.7426128,-0.8502147,0.098457016,GSE39055
GSE39055::GSM954798,-0.63753164,1.8022892,1.7405533,0.7344755,0.12896879,-0.14162743,0.24312006,-0.39201874,GSE39055
GSE39055::GSM954799,-1.018564,1.4351742,-0.030633995,0.1874313,0.48592404,-0.14506118,-0.057512727,-0.45470867,GSE39055
GSE39055::GSM954800,-0.97899276,-0.27095,-1.3670634,-1.5232216,0.31461504,-1.5580668,0.37582862,0.6147332,GSE39055
GSE39055::GSM954801,-0.13306591,0.035895918,0.8843847,1.2927679,-0.1230274,0.74681395,0.57997376,-0.03396881,GSE39055
GSE39055::GSM954802,-0.30642474,-1.9935845,0.13468908,1.0570934,-0.27376774,0.07461994,-0.12267778,-0.34339687,GSE39055
GSE39055::GSM954803,0.12706184,0.27174583,-0.19566685,0.86665064,-0.3245517,0.9473005,-0.20509797,0.39054355,GSE39055
GSE39055::GSM954804,-0.32990515,0.4706102,0.19431694,0.70839036,-0.7755856,-0.21958557,-0.6763846,0.027619049,GSE39055
GSE39055::GSM954805,2.261972,0.4422186,1.1582929,0.41558442,0.047777455,2.0016797,0.4098834,0.734355,GSE39055
GSE39055::GSM954806,2.0924888,2.40817,0.49270085,0.3242417,0.06507401,-0.560817,0.23593254,-0.21892175,GSE39055
GSE39055::GSM954807,1.7411927,-0.3313226,1.6777849,1.209416,0.3743258,1.209272,0.23451936,0.04680491,GSE39055
GSE39055::GSM954808,-1.3639066,0.0005791636,-1.0140558,-1.3498683,0.18030788,-1.7731155,-0.078810915,0.54363847,GSE39055
GSE39055::GSM954809,-0.25449756,-1.0707151,-3.0758865,-3.665362,0.4286537,-1.1734555,0.06118566,0.80478823,GSE39055
GSE39055::GSM954810,-2.6240747,-0.5749318,-2.7788403,-4.053888,1.0860577,0.5177237,-0.117997035,0.27419356,GSE39055
GSE39055::GSM954811,0.4903054,-0.17963612,0.017221455,-0.14749344,-0.2610445,-1.1607643,0.4044312,-0.742738,GSE39055
GSE39055::GSM954812,0.38278106,0.17579675,0.4318479,0.8626972,0.06725865,-0.93841654,-0.09918537,0.05749455,GSE39055
GSE39055::GSM954813,0.05046482,1.5050267,1.6769094,1.0748819,0.20742962,0.94932866,0.2972977,-0.35453588,GSE39055
GSE39055::GSM954814,0.23356491,-1.2570298,-1.3638383,-1.0789558,0.22115868,-1.0033953,-0.18441328,0.28784984,GSE39055
GSE39055::GSM954815,0.05692531,-2.1245139,0.10927602,1.4574295,-0.10158263,0.37426865,-0.4055861,-0.20185791,GSE39055
GSE39055::GSM954816,-0.050508056,-0.27459073,0.49721083,1.5805652,-0.67895883,1.4202455,-0.17104599,0.4341086,GSE39055
GSE39055::GSM954817,0.9466618,-0.9784721,1.3716823,1.4010391,-0.076460674,0.55594367,-0.40963513,-0.9122391,GSE39055
GSE39055::GSM954818,0.84334785,1.9076843,0.46146667,0.9719644,-0.12184095,-0.30607158,-0.30273303,-0.4704176,GSE39055
GSE39055::GSM954819,0.049179036,1.4392567,1.2376,1.4766914,0.2850234,1.2308968,0.02624297,-0.28936037,GSE39055
GSE39055::GSM954820,-0.83540875,1.6653873,1.9571478,1.0064266,0.08750694,0.11143896,0.18457264,0.10676756,GSE39055
GSE39055::GSM954821,-1.5765852,-1.0503069,-2.4300437,-2.9835036,0.2259283,-1.1212252,-0.17964785,0.17066683,GSE39055
GSE39055::GSM954822,-0.7559727,-0.20837173,0.7273908,0.5673438,-0.6627622,0.44248825,0.42431098,-0.62931687,GSE39055
GSE39055::GSM954823,0.22778176,-1.0349116,0.47330576,1.0367082,-0.42575568,-0.062233318,0.30999127,-0.38554972,GSE39055
GSE39055::GSM954824,2.194943,1.2023709,1.6641045,-0.22562625,0.3272659,1.0482303,0.3659184,0.022882309,GSE39055
GSE39055::GSM954825,1.9151317,0.17470177,1.1835302,1.4627241,-0.23274274,0.95079213,0.5842912,-0.19406515,GSE39055
GSE39055::GSM954826,-1.5679915,-1.1713742,-2.4885669,-1.9935087,-0.08896271,-1.166227,-0.4875289,0.48267093,GSE39055
